customer_name,year,asof_date,arr
Ferry PLC,2018,2018-01-01,4930.5
Albertson-Belfact,2019,2019-01-01,1782.88
"Alora, Matter and Vertex",2019,2019-01-01,615.69
Auer-Koch,2019,2019-01-01,1393.81
Bahringer-Ankunding,2019,2019-01-01,5629.79
"Bartell, Barrows and Mayert",2019,2019-01-01,8693.82
Barton Group,2019,2019-01-01,2404.59
Barton Inc,2019,2019-01-01,221.61
"Barton, Hammes and Deckow",2019,2019-01-01,8.02
Bayer LLC,2019,2019-01-01,16410.05
"Beier, Boone and Schoen",2019,2019-01-01,50.14
"Beier, Schmidt and Koepp",2019,2019-01-01,807.0
Belfact-Stroman,2019,2019-01-01,1776.87
Bergstrom Group,2019,2019-01-01,191.52
"Bernhard, DuBuque and Green",2019,2019-01-01,1398.04
Bernier Group,2019,2019-01-01,75.21
Bernier-Boyer,2019,2019-01-01,1479.06
Blick PLC,2019,2019-01-01,220.6
"Bogisich, Welch and Beahan",2019,2019-01-01,160.44
"Bon, Runte and Bergstrom",2019,2019-01-01,316.87
Boyle LLC,2019,2019-01-01,4778.09
Boyle-Cronin,2019,2019-01-01,1300.57
"Braun, Leffler and Hessel",2019,2019-01-01,59.16
"Braun, Nader and Hoeger",2019,2019-01-01,2757.56
"Brekke, Hayes and Ankunding",2019,2019-01-01,36.91
Bruen LLC,2019,2019-01-01,474.3
Bruen-Oberbrunner,2019,2019-01-01,7.02
Bundel PLC,2019,2019-01-01,4004.97
Cassle Inc,2019,2019-01-01,613.68
Chechauski-Bergstrom,2019,2019-01-01,324.89
Cole-Towne,2019,2019-01-01,2135.85
"Collins, Pfannerstill and Auer",2019,2019-01-01,1922.27
Connelly PLC,2019,2019-01-01,1406.86
Corwin-Hoeger,2019,2019-01-01,538.48
Corwin-Metz,2019,2019-01-01,1349.7
Cremin-Stracke,2019,2019-01-01,1249.42
Cremin-Wolff,2019,2019-01-01,1923.28
"Cronin, Gaylord and Runte",2019,2019-01-01,280.77
Cronin-Batz,2019,2019-01-01,1884.16
Cummings Inc,2019,2019-01-01,507.39
"Cummings, Bednar and Gerlach",2019,2019-01-01,813.15
"D'Amore, Douglas and Hintz",2019,2019-01-01,456.47
"Deckow, Blick and Ponting",2019,2019-01-01,277.76
Dickens LLC,2019,2019-01-01,452.24
Dicki PLC,2019,2019-01-01,1226.36
Douglas-Muller,2019,2019-01-01,662.81
Ebert-Mohr,2019,2019-01-01,731.01
"Effertz, Lebsack and Mosciski",2019,2019-01-01,506.94
"Effertz, Lind and Auer",2019,2019-01-01,36207.21
"Eichmann, Batz and Canten",2019,2019-01-01,3212.8
Ernser-Huel,2019,2019-01-01,124.34
Ernser-Kertzmann,2019,2019-01-01,247.68
Ernser-Paucek,2019,2019-01-01,278.76
Fadel Group,2019,2019-01-01,4373.05
Fadel Ltd,2019,2019-01-01,258.71
Fadel-Pfannerstill,2019,2019-01-01,1447.97
Fahey-Ponting,2019,2019-01-01,805.21
Feil-Reilly,2019,2019-01-01,341.93
Friesen and Sons,2019,2019-01-01,142.25
"Frost, Agarwaliamson and Hane",2019,2019-01-01,9597.29
"Frost, Strosin and Watsica",2019,2019-01-01,689.89
"Gaverman, Kessler and Rolfson",2019,2019-01-01,112.31
Gaylord LLC,2019,2019-01-01,8828.18
"Gaylord, Reilly and Watsica",2019,2019-01-01,385.86
Gerhold-Agarwal,2019,2019-01-01,268.74
Gerhold-Armstrong,2019,2019-01-01,1771.86
"Gerlach, Reynolds and Cormier",2019,2019-01-01,975.67
"Gibson, Reinger and Boyer",2019,2019-01-01,644.76
"Gleason, Bartoletti and Stoltenberg",2019,2019-01-01,3946.81
Glover Group,2019,2019-01-01,2514.89
"Glover, Jast and Cassin",2019,2019-01-01,1107.04
Goldner Ltd,2019,2019-01-01,12.03
"Goldner, Lueilwitz and McClure",2019,2019-01-01,3050.36
Gorczany LLC,2019,2019-01-01,1930.29
Gorczany-Lind,2019,2019-01-01,3968.0
Goyette-Kassulke,2019,2019-01-01,46.13
Goyette-Rosenbaum,2019,2019-01-01,3443.44
"Grady, Yost and Weber",2019,2019-01-01,3658.02
Grant-Lemke,2019,2019-01-01,1113.05
Green-Cassin,2019,2019-01-01,513.4
Greenfelder Ltd,2019,2019-01-01,3672.51
"Greenfelder, Johns and Buckridge",2019,2019-01-01,783.15
Halvorson Inc,2019,2019-01-01,4434.15
"Hansen, Frami and Ritchie",2019,2019-01-01,269.74
Harris LLC,2019,2019-01-01,2856.83
Hartmann PLC,2019,2019-01-01,1021.8
Hartmann-Murray,2019,2019-01-01,1695.65
Harvey PLC,2019,2019-01-01,62686.75
Hauck PLC,2019,2019-01-01,389.07
Hayes Inc,2019,2019-01-01,200.07
"Hayes, Watsica and Wintheiser",2019,2019-01-01,425.16
Hayes-SchoStantner,2019,2019-01-01,146.4
Hegmann and Sons,2019,2019-01-01,4047.09
Heller and Sons,2019,2019-01-01,1896.1
"Heller, Robel and Mann",2019,2019-01-01,3517.64
Herzog-Bode,2019,2019-01-01,96349.97
Hill-Batz,2019,2019-01-01,1321.62
"Hills, Grimes and Wuckert",2019,2019-01-01,691.89
Hudson Group,2019,2019-01-01,116068.48
Huels-Parker,2019,2019-01-01,2127.83
Jacobi-Butler,2019,2019-01-01,1.0
Jacobi-Tremblay,2019,2019-01-01,3987.67
Jacobs-Emard,2019,2019-01-01,131.36
Jacobson-Pagac,2019,2019-01-01,4432.14
Jakubowski-Schneider,2019,2019-01-01,5.01
Jakubowski-Schultz,2019,2019-01-01,9200.21
"Jenkins, Crooks and Kulas",2019,2019-01-01,451.23
Jerde-Hintz,2019,2019-01-01,11609.8
"Johnston, Casper and Robel",2019,2019-01-01,1524.18
"Kassulke, Heidenreich and Cummerata",2019,2019-01-01,545.49
Kassulke-Barton,2019,2019-01-01,136.0
"Kerluke, Dach and Rogahn",2019,2019-01-01,1562.46
"Kessler, Agarwal and Grady",2019,2019-01-01,537.48
Kiehn-Morissette,2019,2019-01-01,3400.32
Kilback LLC,2019,2019-01-01,286.78
King and Sons,2019,2019-01-01,2651.83
King-Runte,2019,2019-01-01,85.24
Kirlin Ltd,2019,2019-01-01,214.59
"Klein, Goyette and Stoltenberg",2019,2019-01-01,377.93
Koch Ltd,2019,2019-01-01,529.45
"Koch, Flatley and Spinka",2019,2019-01-01,1556.29
Koelpin-Nitzsche,2019,2019-01-01,966.65
Kohler Inc,2019,2019-01-01,1387.2
Konopelski Ltd,2019,2019-01-01,12095.15
Konopelski PLC,2019,2019-01-01,1518.66
Koss-Towne,2019,2019-01-01,5246.38
Kreiger Group,2019,2019-01-01,2917.98
"Kreiger, Zboncak and Stehr",2019,2019-01-01,437.2
Kreiger-Okuneva,2019,2019-01-01,11827.4
Kris Group,2019,2019-01-01,9.02
Kub PLC,2019,2019-01-01,483.32
Kuhlman Inc,2019,2019-01-01,1345.45
Kuvalis-Schroeder,2019,2019-01-01,828.27
Langworth Inc,2019,2019-01-01,209.44
"Langworth, Lueilwitz and Wuckert",2019,2019-01-01,554.51
Larson Inc,2019,2019-01-01,1841.43
Leannon Group,2019,2019-01-01,1577.32
"Ledner, Ebert and Gibson",2019,2019-01-01,3233.62
Ledner-Rowe,2019,2019-01-01,270.74
Lemke Inc,2019,2019-01-01,885.43
"Lemke, Nitzsche and Bergstrom",2019,2019-01-01,1099.01
Lind-Nikolaus,2019,2019-01-01,147.4
"Lindgren, Torphy and Gislason",2019,2019-01-01,6402.55
Littel PLC,2019,2019-01-01,3339.15
"Lowe, Kautzer and Ward",2019,2019-01-01,524.43
Lubowitz Ltd,2019,2019-01-01,1304.94
"Lueilwitz, Yost and McDermott",2019,2019-01-01,1209.31
"Macejkovic, Zamber and Grady",2019,2019-01-01,174.48
"Mackerrel, Schuppe and Agarwal",2019,2019-01-01,3158.66
Mann-Baumbach,2019,2019-01-01,1295.54
Marquardt PLC,2019,2019-01-01,3247.9
Mauston-Mohr,2019,2019-01-01,693.36
Mayer Inc,2019,2019-01-01,1107.03
Mayer-Parisian,2019,2019-01-01,3085.45
McCullough Inc,2019,2019-01-01,6370.45
"McDermott, Weimann and Medhurst",2019,2019-01-01,464.27
McKinnon PLC,2019,2019-01-01,1258.45
Mills and Sons,2019,2019-01-01,517.26
Moen and Sons,2019,2019-01-01,2084.72
Moen-Prosacco,2019,2019-01-01,3020.28
Morissette-Upton,2019,2019-01-01,184.51
"Nitzsche, Prohaska and Lind",2019,2019-01-01,60.16
"Nolan, Gupta and Wisozk",2019,2019-01-01,50.14
"Norman, Lakin and Lesch",2019,2019-01-01,1591.77
"O'Conner, Heaney and Mills",2019,2019-01-01,297.82
O'Keefe-Agarwaliamson,2019,2019-01-01,1925.27
Olson-Gaverman,2019,2019-01-01,4034.05
"Pimpernel, Russel and DuBuque",2019,2019-01-01,185.51
Ponting and Sons,2019,2019-01-01,61.17
"Pouros, Schumm and Feil",2019,2019-01-01,3616.91
"Prohaska, Block and Stracke",2019,2019-01-01,1389.25
"Prohaska, Kunze and Konopelski",2019,2019-01-01,632.73
Prohaska-Hansen,2019,2019-01-01,1514.15
"Purdy, Schneider and Quitzon",2019,2019-01-01,2050.62
"Quitzon, Bon and Trantow",2019,2019-01-01,2013.26
Rau Ltd,2019,2019-01-01,1531.19
"Rau, Wehner and Roberts",2019,2019-01-01,399.1
Reichel-Heidenreich,2019,2019-01-01,6276.19
Reynolds Inc,2019,2019-01-01,20280.56
Robel Inc,2019,2019-01-01,1227.36
Romaguera Inc,2019,2019-01-01,457.25
Romaguera-Durgan,2019,2019-01-01,43.12
"Rowe, Wyman and Rau",2019,2019-01-01,3600.87
"Rumsfeld, Batz and Heaney",2019,2019-01-01,28842.55
"Rumsfeld, Senger and Murazik",2019,2019-01-01,3.0
"Runte, Lueilwitz and Doyle",2019,2019-01-01,395.08
Russel Ltd,2019,2019-01-01,1612.42
Rutherford-Zamber,2019,2019-01-01,889.86
"Sanford, Feest and Dibbert",2019,2019-01-01,125.34
Sauer Ltd,2019,2019-01-01,5598.34
SchamBundelr-Hessel,2019,2019-01-01,820.25
"SchoStantner, McKinnon and Nicolas",2019,2019-01-01,3619.91
Schulist Inc,2019,2019-01-01,1650.05
"Schulist, Luettgen and Miller",2019,2019-01-01,28884.42
Schultz Ltd,2019,2019-01-01,770.11
Schumm-Satterfield,2019,2019-01-01,979.68
Schuppe LLC,2019,2019-01-01,2104.77
Schuppe-Hills,2019,2019-01-01,0.0
Schuster-D'Amore,2019,2019-01-01,20.05
Shanahan-McKinnon,2019,2019-01-01,237.65
Shields-Batz,2019,2019-01-01,361.99
Sipes Group,2019,2019-01-01,1981.43
Skiles and Sons,2019,2019-01-01,853.34
Smitham and Sons,2019,2019-01-01,695.91
"Smitham, Bins and Bins",2019,2019-01-01,56.15
"Smitham, Collier and Kozey",2019,2019-01-01,794.18
Spinka-McClure,2019,2019-01-01,689.89
Sporer LLC,2019,2019-01-01,856.34
"Sporer, Huel and Cremin",2019,2019-01-01,16143.22
Stantner Group,2019,2019-01-01,695.91
Stantner LLC,2019,2019-01-01,1207.31
"Stanton, Homenick and Donnelly",2019,2019-01-01,1123.07
"Thiel, Yost and Mante",2019,2019-01-01,552.51
Torp Ltd,2019,2019-01-01,2291.27
"Toy, Price and Pollich",2019,2019-01-01,1552.25
Treutel-Muller,2019,2019-01-01,72123.53
"Turcotte, Kuhic and Keeling",2019,2019-01-01,183395.89
Ullrich-Zamber,2019,2019-01-01,5634.44
Volkman-Sipes,2019,2019-01-01,1389.8
Waelchi Inc,2019,2019-01-01,14999.1
Weber LLC,2019,2019-01-01,145.4
"Weber, Connelly and Ernser",2019,2019-01-01,3648.99
"Weissnat, Murazik and McDermott",2019,2019-01-01,409.12
Welch and Sons,2019,2019-01-01,389.07
"Welch, Welch and Farrell",2019,2019-01-01,91.25
"West, Hermiston and Hoeger",2019,2019-01-01,2070.67
West-Kihn,2019,2019-01-01,452.24
West-Marks,2019,2019-01-01,18026.39
"Wiegand, Kovacek and Torp",2019,2019-01-01,492.35
"Wilderman, Pollich and Kunze",2019,2019-01-01,331.91
"Wintheiser, Howe and Wisoky",2019,2019-01-01,82354.64
Witting LLC,2019,2019-01-01,13948.21
Wuckert-Hane,2019,2019-01-01,5075.91
Wunsch PLC,2019,2019-01-01,1222.35
Wyman-Bogan,2019,2019-01-01,487.33
Zamber-Cassle,2019,2019-01-01,4594.59
Zboncak Group,2019,2019-01-01,894.45
"Zboncak, O'Conner and Rempel",2019,2019-01-01,2697.39
Zboncak-Corkery,2019,2019-01-01,437.2
Ziemann PLC,2019,2019-01-01,1249.11
Zieme-Hermann,2019,2019-01-01,6548.94
"Aberly, Monahan and Mann",2020,2020-01-01,279.0
Aberly-Canten,2020,2020-01-01,1508.0
Agarwalms and Sons,2020,2020-01-01,525.0
Albertson-Belfact,2020,2020-01-01,7285.0
"Alora, Matter and Vertex",2020,2020-01-01,666.0
Ankunding LLC,2020,2020-01-01,1691.0
Auer Group,2020,2020-01-01,490.03
Auer-Koch,2020,2020-01-01,16585.1
Avelona Group,2020,2020-01-01,3616.0
Bahringer-Ankunding,2020,2020-01-01,230.0
Bartoletti-Kreiger,2020,2020-01-01,707.0
Barton Inc,2020,2020-01-01,43.0
"Barton, Heidenreich and Witting",2020,2020-01-01,1718.0
Bashirian Group,2020,2020-01-01,6448.0
Batz Ltd,2020,2020-01-01,2948.08
Bayer - Miller,2020,2020-01-01,717.0
Bayer LLC,2020,2020-01-01,158.0
Beahan Group,2020,2020-01-01,1093.0
"Bechel, Ondricka and Abbott",2020,2020-01-01,37606.0
Bechel-Feest,2020,2020-01-01,81.0
"Beer, Schimmel and Mackerrel",2020,2020-01-01,2767.0
Beier-Bins,2020,2020-01-01,195851.0
Beier-Stehr,2020,2020-01-01,1377.0
Belfact LLC,2020,2020-01-01,434.0
"Belfact, Thiel and Koepp",2020,2020-01-01,315.0
Bergstrom LLC,2020,2020-01-01,174.33
"Bernhard, DuBuque and Green",2020,2020-01-01,684.0
Bernier Group,2020,2020-01-01,824.26
Bernier Ltd,2020,2020-01-01,70520.0
"Bernier, Fisher and Waelchi",2020,2020-01-01,167.0
"Bernier, West and Pimpernel",2020,2020-01-01,762.0
Bernier-Boyer,2020,2020-01-01,207.55
Bins LLC,2020,2020-01-01,2095.0
Bins-Glover,2020,2020-01-01,2821.21
Bins-Jast,2020,2020-01-01,269.0
Blanda LLC,2020,2020-01-01,1440.0
"Blick, Bernier and Flatley",2020,2020-01-01,302.32
Blick-Ondricka,2020,2020-01-01,1253.0
"Block, Jacobi and Mueller",2020,2020-01-01,424.0
"Bode, Bartoletti and Schultz",2020,2020-01-01,168.0
Boehm Group,2020,2020-01-01,487.0
"Bogisich, Christiansen and Brakus",2020,2020-01-01,204.19
"Bogisich, Simonis and Heller",2020,2020-01-01,810.4
"Bogisich, Welch and Beahan",2020,2020-01-01,21779.0
Bon Ltd,2020,2020-01-01,4945.0
Botsford-Olson,2020,2020-01-01,2974.0
Boyle and Sons,2020,2020-01-01,202.0
"Bradtke, Ratke and Huels",2020,2020-01-01,2921.0
Bradtke-Waters,2020,2020-01-01,1803.0
"Brekke, Hayes and Ankunding",2020,2020-01-01,219.0
Brown Group,2020,2020-01-01,577.78
Bruen-Oberbrunner,2020,2020-01-01,222.0
Buckridge Inc,2020,2020-01-01,406.0
Buckridge-SchamBundelr,2020,2020-01-01,1076.0
Bundel and Sons,2020,2020-01-01,205.0
"Bundel, Bechtelar and Swift",2020,2020-01-01,257.0
Campbelll LLC,2020,2020-01-01,5699.45
Campbelll-Donnelly,2020,2020-01-01,9757.72
Canten Inc,2020,2020-01-01,1953.0
"Cassin, O'Keefe and Toy",2020,2020-01-01,373.02
Cassle Inc,2020,2020-01-01,477.0
Cassle-Heaney,2020,2020-01-01,361.0
Champlin - Block,2020,2020-01-01,2488.0
"Champlin, Kihn and Kreiger",2020,2020-01-01,1979.0
Chechauski Inc,2020,2020-01-01,5696.61
Chechauski-Bergstrom,2020,2020-01-01,311.0
Chechauski-Shields,2020,2020-01-01,37663.0
"Cole, Ortiz and O'Reilly",2020,2020-01-01,148.41
Cole-Towne,2020,2020-01-01,4122.0
"Collins, Casper and Rogahn",2020,2020-01-01,1028.0
Collins-Dickinson,2020,2020-01-01,450.0
"Conroy, Pfannerstill and Sauer",2020,2020-01-01,231.0
Considine Group,2020,2020-01-01,4949.51
Cremin-Hilpert,2020,2020-01-01,88855.0
Cremin-Stracke,2020,2020-01-01,191.0
Cremin-Wolff,2020,2020-01-01,110.0
"Crist, Labadie and Weimann",2020,2020-01-01,199.55
"Crist, Ondricka and DuBuque",2020,2020-01-01,24741.79
"Cronin, Frost and Ratke",2020,2020-01-01,2206.0
Cummings - Kuphal,2020,2020-01-01,4170.57
D'Amore Group,2020,2020-01-01,91882.71
D'Amore Ltd,2020,2020-01-01,88.0
D'Amore and Sons,2020,2020-01-01,121.0
"D'Amore, Bechel and Bechel",2020,2020-01-01,4217.0
"D'Amore, Douglas and Hintz",2020,2020-01-01,3859.92
D'Amore-Ankunding,2020,2020-01-01,605.0
Dare and Sons,2020,2020-01-01,1838.03
Davis LLC,2020,2020-01-01,1405.0
Deckow - Deckow,2020,2020-01-01,1341.33
"Deckow, Murray and Mante",2020,2020-01-01,959.0
Denesik and Sons,2020,2020-01-01,8256.0
Dibbert Inc,2020,2020-01-01,769.0
Dibbert and Sons,2020,2020-01-01,515.0
"Dibbert, Boyer and Jacobson",2020,2020-01-01,158.0
"Dibbert, Flatley and Mitchell",2020,2020-01-01,30.0
Dibbert-Ferry,2020,2020-01-01,278.29
Dickens LLC,2020,2020-01-01,76.0
Dickens-McGlynn,2020,2020-01-01,96.0
Dicki PLC,2020,2020-01-01,28.0
Dicki-Johns,2020,2020-01-01,1132.0
"Dickinson, Maggio and Haley",2020,2020-01-01,187.0
"Dietrich, Larson and Murazik",2020,2020-01-01,4143.0
Donnelly Group,2020,2020-01-01,4404.07
Donnelly PLC,2020,2020-01-01,2912.0
"Donnelly, Keebler and Hettinger",2020,2020-01-01,109.0
Douglas-Legros,2020,2020-01-01,245.0
Douglas-Muller,2020,2020-01-01,13629.0
Doyle LLC,2020,2020-01-01,2486.0
"DuBuque, Jakubowski and Buckridge",2020,2020-01-01,167.0
"Ebert, Raynor and Mackerrel",2020,2020-01-01,73.0
"Effertz, Lebsack and Mosciski",2020,2020-01-01,424.0
Effertz-Lowe,2020,2020-01-01,790.0
Eichmann Ltd,2020,2020-01-01,235.0
Erdman Group,2020,2020-01-01,974.38
"Erdman, Bode and Beier",2020,2020-01-01,2340.0
Ernser Inc,2020,2020-01-01,376.0
Fadel Group,2020,2020-01-01,1560.0
Fadel Ltd,2020,2020-01-01,790.0
Fadel-Pfannerstill,2020,2020-01-01,575.0
"Fahey, Simonis and Dickens",2020,2020-01-01,189.0
Fahey-Ponting,2020,2020-01-01,1159.0
Farrell and Sons,2020,2020-01-01,308.0
"Farrell, Donnelly and Flatley",2020,2020-01-01,767.0
Feeney-Cremin,2020,2020-01-01,364.0
Feil Ltd,2020,2020-01-01,229.0
Feil-Reilly,2020,2020-01-01,202.0
Flatley Ltd,2020,2020-01-01,42678.37
Frami Group,2020,2020-01-01,18206.0
"Frami, Hackett and Rohan",2020,2020-01-01,1738.0
Friesen and Sons,2020,2020-01-01,321.0
Frost and Sons,2020,2020-01-01,1350.82
Gammendor - Frost,2020,2020-01-01,4288.0
"Gaverman, Kessler and Rolfson",2020,2020-01-01,5.0
"Gerlach, Reynolds and Cormier",2020,2020-01-01,492.0
Gerlach-Muller,2020,2020-01-01,2221.0
Gibson-King,2020,2020-01-01,219.0
Gillespie-Homenick,2020,2020-01-01,2317.0
"Gleason, Bartoletti and Stoltenberg",2020,2020-01-01,4820.0
Gleason-Douglas,2020,2020-01-01,101.0
Gleichner - Homenick,2020,2020-01-01,1580.0
"Gleichner, Nikolaus and Raynor",2020,2020-01-01,1728.27
Gleichner-Tillman,2020,2020-01-01,307.0
Glover Group,2020,2020-01-01,3063.0
Glover and Sons,2020,2020-01-01,2843.0
Goldner Ltd,2020,2020-01-01,12678.0
Goldner-Morissette,2020,2020-01-01,182.0
Goodwin and Sons,2020,2020-01-01,3970.0
"Goodwin, O'Reilly and Buckridge",2020,2020-01-01,23236.0
Gorczany-Lind,2020,2020-01-01,1665.0
Goyette-Kassulke,2020,2020-01-01,8.0
Grady-Kuphal,2020,2020-01-01,505.0
Graham and Sons,2020,2020-01-01,7914.5
Greenfelder Group,2020,2020-01-01,742.0
Gulgowski Group,2020,2020-01-01,289.0
Gusikowski Ltd,2020,2020-01-01,303.83
"Gusikowski, Mertz and Abbott",2020,2020-01-01,8717.0
Gutkowski-Gislason,2020,2020-01-01,7552.92
Gutmann LLC,2020,2020-01-01,1196.0
Gutmann-Rice,2020,2020-01-01,3471.0
"Hahn, Nienow and Baumbach",2020,2020-01-01,8790.91
Haley-Powlowski,2020,2020-01-01,2978.0
"Hamill, Rice and King",2020,2020-01-01,349.0
Hammes-Beier,2020,2020-01-01,664.0
Hammes-Campbelll,2020,2020-01-01,181.0
Hane - Oberbrunner,2020,2020-01-01,9497.0
"Hansen, Frami and Ritchie",2020,2020-01-01,2891.0
"Harber, Schiller and Nitzsche",2020,2020-01-01,916.0
Harris Inc,2020,2020-01-01,2735.0
Harris LLC,2020,2020-01-01,259.29
Harris and Sons,2020,2020-01-01,525.0
Harvey PLC,2020,2020-01-01,9358.0
Harvey and Sons,2020,2020-01-01,24844.0
"Hauck, Cronin and Kunde",2020,2020-01-01,2626.0
"Hauck, Nolan and Rath",2020,2020-01-01,1580.0
"Hayes, Orn and Cassin",2020,2020-01-01,160.0
Heathcote Inc,2020,2020-01-01,15364.0
Heathcote-Eichmann,2020,2020-01-01,216.0
Heidenreich-Herman,2020,2020-01-01,445.0
Heller and Sons,2020,2020-01-01,922.0
Herman Group,2020,2020-01-01,39365.0
"Hermann, Bogisich and Rosenbaum",2020,2020-01-01,1993.0
Hermiston Group,2020,2020-01-01,4982.0
Hessel and Sons,2020,2020-01-01,348.0
Hettinger LLC,2020,2020-01-01,440.0
Hettinger PLC,2020,2020-01-01,75.0
Hill Group,2020,2020-01-01,2225.26
"Hills, Rempel and Rempel",2020,2020-01-01,1012.23
Hilpert and Sons,2020,2020-01-01,13.04
Hilpert-Borer,2020,2020-01-01,2053.0
Hodkiewicz Group,2020,2020-01-01,2763.84
Hodkiewicz-Waelchi,2020,2020-01-01,138.0
Hoppe Ltd,2020,2020-01-01,1239.0
Hudson-Reichert,2020,2020-01-01,2766.58
Huels and Sons,2020,2020-01-01,612.0
Huels-Parker,2020,2020-01-01,41.0
Huels-Strosin,2020,2020-01-01,147.95
Jacobi-Butler,2020,2020-01-01,376.0
Jacobi-Tremblay,2020,2020-01-01,12010.0
Jakubowski-Schneider,2020,2020-01-01,1200.0
Jaskolski Group,2020,2020-01-01,1216.0
Jaskolski PLC,2020,2020-01-01,543.41
Jast-Steuber,2020,2020-01-01,896.0
Jenkins PLC,2020,2020-01-01,1106.03
"Jerde, Orn and Larson",2020,2020-01-01,1281.0
Johns Inc,2020,2020-01-01,304.0
"Johns, Keebler and Erdman",2020,2020-01-01,43.0
"Johnson, Farrell and Zieme",2020,2020-01-01,186.0
"Johnson, Keebler and Harber",2020,2020-01-01,60.0
"Johnston, Casper and Robel",2020,2020-01-01,17062.0
"Kassulke, Bernier and Kshlerin",2020,2020-01-01,775.0
Kassulke-Barton,2020,2020-01-01,2775.0
Kassulke-Beier,2020,2020-01-01,3909.0
"Kautzer, Haag andTruman",2020,2020-01-01,4590.0
"Kautzer, Mante and Agarwal",2020,2020-01-01,35046.0
Kautzer-Waters,2020,2020-01-01,927.0
"Keebler, Reichel and Butler",2020,2020-01-01,620.0
Keeling - Koelpin,2020,2020-01-01,1871.0
"Keeling, Jacobson and Boyer",2020,2020-01-01,5151.0
"Keeling, Jakubowski and Crist",2020,2020-01-01,5355.0
"Kerluke, Breitenberg and Romaguera",2020,2020-01-01,169.0
"Kerluke, Dach and Rogahn",2020,2020-01-01,636.0
Kiehn PLC,2020,2020-01-01,7068.0
Kilback Group,2020,2020-01-01,2167.0
"Kilback, Lockman and Okuneva",2020,2020-01-01,427.17
Kilback-Bednar,2020,2020-01-01,454.0
King and Sons,2020,2020-01-01,233.0
Kling and Sons,2020,2020-01-01,659.47
"Klocko, Howe and Tanner",2020,2020-01-01,2680.0
Koch Inc,2020,2020-01-01,362.0
Koch LLC,2020,2020-01-01,2195.0
Koelpin-Nitzsche,2020,2020-01-01,272.0
Konopelski - Mayer,2020,2020-01-01,1672.53
Konopelski Ltd,2020,2020-01-01,2229.0
"Koss, Bayer and Bartell",2020,2020-01-01,24.0
"Koss, Jaskolski and O'Connell",2020,2020-01-01,1160.82
Koss-Towne,2020,2020-01-01,2320.0
Kozey Group,2020,2020-01-01,4430.0
Krajcik Inc,2020,2020-01-01,72.0
Kreiger Group,2020,2020-01-01,3180.0
"Kreiger, Zboncak and Stehr",2020,2020-01-01,91.0
Kshlerin-Marks,2020,2020-01-01,652.0
Kuhic-Swaniawski,2020,2020-01-01,137.0
Kuhlman Inc,2020,2020-01-01,6.0
Kulas - Ryan,2020,2020-01-01,10885.82
"Kunze, O'Kon and Goldner",2020,2020-01-01,247.0
Kunze-Greenholt,2020,2020-01-01,422.0
Kunze-Pagac,2020,2020-01-01,548.49
Kuvalis Inc,2020,2020-01-01,358.0
Kuvalis-Stiedemann,2020,2020-01-01,2323.0
Labadie Ltd,2020,2020-01-01,526.0
Labadie and Sons,2020,2020-01-01,2901.0
Langworth Ltd,2020,2020-01-01,205.0
"Langworth, Lueilwitz and Wuckert",2020,2020-01-01,94.0
Larson Inc,2020,2020-01-01,1415.88
"Leannon, Kessler and Corkery",2020,2020-01-01,237.0
Leannon-Kiehn,2020,2020-01-01,2635.0
Lebsack-Price,2020,2020-01-01,439.0
"Ledner, Ebert and Gibson",2020,2020-01-01,2688.0
"Leffler, Kertzmann and Heathcote",2020,2020-01-01,2080.0
"Legros, Nader and Frost",2020,2020-01-01,4257.0
Lehner-Conroy,2020,2020-01-01,71.0
Lemke Inc,2020,2020-01-01,8183.0
"Lemke, Nitzsche and Bergstrom",2020,2020-01-01,34.0
Lesch - Johnston,2020,2020-01-01,7108.48
"Lesch, Bernhard and Hills",2020,2020-01-01,3259.0
Leuschke LLC,2020,2020-01-01,1435.0
Lind and Sons,2020,2020-01-01,1321.0
Little Group,2020,2020-01-01,17601.0
"Lowe, Kautzer and Ward",2020,2020-01-01,1517.25
"Lueilwitz, Yost and McDermott",2020,2020-01-01,2229.0
"Luettgen, Larson and Zieme",2020,2020-01-01,733.0
Luettgen-Beatty,2020,2020-01-01,1751.0
"Macejkovic, Bosco and Buckridge",2020,2020-01-01,4382.0
"Macejkovic, Zamber and Grady",2020,2020-01-01,39.0
Mackerrel-Deckow,2020,2020-01-01,1416.0
"Maggio, Hoppe and Raynor",2020,2020-01-01,886.0
Mann-Baumbach,2020,2020-01-01,70.31
Mante Inc,2020,2020-01-01,473.0
Marquardt Ltd,2020,2020-01-01,12431.0
Mauston Inc,2020,2020-01-01,118.24
Mauston and Sons,2020,2020-01-01,4221.0
Mayer LLC,2020,2020-01-01,649.0
Mayer-Parisian,2020,2020-01-01,486.0
"McClure, Howe and Pfeffer",2020,2020-01-01,2966.0
McCullough - Albertson,2020,2020-01-01,52833.75
McCullough-Reichel,2020,2020-01-01,1148.0
McDermott Group,2020,2020-01-01,79.0
"McGlynn, Huel and Goyette",2020,2020-01-01,1582.0
Medhurst-White,2020,2020-01-01,2091.0
Metz LLC,2020,2020-01-01,18548.0
Mills and Sons,2020,2020-01-01,1915.0
Moen and Sons,2020,2020-01-01,628.0
"Moen, Wuckert and Dicki",2020,2020-01-01,1572.0
Mohr LLC,2020,2020-01-01,2179.0
Morissette Group,2020,2020-01-01,13694.0
Morissette Inc,2020,2020-01-01,1672.0
"Morissette, Purdy and Mraz",2020,2020-01-01,806.0
Mosciski Inc,2020,2020-01-01,868.0
"Mosciski, Legros and Hirthe",2020,2020-01-01,1010.0
Mueller LLC,2020,2020-01-01,2081.0
Muller - Reichert,2020,2020-01-01,678.0
Muller - Spinka,2020,2020-01-01,131.36
"Muller, Durgan and Schumm",2020,2020-01-01,553.25
Murphy Group,2020,2020-01-01,2408.0
Murphy-Rosemont,2020,2020-01-01,21117.94
Murray LLC,2020,2020-01-01,1945.67
Nader Group,2020,2020-01-01,4681.0
Nader LLC,2020,2020-01-01,7292.0
Nitzsche-Kulas,2020,2020-01-01,191.52
"Norman, Lakin and Lesch",2020,2020-01-01,4740.2
Norman-Hahn,2020,2020-01-01,1549.0
"O'Connell, Agarwalms and Windler",2020,2020-01-01,12517.0
O'Hara-Waelchi,2020,2020-01-01,312.0
"O'Kon, Hoppe and Johnston",2020,2020-01-01,3529.0
Olson-Gaverman,2020,2020-01-01,71.0
Olson-Kuvalis,2020,2020-01-01,1078.0
Orn - Brown,2020,2020-01-01,1752.0
Osinski - Kilback,2020,2020-01-01,5543.0
Pacocha Inc,2020,2020-01-01,697.0
Pagac - Fay,2020,2020-01-01,5225.0
Pagac-Hessel,2020,2020-01-01,5272.0
Parisian Inc,2020,2020-01-01,2826.75
Parker Inc,2020,2020-01-01,377.0
"Parker, Ledner and Kassulke",2020,2020-01-01,9933.21
Pollich-Keebler,2020,2020-01-01,263.0
Pouros - Ward,2020,2020-01-01,4534.0
Powlowski - Hilpert,2020,2020-01-01,1140.0
Powlowski-Cummings,2020,2020-01-01,137.0
"Prohaska, D'Amore and Keebler",2020,2020-01-01,1635.0
"Prohaska, Jaskolski and Yost",2020,2020-01-01,65.0
"Prohaska, Kunze and Konopelski",2020,2020-01-01,8132.61
Prohaska-DuBuque,2020,2020-01-01,2792.0
Purdy Group,2020,2020-01-01,572.57
Purdy LLC,2020,2020-01-01,5006.0
"Purdy, Deckow and Stoltenberg",2020,2020-01-01,93.0
"Purdy, Howe and Cassin",2020,2020-01-01,4905.44
"Purdy, Schneider and Quitzon",2020,2020-01-01,187.0
"Quigley, Hill and Green",2020,2020-01-01,512.0
"Quigley, Veum and Reilly",2020,2020-01-01,20378.0
Quigley-O'Kon,2020,2020-01-01,1117.0
Quigley-Rolfson,2020,2020-01-01,265.0
"Quitzon, Bon and Trantow",2020,2020-01-01,2423.0
"Rath, Casper and Jerde",2020,2020-01-01,7198.0
"Rath, Harris and Beatty",2020,2020-01-01,34029.97
"Ratke, McGlynn and Botsford",2020,2020-01-01,690.0
Rau Group,2020,2020-01-01,32810.0
Rau Ltd,2020,2020-01-01,2115.0
Raynor - Gusikowski,2020,2020-01-01,7196.0
Raynor-Crooks,2020,2020-01-01,367.0
Raynor-Ruecker,2020,2020-01-01,437.0
Reichel-Heidenreich,2020,2020-01-01,244.0
Reichel-Keeling,2020,2020-01-01,2001.04
Reichert - Hirthe,2020,2020-01-01,14248.0
Reichert and Sons,2020,2020-01-01,1305.0
"Reichert, Kuvalis and Collins",2020,2020-01-01,1486.07
Reichert-Goyette,2020,2020-01-01,1104.76
Reichert-Skiles,2020,2020-01-01,996.0
Rempel-Renner,2020,2020-01-01,900.0
Renner - Kozey,2020,2020-01-01,2495.0
Reynolds - Goodwin,2020,2020-01-01,4921.47
Reynolds Inc,2020,2020-01-01,21458.79
Reynolds LLC,2020,2020-01-01,965.22
"Rice, Champlin and Lindgren",2020,2020-01-01,879.0
Rippin Inc,2020,2020-01-01,111.0
Rippin and Sons,2020,2020-01-01,6001.0
Robel Group,2020,2020-01-01,2043.0
Robel Inc,2020,2020-01-01,1254.0
Rodriguez-Rice,2020,2020-01-01,729.0
Romaguera-Spinka,2020,2020-01-01,14306.0
Roob-Dibbert,2020,2020-01-01,270.0
Roob-Hoppe,2020,2020-01-01,2514.57
Rosenbaum - Hermiston,2020,2020-01-01,5463.79
Rosenbaum Inc,2020,2020-01-01,458.0
Rosenbaum-Ziemann,2020,2020-01-01,4640.0
Rowe - Kuphal,2020,2020-01-01,262.0
"Rowe, Wyman and Rau",2020,2020-01-01,6.0
Ruecker and Sons,2020,2020-01-01,1141.0
"Rumsfeld, Batz and Heaney",2020,2020-01-01,2133.16
"Rumsfeld, Bogan and Canten",2020,2020-01-01,7291.98
"Runolfsson, Shanahan and Gammendor",2020,2020-01-01,13552.0
"Runolfsson, Stark and Larkin",2020,2020-01-01,2674.0
Russel - Botsford,2020,2020-01-01,2583.0
Russel-Barrows,2020,2020-01-01,1346.0
"Rutherford, Gupta and Purdy",2020,2020-01-01,114.0
Satterfield Group,2020,2020-01-01,74.0
Sauer Ltd,2020,2020-01-01,303.0
Sauer and Sons,2020,2020-01-01,810.0
"Sauer, Marks and Hettinger",2020,2020-01-01,3948.01
Sawayn - Ortiz,2020,2020-01-01,8511.32
Schaden PLC,2020,2020-01-01,259.36
"SchamBundelr, Kirlin and Schuppe",2020,2020-01-01,80.19
Schimmel LLC,2020,2020-01-01,600.0
"Schimmel, Harvey and Murray",2020,2020-01-01,3042.0
Schimmel-Hintz,2020,2020-01-01,3033.0
Schinner Group,2020,2020-01-01,1937.31
Schmeler - Little,2020,2020-01-01,2043.0
Schmeler PLC,2020,2020-01-01,3785.37
"Schmeler, Schmitt and Frami",2020,2020-01-01,728.0
Schmitt PLC,2020,2020-01-01,931.0
"Schneider, Champlin and O'Connell",2020,2020-01-01,9746.0
SchoStantner - Ritchie,2020,2020-01-01,3097.0
SchoStantner Group,2020,2020-01-01,6031.0
"SchoStantner, McKinnon and Nicolas",2020,2020-01-01,89.0
Schroeder-Leffler,2020,2020-01-01,1150.0
Schulist Inc,2020,2020-01-01,6182.0
"Schulist, Luettgen and Miller",2020,2020-01-01,64.0
Schumm Group,2020,2020-01-01,1495.0
Schumm and Sons,2020,2020-01-01,126.0
"Schumm, Gerlach and Runolfsson",2020,2020-01-01,7469.0
Schuppe-Hills,2020,2020-01-01,2075.0
Schuster-Lind,2020,2020-01-01,1820.0
Senger-Ondricka,2020,2020-01-01,87.0
Shields-Keebler,2020,2020-01-01,270.0
Sipes PLC,2020,2020-01-01,334.0
Sipes-Ryan,2020,2020-01-01,275.0
Smith - Rice,2020,2020-01-01,7081.0
Smitham Group,2020,2020-01-01,11252.0
Smitham PLC,2020,2020-01-01,1268.0
Smitham and Sons,2020,2020-01-01,989.0
"Smitham, Collier and Kozey",2020,2020-01-01,26.0
"Spinka, McClure and Reilly",2020,2020-01-01,1120.0
Sporer - Hills,2020,2020-01-01,859.68
Sporer LLC,2020,2020-01-01,3138.0
"Sporer, Huel and Cremin",2020,2020-01-01,277.0
Stamm PLC,2020,2020-01-01,60.0
Stamm-Conn,2020,2020-01-01,2888.0
"Stanton, Ernser and Crona",2020,2020-01-01,1300.0
"Stanton, Homenick and Donnelly",2020,2020-01-01,6624.0
Stanton-Bednar,2020,2020-01-01,33684.0
Stark LLC,2020,2020-01-01,1150.0
Stark and Sons,2020,2020-01-01,8767.0
"Steuber, Doyle and Bode",2020,2020-01-01,3092.0
Stiedemann Group,2020,2020-01-01,10197.0
Stoltenberg Group,2020,2020-01-01,4278.0
"Stroman, McGlynn and Luettgen",2020,2020-01-01,462.27
"Thiel, Yost and Mante",2020,2020-01-01,746.0
Torp Ltd,2020,2020-01-01,3885.08
Torphy-Nienow,2020,2020-01-01,350.0
Towne - Kub,2020,2020-01-01,900.0
"Trantow, Dickens and Rogahn",2020,2020-01-01,836.0
"Treutel, Kihn and Kutch",2020,2020-01-01,31.0
Tromp-Frami,2020,2020-01-01,1774.0
Turcotte - Kling,2020,2020-01-01,118.67
"Turcotte, Feest and Windler",2020,2020-01-01,28589.0
"Turcotte, Kuhic and Keeling",2020,2020-01-01,3616.0
Ullrich Inc,2020,2020-01-01,2117.0
Upton - Johnston,2020,2020-01-01,5521.0
Upton and Sons,2020,2020-01-01,342.0
"Upton, Terry and Kunze",2020,2020-01-01,1573.0
Vandervort - Upton,2020,2020-01-01,23505.0
"Vandervort, Waelchi and Fahey",2020,2020-01-01,1180.0
"Veum, Pollich and Kuvalis",2020,2020-01-01,4319.0
Waters and Sons,2020,2020-01-01,1369.93
Watsica PLC,2020,2020-01-01,147.0
"Watsica, Boone and Kulas",2020,2020-01-01,867.29
"Watsica, Frami and Kemmer",2020,2020-01-01,1198.0
Wehner Group,2020,2020-01-01,8153.0
Wehner Inc,2020,2020-01-01,3445.43
"Welch, Welch and Farrell",2020,2020-01-01,180.51
West and Sons,2020,2020-01-01,960.0
"West, Toy and Cummings",2020,2020-01-01,1750.0
West-Kihn,2020,2020-01-01,30.0
West-Witting,2020,2020-01-01,44449.03
White Inc,2020,2020-01-01,847.0
Wintheiser Inc,2020,2020-01-01,3179.0
"Wintheiser, Howe and Wisoky",2020,2020-01-01,6605.0
"Wolff, Kihn and Hagenes",2020,2020-01-01,9041.0
Wuckert Group,2020,2020-01-01,115.0
Wuckert-Hane,2020,2020-01-01,19.0
Wunsch LLC,2020,2020-01-01,891.0
Zamber-Cassle,2020,2020-01-01,527.0
Zamber-Wehner,2020,2020-01-01,3969.0
Zboncak-Bradtke,2020,2020-01-01,377.0
Zemlak-Littel,2020,2020-01-01,3632.0
Ziemann PLC,2020,2020-01-01,231.0
Zieme-Hermann,2020,2020-01-01,6604.0
Agarwaliamson - Hartmann,2021,2021-01-01,17631.17
Agarwaliamson - Wuckert,2021,2021-01-01,3840.0
Agarwalms - Nitzsche,2021,2021-01-01,5278.46
Altenwerth - Rosenbaum,2021,2021-01-01,1341.68
"Altenwerth, Beahan and Buckridge",2021,2021-01-01,4710.17
"Altenwerth, Kautzer and Cole",2021,2021-01-01,2790.0
Ankunding Inc,2021,2021-01-01,9385.72
"Auer, Jones and Agarwal",2021,2021-01-01,9590.66
"Auer, Rippin and Kris",2021,2021-01-01,4085.19
Aufderhar Group,2021,2021-01-01,5085.51
Aufderhar LLC,2021,2021-01-01,10317.27
Aufderhar and Sons,2021,2021-01-01,674.85
"Avelona,, Jacuz and Mikhael",2021,2021-01-01,13302.45
Balistreri - Ondricka,2021,2021-01-01,1163.19
Barrows LLC,2021,2021-01-01,1153.99
"Barrows, Raynor and Funk",2021,2021-01-01,3252.09
"Barrows, Tromp and Bahringer",2021,2021-01-01,9561.0
"Bartell, Cremin and Kuvalis",2021,2021-01-01,10017.45
"Bartoletti, Hodkiewicz and Sanford",2021,2021-01-01,714.96
Barton - Jerde,2021,2021-01-01,5365.93
"Barton, Cassle and Stamm",2021,2021-01-01,7638.31
"Barton, Heidenreich and Witting",2021,2021-01-01,7896.43
Bashirian - Mante,2021,2021-01-01,6866.81
"Bashirian, MacGyver and Gleichner",2021,2021-01-01,4252.19
"Bashirian, Nader and Rosenbaum",2021,2021-01-01,6880.85
"Bashirian, Pollich and Paucek",2021,2021-01-01,1632.47
Batz - Aufderhar,2021,2021-01-01,11269.88
Batz - Simonis,2021,2021-01-01,4270.0
Baumbach - Simonis,2021,2021-01-01,45316.78
Baumbach and Sons,2021,2021-01-01,1036.0
Bayer - Miller,2021,2021-01-01,7611.2
"Bayer, Adams and Hilll",2021,2021-01-01,2080.7
Beahan Inc,2021,2021-01-01,3963.0
Beahan and Sons,2021,2021-01-01,7585.78
Bednar and Sons,2021,2021-01-01,2375.51
Beer - Belfact,2021,2021-01-01,513.41
Beer - Ruecker,2021,2021-01-01,705.93
Beier Inc,2021,2021-01-01,2431.67
Belfact LLC,2021,2021-01-01,90.25
Belfact and Sons,2021,2021-01-01,3725.07
"Belfact, Balistreri and Kreiger",2021,2021-01-01,10368.41
"Belfact, Wintheiser and Beatty",2021,2021-01-01,6694.34
Benjamin Batterbond,2021,2021-01-01,22772.39
"Bernhard, Schmidt and Pfannerstill",2021,2021-01-01,121.0
"Bernier, Metz and Fay",2021,2021-01-01,43223.43
"Bernier, West and Pimpernel",2021,2021-01-01,993.0
Bins LLC,2021,2021-01-01,5635.53
Blanda - Borer,2021,2021-01-01,2662.97
Blick - Harvey,2021,2021-01-01,3310.07
"Blick, Bernier and Flatley",2021,2021-01-01,3683.58
"Blick, O'Reilly and Pfannerstill",2021,2021-01-01,9842.97
"Block, Kassulke and Murray",2021,2021-01-01,1984.9
"Block, Windler and Schmidt",2021,2021-01-01,8625.54
Bode - McClure,2021,2021-01-01,560.54
"Bode, Agarwal and Deckow",2021,2021-01-01,13060.97
"Bode, Bartoletti and Schultz",2021,2021-01-01,8702.62
Boehm - Romaguera,2021,2021-01-01,165.45
Boehm Group,2021,2021-01-01,225.0
Bogan - Rohan,2021,2021-01-01,1428.0
Bogisich and Sons,2021,2021-01-01,42.12
"Bon, Smith and Kuhic",2021,2021-01-01,8958.0
Boone Inc,2021,2021-01-01,4544.45
Bosco - Adams,2021,2021-01-01,2814.71
"Bosco, Pagac and Mackerrel",2021,2021-01-01,6751.5
"Botsford, Goodwin and Weber",2021,2021-01-01,3941.8
Bradtke - Goyette,2021,2021-01-01,8528.4
Bradtke and Sons,2021,2021-01-01,29972.37
Brakus - Schimmel,2021,2021-01-01,2046.61
Brakus - Stantner,2021,2021-01-01,1803.94
Brakus Group,2021,2021-01-01,4326.85
Breitenberg Group,2021,2021-01-01,1066.92
"Breitenberg, Stroman and Heaney",2021,2021-01-01,9646.41
Bruen - Schinner,2021,2021-01-01,1900.21
Bundel - Klocko,2021,2021-01-01,807.21
Bundel - Reichert,2021,2021-01-01,2217.54
"Bundel, Mauston and Haag",2021,2021-01-01,488.0
Butler LLC,2021,2021-01-01,10630.7
"Butler, Veum and Pouros",2021,2021-01-01,7131.54
Canten - Gerlach,2021,2021-01-01,2812.71
Canten - Larson,2021,2021-01-01,1682.61
"Canten, Agarwaliamson and Corkery",2021,2021-01-01,83199.61
Cassle - Hirthe,2021,2021-01-01,7337.33
Cassle and Sons,2021,2021-01-01,8547.42
Cerner Group,2021,2021-01-01,1997.47
"Cerner, Farrell and White",2021,2021-01-01,2101.76
Champlin - Emmerich,2021,2021-01-01,5286.48
Chechauski Inc,2021,2021-01-01,20152.21
Chechauski LLC,2021,2021-01-01,7203.73
"Chechauski, Huels and Kunze",2021,2021-01-01,6211.08
"Chechauski, Jaskolski and Corkery",2021,2021-01-01,4321.85
Christiansen and Sons,2021,2021-01-01,4124.3
Collier - O'Kon,2021,2021-01-01,221.61
Collier - Skiles,2021,2021-01-01,44367.22
Collier LLC,2021,2021-01-01,15101.37
"Collier, Conn and Dooley",2021,2021-01-01,3883.33
"Collier, Ortiz and Marquardt",2021,2021-01-01,30842.5
Collins - Dooley,2021,2021-01-01,7869.56
Collins - Rosenbaum,2021,2021-01-01,17323.73
"Collins, Casper and Rogahn",2021,2021-01-01,792.0
"Collins, Fahey and Mackerrel",2021,2021-01-01,13591.62
Conroy LLC,2021,2021-01-01,357.98
Considine Group,2021,2021-01-01,2565.55
"Considine, Kuphal and Johnson",2021,2021-01-01,17.05
"Cormier, Powlowski and Murazik",2021,2021-01-01,3497.58
Corwin LLC,2021,2021-01-01,190.52
Crist - Pagac,2021,2021-01-01,5885.0
Crist Group,2021,2021-01-01,5029.78
"Crist, Ondricka and DuBuque",2021,2021-01-01,18647.09
Crona - Cassin,2021,2021-01-01,1387.0
Crona - Dickens,2021,2021-01-01,7497.54
Cronin - Lehner,2021,2021-01-01,18413.45
"Cronin, Frost and Ratke",2021,2021-01-01,16646.57
Crooks LLC,2021,2021-01-01,1918.25
"Cummerata, Greenholt and Rogahn",2021,2021-01-01,11351.1
"Cummerata, Legros and Kohler",2021,2021-01-01,20258.51
Cummings - Kilback,2021,2021-01-01,2845.8
Cummings - Kuphal,2021,2021-01-01,6196.96
"Cummings, Pollich and Hoppe",2021,2021-01-01,57389.98
D'Amore Group,2021,2021-01-01,79918.71
D'Amore and Sons,2021,2021-01-01,2805.69
"D'Amore, Bechel and Bechel",2021,2021-01-01,1155.16
"D'Amore, Bernier and Canten",2021,2021-01-01,25345.0
Dach Inc,2021,2021-01-01,2509.88
Daniel - Dietrich,2021,2021-01-01,1185.0
"Daniel, MacGyver and Ernser",2021,2021-01-01,7097.45
"Daniel, Roberts and Weimann",2021,2021-01-01,4992.0
Davis and Sons,2021,2021-01-01,39983.54
Deckow - Deckow,2021,2021-01-01,2127.0
Deckow - Kulas,2021,2021-01-01,4861.06
Deckow LLC,2021,2021-01-01,13179.94
Deckow and Sons,2021,2021-01-01,5012.73
"Deckow, Rempel and Orn",2021,2021-01-01,752.06
Denesik and Sons,2021,2021-01-01,8940.42
"Dibbert, Flatley and Mitchell",2021,2021-01-01,2425.0
Dicki - Wilderman,2021,2021-01-01,39030.86
"Dicki, Bosco and Rempel",2021,2021-01-01,22137.1
Dickinson Inc,2021,2021-01-01,1622.45
Dietrich - Klocko,2021,2021-01-01,14205.89
"Dietrich, Larson and Murazik",2021,2021-01-01,56013.28
Donnelly and Sons,2021,2021-01-01,1255.0
Dooley Group,2021,2021-01-01,4087.2
"Dooley, Purdy and Mayert",2021,2021-01-01,626.72
Douglas - Kozey,2021,2021-01-01,9588.0
Douglas - Schaden,2021,2021-01-01,95226.39
Douglas - Zamber,2021,2021-01-01,8805.12
"Douglas, Rolfson and Gammendor",2021,2021-01-01,1497.07
Ebert - Lowe,2021,2021-01-01,3336.14
Ebert - Sawayn,2021,2021-01-01,862.0
Effertz Group,2021,2021-01-01,11459.39
Effertz Inc,2021,2021-01-01,5444.92
"Emmerich, Block and Huel",2021,2021-01-01,474.0
Erdman - MacGyver,2021,2021-01-01,1596.06
Erdman Group,2021,2021-01-01,3129.79
Erdman LLC,2021,2021-01-01,64.18
Erdman and Sons,2021,2021-01-01,1314.09
"Erdman, Bode and Beier",2021,2021-01-01,2216.95
"Erdman, Schaden and Bechel",2021,2021-01-01,15851.32
Fadel LLC,2021,2021-01-01,5002.71
Fahey and Sons,2021,2021-01-01,869.38
"Fahey, Collins and Labadie",2021,2021-01-01,1822.99
"Farrell, Fahey and Funk",2021,2021-01-01,7002.18
Fay Group,2021,2021-01-01,1098.01
Fay Inc,2021,2021-01-01,14970.01
Fay LLC,2021,2021-01-01,2690.37
"Fay, Hauck and Oberbrunner",2021,2021-01-01,6948.04
"Fay, White and Ziemann",2021,2021-01-01,4814.19
Feeney - Lemke,2021,2021-01-01,1801.94
Feil - Breitenberg,2021,2021-01-01,20601.45
Feil - Dickens,2021,2021-01-01,7032.36
"Feil, Norman and Mayer",2021,2021-01-01,4208.53
Flatley - Tanner,2021,2021-01-01,12486.21
Frami Group,2021,2021-01-01,83133.93
"Frami, Hackett and Rohan",2021,2021-01-01,13995.47
Franecki Inc,2021,2021-01-01,7275.93
Friesen Group,2021,2021-01-01,598.28
Frost - Rumsfeld,2021,2021-01-01,1467.02
Frost Group,2021,2021-01-01,3509.61
"Frost, Olson and Schmeler",2021,2021-01-01,21264.26
Funk - McClure,2021,2021-01-01,1767.84
Funk LLC,2021,2021-01-01,67704.49
Gammendor - Agarwal,2021,2021-01-01,31367.94
Gammendor - Frost,2021,2021-01-01,16620.1
Gammendor - O'Reilly,2021,2021-01-01,860.0
Gaverman - Boyer,2021,2021-01-01,367.01
Gaverman - Erdman,2021,2021-01-01,3712.72
Gaylord Group,2021,2021-01-01,13582.25
"Gaylord, Fay and Frost",2021,2021-01-01,19956.68
"Gerhold, Moen and D'Amore",2021,2021-01-01,2.0
Gerlach and Sons,2021,2021-01-01,3343.39
"Gerlach, Crist and Mueller",2021,2021-01-01,4241.62
Gibson Group,2021,2021-01-01,13374.65
"Gillespie, Ankunding and Schuster",2021,2021-01-01,18955.0
Gislason Group,2021,2021-01-01,25724.91
Gislason LLC,2021,2021-01-01,3293.02
Gleason Group,2021,2021-01-01,21772.0
Gleason and Sons,2021,2021-01-01,6814.67
Gleichner - Homenick,2021,2021-01-01,221.0
Gleichner - Lockman,2021,2021-01-01,792.17
"Gleichner, Nikolaus and Raynor",2021,2021-01-01,4235.03
Glover Inc,2021,2021-01-01,231.63
Goldner Inc,2021,2021-01-01,745.04
"Goldner, White and Bundel",2021,2021-01-01,7227.97
Goodwin and Sons,2021,2021-01-01,4647.73
"Goodwin, O'Reilly and Buckridge",2021,2021-01-01,163870.27
Gorczany - Roob,2021,2021-01-01,1650.52
"Gorczany, Wolf and Rodriguez",2021,2021-01-01,8911.41
Gottlieb - Huel,2021,2021-01-01,27187.82
Gottlieb - Smitham,2021,2021-01-01,3735.17
"Gottlieb, Breitenberg and Connelly",2021,2021-01-01,2690.69
"Gottlieb, Sawayn and Jacobs",2021,2021-01-01,291.8
"Goyette, Kerluke and Rempel",2021,2021-01-01,3967.87
Grady Inc,2021,2021-01-01,1638.49
Grady LLC,2021,2021-01-01,7779.31
Graham Group,2021,2021-01-01,214.94
Graham Inc,2021,2021-01-01,2242.15
Graham and Sons,2021,2021-01-01,29366.86
"Graham, Rempel and Boyer",2021,2021-01-01,5195.23
Grant Inc,2021,2021-01-01,13126.96
Grant LLC,2021,2021-01-01,22372.3
Greenfelder - Schmitt,2021,2021-01-01,9609.33
Greenholt - Farrell,2021,2021-01-01,8341.87
Greenholt LLC,2021,2021-01-01,9133.74
"Grimes, Kshlerin and Connelly",2021,2021-01-01,6763.18
Gupta - Agarwal,2021,2021-01-01,18377.36
Gupta - Hessel,2021,2021-01-01,875.4
Gupta Group,2021,2021-01-01,3768.06
Gupta LLC,2021,2021-01-01,5881.12
"Gupta,Agarwal and Nolan",2021,2021-01-01,6945.03
Gusikowski Inc,2021,2021-01-01,1898.2
Gutkowski - Sauer,2021,2021-01-01,4741.99
Gutkowski and Sons,2021,2021-01-01,2283.26
"Gutkowski, Windler and Kunze",2021,2021-01-01,4503.68
Gutmann - Larkin,2021,2021-01-01,1983.43
"Gutmann, Brakus and Rutherford",2021,2021-01-01,1059.0
"Gutmann, Fadel and Klein",2021,2021-01-01,2552.82
Haag and Sons,2021,2021-01-01,6374.0
Hableton - Hintz,2021,2021-01-01,2336.4
Hackett LLC,2021,2021-01-01,2345.43
Hahn - Shields,2021,2021-01-01,3438.17
"Hahn, Nienow and Baumbach",2021,2021-01-01,81314.97
Halvorson Group,2021,2021-01-01,720.98
Halvorson and Sons,2021,2021-01-01,7125.44
"Hamill, Tanner and Stracke",2021,2021-01-01,1535.21
Hammes and Sons,2021,2021-01-01,4724.95
Hane - Oberbrunner,2021,2021-01-01,7839.35
Harris LLC,2021,2021-01-01,7141.03
"Harris, Crooks and Ferry",2021,2021-01-01,7875.58
Hartmann - Bergstrom,2021,2021-01-01,27125.96
Hartmann Group,2021,2021-01-01,12760.45
Harvey and Sons,2021,2021-01-01,26006.35
"Hayes, Orn and Cassin",2021,2021-01-01,3819.96
"Hayes, Wilderman and Cremin",2021,2021-01-01,4589.0
Heaney - Borer,2021,2021-01-01,1824.33
Heaney - Dickinson,2021,2021-01-01,1036.84
"Heaney, Robel and Simonis",2021,2021-01-01,8960.55
Heathcote Inc,2021,2021-01-01,58429.78
"Heathcote, Oberbrunner and Considine",2021,2021-01-01,321189.97
Hegmann - Hartmann,2021,2021-01-01,2420.63
"Hegmann, Corwin and Canten",2021,2021-01-01,1020.51
Heidenreich - Bogan,2021,2021-01-01,1491.09
Heidenreich - O'Hara,2021,2021-01-01,9209.23
Heidenreich and Sons,2021,2021-01-01,843.31
"Heidenreich, Hauck and Koelpin",2021,2021-01-01,40.11
Herman - Quitzon,2021,2021-01-01,3293.02
"Hermann, Bernier and Watsica",2021,2021-01-01,67.0
"Hermann, Bogisich and Rosenbaum",2021,2021-01-01,12157.25
"Hermann, Crooks and Pollich",2021,2021-01-01,232.64
"Hermann, Hilll and Klein",2021,2021-01-01,21831.81
"Hermann, Huel and Stiedemann",2021,2021-01-01,13192.05
"Hermiston, Weimann and Lemke",2021,2021-01-01,47847.43
Herzog - Donnelly,2021,2021-01-01,37913.27
Herzog LLC,2021,2021-01-01,11024.2
Hessel Group,2021,2021-01-01,864.37
Hessel LLC,2021,2021-01-01,4205.52
"Hessel, Koss and Littel",2021,2021-01-01,45055.3
"Hessel, Langworth and Abtel",2021,2021-01-01,8731.93
Hettinger LLC,2021,2021-01-01,440.0
"Hilll, Friesen and O'Connell",2021,2021-01-01,27497.32
"Hilll, Kiehn and Douglas",2021,2021-01-01,14029.44
Hills LLC,2021,2021-01-01,5735.72
"Hills, Rempel and Rempel",2021,2021-01-01,1637.49
Hilpert and Sons,2021,2021-01-01,2500.12
Hintz LLC,2021,2021-01-01,1511.14
Hintz and Sons,2021,2021-01-01,5014.97
"Hintz, Bartell and Hudson",2021,2021-01-01,1345.69
"Hintz, Hableton and O'Kon",2021,2021-01-01,4982.05
"Hintz, McDermott and Walsh",2021,2021-01-01,5934.26
Hirthe - Mueller,2021,2021-01-01,3997.69
Hoeger Group,2021,2021-01-01,7770.29
Homenick - Homenick,2021,2021-01-01,5782.84
Homenick - Jacobi,2021,2021-01-01,2224.09
"Howe, Stiedemann and Larson",2021,2021-01-01,8335.41
Hudson - Feil,2021,2021-01-01,7328.08
Hudson Group,2021,2021-01-01,580.59
Hudson and Sons,2021,2021-01-01,13500.99
"Hudson, Kassulke and Lowe",2021,2021-01-01,229.63
Huel - Braun,2021,2021-01-01,4241.62
Huel - Harber,2021,2021-01-01,1738.76
Huel - Simonis,2021,2021-01-01,17777.6
Huel LLC,2021,2021-01-01,58811.12
Huels - Mante,2021,2021-01-01,1397.83
Huels and Sons,2021,2021-01-01,22810.2
"Huels, Pollich and Jacobi",2021,2021-01-01,49121.59
Hyatt - Schmitt,2021,2021-01-01,10378.43
Hyatt - Torphy,2021,2021-01-01,1692.64
Hyatt Group,2021,2021-01-01,1317.54
Hyatt and Sons,2021,2021-01-01,34909.64
"Hyatt, Johns and Lowe",2021,2021-01-01,7344.71
Jacobi - Bogisich,2021,2021-01-01,6690.34
Jacobi Group,2021,2021-01-01,2390.55
"Jacobs, Howe and Bahringer",2021,2021-01-01,21152.95
Jacobson - Harber,2021,2021-01-01,6863.8
Jakubowski LLC,2021,2021-01-01,4254.66
Jaskolski - Auer,2021,2021-01-01,1396.83
Jaskolski Group,2021,2021-01-01,5296.51
Jaskolski LLC,2021,2021-01-01,1469.02
"Jaskolski, Raynor and Wehner",2021,2021-01-01,11851.47
Jast - Balistreri,2021,2021-01-01,15379.14
Jast Group,2021,2021-01-01,5636.44
Jenkins - Kertzmann,2021,2021-01-01,2129.84
Jenkins Group,2021,2021-01-01,6290.06
Jerde - Jacobi,2021,2021-01-01,2809.0
Johns LLC,2021,2021-01-01,47335.69
"Johns, Hand and Welch",2021,2021-01-01,655.79
"Johns, Mayert and Hegmann",2021,2021-01-01,2668.0
Johnson - Kulas,2021,2021-01-01,1162.18
Johnson LLC,2021,2021-01-01,3137.6
"Johnson, Farrell and Zieme",2021,2021-01-01,19057.68
Johnston Group,2021,2021-01-01,15206.68
Jones LLC,2021,2021-01-01,23732.02
"Kautzer, Bartell and Schmeler",2021,2021-01-01,16875.23
"Kautzer, Lemke and Hyatt",2021,2021-01-01,1678.0
"Kautzer, Mante and Agarwal",2021,2021-01-01,1467.02
Keebler Inc,2021,2021-01-01,21641.15
"Keebler, Reichel and Butler",2021,2021-01-01,167.46
Keeling - Jacobson,2021,2021-01-01,1054.89
Keeling - Koelpin,2021,2021-01-01,1449.97
"Keeling, Jakubowski and Crist",2021,2021-01-01,10835.69
Kemmer Group,2021,2021-01-01,12504.54
Kerluke - Friesen,2021,2021-01-01,5883.12
Kerluke Group,2021,2021-01-01,15612.77
Kessler - Fahey,2021,2021-01-01,2583.86
Kessler and Sons,2021,2021-01-01,2292.28
"Kessler, Steuber and Abbott",2021,2021-01-01,13682.24
Kihn - Gaverman,2021,2021-01-01,2106.59
Kilback - Kuphal,2021,2021-01-01,162.45
"Kilback, Lockman and Okuneva",2021,2021-01-01,5491.04
King - Satterfield,2021,2021-01-01,8147.77
King Group,2021,2021-01-01,1299.56
King LLC,2021,2021-01-01,13751.35
King and Sons,2021,2021-01-01,1869.12
"King, Crooks and Ankunding",2021,2021-01-01,5564.32
Kirlin - Simonis,2021,2021-01-01,12919.4
"Kirlin, Haag and Heller",2021,2021-01-01,1319.8
"Kirlin, Streich and Wolff",2021,2021-01-01,4863.33
"Klein, Emmerich and Farrell",2021,2021-01-01,6062.62
"Kling, Kessler and Dach",2021,2021-01-01,293.8
"Klocko, Kessler and Shields",2021,2021-01-01,790.83
"Klocko, Runolfsson and Langosh",2021,2021-01-01,6389.5
Koch Inc,2021,2021-01-01,1368.38
Koch LLC,2021,2021-01-01,6899.65
Koelpin Group,2021,2021-01-01,3689.11
Koepp Inc,2021,2021-01-01,11813.37
"Koepp, Green and Cassin",2021,2021-01-01,650.78
"Koepp, Schumm and Macejkovic",2021,2021-01-01,7283.96
Kohler Group,2021,2021-01-01,5703.63
Kohler and Sons,2021,2021-01-01,2784.63
Konopelski - Mayer,2021,2021-01-01,5582.29
Koss - Streich,2021,2021-01-01,3186.73
Koss Inc,2021,2021-01-01,9263.68
"Koss, Jaskolski and O'Connell",2021,2021-01-01,5869.54
"Koss, Kub and Hartmann",2021,2021-01-01,3824.01
"Koss, Muller and Little",2021,2021-01-01,996.73
Kozey and Sons,2021,2021-01-01,30586.55
Krajcik - Bundel,2021,2021-01-01,5238.35
Krajcik and Sons,2021,2021-01-01,2164.93
Kreiger - Russel,2021,2021-01-01,31062.1
Kshlerin - Hirthe,2021,2021-01-01,1451.98
Kshlerin - Rolfson,2021,2021-01-01,3908.71
Kub and Sons,2021,2021-01-01,5325.41
"Kub, Murphy and Pagac",2021,2021-01-01,3432.55
Kuhic - Dooley,2021,2021-01-01,3068.14
Kuhlman - Greenfelder,2021,2021-01-01,4807.17
Kuhlman - Schumm,2021,2021-01-01,320.88
Kulas - Ryan,2021,2021-01-01,12857.22
Kunde - Kautzer,2021,2021-01-01,17424.29
Kunde Inc,2021,2021-01-01,3149.63
"Kunde, Tremblay and Erdman",2021,2021-01-01,2007.5
Kunze Group,2021,2021-01-01,21168.0
Kunze and Sons,2021,2021-01-01,5329.6
"Kunze, Jaskolski and Labadie",2021,2021-01-01,34740.95
Kuphal - Hirthe,2021,2021-01-01,50383.03
"Kutch, Brekke and Lowe",2021,2021-01-01,11118.46
Kuvalis Inc,2021,2021-01-01,3607.51
Kuvalis LLC,2021,2021-01-01,736.02
"Kuvalis, Wintheiser and Gutmann",2021,2021-01-01,7109.48
Labadie Inc,2021,2021-01-01,1526.18
"Labadie, Sipes and Ritchie",2021,2021-01-01,6570.0
Lakin - Glover,2021,2021-01-01,26668.05
"Lakin, Wisoky and Wintheiser",2021,2021-01-01,3255.0
Lang Inc,2021,2021-01-01,850.56
"Lang, Mitchell and Grant",2021,2021-01-01,18608.78
Langosh Inc,2021,2021-01-01,15196.22
Langworth - Gerhold,2021,2021-01-01,415.14
"Larkin, Dickens and Simonis",2021,2021-01-01,23080.88
"Larkin, Runolfsson and Orn",2021,2021-01-01,1261.46
Larson Group,2021,2021-01-01,1406.85
Leannon Inc,2021,2021-01-01,1263.46
Leannon and Sons,2021,2021-01-01,2737.5
"Leannon, Hableton and Rogahn",2021,2021-01-01,2689.37
"Leannon, Mills and Cronin",2021,2021-01-01,1000.74
Lebsack - Aufderhar,2021,2021-01-01,1758.82
Lebsack - Batz,2021,2021-01-01,10340.45
Lebsack PLC,2021,2021-01-01,109.0
"Lebsack, Dicki and Bosco",2021,2021-01-01,2745.52
"Lebsack, Sawayn and Rodriguez",2021,2021-01-01,2421.63
"Lebsack, Wunsch and Ziemann",2021,2021-01-01,1151.15
Ledner - Sporer,2021,2021-01-01,873.61
Leffler - Gleason,2021,2021-01-01,1651.53
"Leffler, Casper and Klocko",2021,2021-01-01,6722.42
"Leffler, Kertzmann and Heathcote",2021,2021-01-01,8732.03
"Leffler, Lesch and Halvorson",2021,2021-01-01,5768.96
Legros - Klocko,2021,2021-01-01,9208.2
Legros and Sons,2021,2021-01-01,2060.37
Lehner - Hirthe,2021,2021-01-01,2480.6
Lesch - Johnston,2021,2021-01-01,162090.82
Lesch and Sons,2021,2021-01-01,13263.33
"Lesch, Bernhard and Hills",2021,2021-01-01,28290.5
Leuschke Group,2021,2021-01-01,18185.82
Lind and Sons,2021,2021-01-01,8017.47
Lindgren LLC,2021,2021-01-01,954.62
Lindgren and Sons,2021,2021-01-01,12760.96
Lockman - Gleichner,2021,2021-01-01,3302.0
Lockman LLC,2021,2021-01-01,17948.17
Lockman and Sons,2021,2021-01-01,1201.93
"Lockman, Graham and Crist",2021,2021-01-01,10170.87
"Lowe, Auer and Marks",2021,2021-01-01,1671.57
"Lowe, Collier and Bartell",2021,2021-01-01,533.46
"Lowe, Weimann and Mertz",2021,2021-01-01,8940.5
"Lubowitz, Schultz and Hilpert",2021,2021-01-01,3074.81
Lueilwitz - Harvey,2021,2021-01-01,3231.85
Luettgen - Klein,2021,2021-01-01,4213.54
Luettgen LLC,2021,2021-01-01,2172.95
Lynch - Ritchie,2021,2021-01-01,16583.85
MacGyver - Bashirian,2021,2021-01-01,8947.51
MacGyver - Mackerrel,2021,2021-01-01,2691.37
Macejkovic - Homenick,2021,2021-01-01,3854.56
"Macejkovic, Bosco and Buckridge",2021,2021-01-01,7814.41
Mackerrel LLC,2021,2021-01-01,11467.42
"Mackerrel, Schroeder and Gutkowski",2021,2021-01-01,14287.15
Mann - Hane,2021,2021-01-01,49484.7
Mann - Mauston,2021,2021-01-01,768.1
Mann Group,2021,2021-01-01,2697.39
Mann and Sons,2021,2021-01-01,1900.21
Mante - Kertzmann,2021,2021-01-01,950.6
Marks LLC,2021,2021-01-01,21838.83
Marks and Sons,2021,2021-01-01,8395.0
"Marks, Daniel and Larson",2021,2021-01-01,1235.38
"Marks, Russel and Hudson",2021,2021-01-01,4077.17
Marquardt - McClure,2021,2021-01-01,20502.0
Mauston - Agarwal,2021,2021-01-01,88.24
Mauston Inc,2021,2021-01-01,2943.0
Mauston and Sons,2021,2021-01-01,4376.78
Mayer - Kling,2021,2021-01-01,5644.16
Mayer - Mayert,2021,2021-01-01,382.0
Mayert - Wintheiser,2021,2021-01-01,4919.52
"Mayert, Murazik and Ernser",2021,2021-01-01,8909.23
McClure LLC,2021,2021-01-01,1938.0
McCullough - Albertson,2021,2021-01-01,57003.5
McCullough - White,2021,2021-01-01,3627.94
McDermott LLC,2021,2021-01-01,1927.28
"McGlynn, Wuckert and Marvin",2021,2021-01-01,8682.79
McKinnon - Fay,2021,2021-01-01,265.73
McKinnon - Jerde,2021,2021-01-01,10020.45
Medhurst Group,2021,2021-01-01,17742.61
Medhurst Inc,2021,2021-01-01,2644.53
Mertz - Boone,2021,2021-01-01,4819.79
Mertz Inc,2021,2021-01-01,2587.0
"Mertz, Kihn and Murazik",2021,2021-01-01,9333.57
Metz - Heathcote,2021,2021-01-01,14394.18
Metz Inc,2021,2021-01-01,30518.64
Metz LLC,2021,2021-01-01,19055.2
Miller and Sons,2021,2021-01-01,17194.12
Mohr LLC,2021,2021-01-01,31862.97
Monahan - Ruecker,2021,2021-01-01,19015.09
Morissette - Towne,2021,2021-01-01,90009.6
Morissette Group,2021,2021-01-01,8593.54
Morissette Inc,2021,2021-01-01,1395.82
"Morissette, Purdy and Mraz",2021,2021-01-01,4675.57
Mosciski - Prosacco,2021,2021-01-01,14621.28
Mosciski and Sons,2021,2021-01-01,5009.0
Mueller LLC,2021,2021-01-01,6582.03
"Mueller, Cremin and Pollich",2021,2021-01-01,4654.39
"Mueller, Howe and Jerde",2021,2021-01-01,358.98
Muller - Reichert,2021,2021-01-01,28006.39
Muller - Spinka,2021,2021-01-01,29067.64
Muller and Sons,2021,2021-01-01,4858.31
Murazik - Heaney,2021,2021-01-01,2336.41
"Murazik, Jones and Walsh",2021,2021-01-01,14244.02
Murphy LLC,2021,2021-01-01,1056.9
"Murphy, Weber and Koch",2021,2021-01-01,5257.0
Murray - Bartell,2021,2021-01-01,261.72
Murray - Kris,2021,2021-01-01,1687.05
Murray Inc,2021,2021-01-01,925.54
Murray LLC,2021,2021-01-01,14844.03
Nader Group,2021,2021-01-01,36.5
Nader LLC,2021,2021-01-01,28961.61
"Nader, Gulgowski and Kshlerin",2021,2021-01-01,3037.71
"Nienow, Bosco and Nolan",2021,2021-01-01,9267.94
Nikolaus - Daniel,2021,2021-01-01,16665.36
"Nitzsche, Swift and Muller",2021,2021-01-01,2581.07
"Nolan, Herzog and Doyle",2021,2021-01-01,1931.29
"Norman, Beer and Kassulke",2021,2021-01-01,4457.21
O'Conner and Sons,2021,2021-01-01,4285.75
"O'Conner, Klocko and Davis",2021,2021-01-01,2657.29
O'Keefe - Skiles,2021,2021-01-01,3232.86
O'Keefe Inc,2021,2021-01-01,330.91
O'Kon - Trantow,2021,2021-01-01,15541.0
O'Kon - Weber,2021,2021-01-01,17673.36
O'Kon and Sons,2021,2021-01-01,2452.72
O'Reilly LLC,2021,2021-01-01,4326.85
Oberbrunner Inc,2021,2021-01-01,14719.95
"Oberbrunner, Hahn and Kemmer",2021,2021-01-01,2363.0
"Oberbrunner, Ritchie and Labadie",2021,2021-01-01,33946.57
Okuneva and Sons,2021,2021-01-01,7041.19
Olson LLC,2021,2021-01-01,621.0
Ondricka - Casper,2021,2021-01-01,106399.07
Ondricka - Sipes,2021,2021-01-01,7755.57
Orn - Brown,2021,2021-01-01,22030.11
Orn - Hamill,2021,2021-01-01,1855.09
Ortiz - Ponting,2021,2021-01-01,22011.6
Ortiz Inc,2021,2021-01-01,2723.47
"Ortiz, Reilly and Aberly",2021,2021-01-01,15946.34
Osinski - Kilback,2021,2021-01-01,3292.54
Osinski Group,2021,2021-01-01,11040.0
"Osinski, Bradtke and Schmidt",2021,2021-01-01,4721.94
"Osinski, Farrell and Kutch",2021,2021-01-01,8446.0
Padberg - Schinner,2021,2021-01-01,5366.7
Padberg Inc,2021,2021-01-01,22867.19
Pagac - Fay,2021,2021-01-01,24376.8
"Pagac, Rowe and McClure",2021,2021-01-01,1210.32
Parisian - Gorczany,2021,2021-01-01,1282.51
Parker - Daniel,2021,2021-01-01,8126.57
Parker - Runolfsson,2021,2021-01-01,4448.18
"Pfannerstill, Kuphal and Kohler",2021,2021-01-01,952.61
Pimpernel - Gaylord,2021,2021-01-01,6115.76
Pollich - MacGyver,2021,2021-01-01,11283.92
"Pollich, Dicki and Albertson",2021,2021-01-01,2617.17
Ponting - Jakubowski,2021,2021-01-01,11527.58
Ponting - Keeling,2021,2021-01-01,177.49
Ponting LLC,2021,2021-01-01,3691.11
Pouros - Ward,2021,2021-01-01,67764.63
Powlowski - Hilpert,2021,2021-01-01,773.12
Prohaska and Sons,2021,2021-01-01,15584.7
Purdy - Russel,2021,2021-01-01,3791.39
Purdy Inc,2021,2021-01-01,8138.3
Purdy LLC,2021,2021-01-01,5891.43
"Purdy, Hableton and Thiel",2021,2021-01-01,9122.99
"Purdy, Howe and Cassin",2021,2021-01-01,8588.41
"Quigley, Champlin and Ondricka",2021,2021-01-01,5959.33
"Quigley, Kub and Ponting",2021,2021-01-01,6102.71
"Quigley, Veum and Reilly",2021,2021-01-01,36584.02
Quitzon Group,2021,2021-01-01,7447.41
Quitzon LLC,2021,2021-01-01,494.35
Rath Group,2021,2021-01-01,17323.47
"Rath, Hoeger and Kunde",2021,2021-01-01,9763.75
Ratke Inc,2021,2021-01-01,2596.7
Rau Group,2021,2021-01-01,18612.58
Raynor - Gusikowski,2021,2021-01-01,1692.0
Raynor - Howell,2021,2021-01-01,1438.94
Raynor Group,2021,2021-01-01,2944.07
Reichert - Hirthe,2021,2021-01-01,85740.38
Reichert and Sons,2021,2021-01-01,1797.93
"Reichert, Balistreri and Dicki",2021,2021-01-01,745.18
"Reinger, Champlin and Streich",2021,2021-01-01,3249.0
Renner - Kozey,2021,2021-01-01,1770.85
Reynolds - Goodwin,2021,2021-01-01,141331.48
Reynolds LLC,2021,2021-01-01,12281.32
"Reynolds, Beier and Agarwalms",2021,2021-01-01,2623.19
Rice - Waelchi,2021,2021-01-01,7566.73
Rice Group,2021,2021-01-01,470.29
Rippin - Rippin,2021,2021-01-01,644.76
Rippin Inc,2021,2021-01-01,26066.3
Rippin and Sons,2021,2021-01-01,32458.93
"Ritchie, Langworth and Daniel",2021,2021-01-01,1130.1
Robel Group,2021,2021-01-01,5591.37
Roberts - Sipes,2021,2021-01-01,973.52
Rodriguez - Metz,2021,2021-01-01,12772.99
Rodriguez LLC,2021,2021-01-01,4475.26
"Rodriguez, Miller and Johnston",2021,2021-01-01,4612.64
Rogahn - Albertson,2021,2021-01-01,7888.61
Rogahn Inc,2021,2021-01-01,3085.45
Rogahn LLC,2021,2021-01-01,1171.21
Rohan - Sporer,2021,2021-01-01,9347.61
Rolfson - Mann,2021,2021-01-01,5902.17
Roob - Mitchell,2021,2021-01-01,7814.41
Roob LLC,2021,2021-01-01,11.02
"Roob, Bogisich and Hegmann",2021,2021-01-01,93294.79
Rosemont Inc,2021,2021-01-01,2332.39
Rosenbaum - Hermiston,2021,2021-01-01,15970.83
Rosenbaum LLC,2021,2021-01-01,733.0
Rowe LLC,2021,2021-01-01,2070.0
"Rowe, Franecki and Koelpin",2021,2021-01-01,4060.66
Ruecker - Ratke,2021,2021-01-01,655.8
Rumsfeld and Sons,2021,2021-01-01,4508.35
"Rumsfeld, Bogan and Canten",2021,2021-01-01,1269.48
Runolfsson Group,2021,2021-01-01,14197.9
Runte Group,2021,2021-01-01,785.99
Runte LLC,2021,2021-01-01,4757.03
Russel - Botsford,2021,2021-01-01,304.84
"Russel, White and Koepp",2021,2021-01-01,14491.71
Rutherford Group,2021,2021-01-01,12532.66
Rutherford Inc,2021,2021-01-01,7378.21
Sanford - Armstrong,2021,2021-01-01,3529.67
Sanford LLC,2021,2021-01-01,14963.61
Satterfield LLC,2021,2021-01-01,4058.12
Sauer and Sons,2021,2021-01-01,135.19
"Sauer, Marks and Hettinger",2021,2021-01-01,12399.31
Sawayn - Jaskolski,2021,2021-01-01,6591.53
Sawayn - Moen,2021,2021-01-01,2178.97
Sawayn - Ortiz,2021,2021-01-01,16264.86
Schaden Group,2021,2021-01-01,62399.8
Schaden LLC,2021,2021-01-01,3080.0
"SchamBundelr, Kirlin and Schuppe",2021,2021-01-01,8836.18
"Schiller, Wunsch and Streich",2021,2021-01-01,6991.15
Schimmel LLC,2021,2021-01-01,13516.73
Schinner - Rumsfeld,2021,2021-01-01,2522.92
Schinner LLC,2021,2021-01-01,2398.58
Schmeler - Ankunding,2021,2021-01-01,6684.32
Schmeler - Little,2021,2021-01-01,55963.33
"Schmeler, Schmitt and Frami",2021,2021-01-01,7215.91
Schmidt - McClure,2021,2021-01-01,1316.61
Schmidt Inc,2021,2021-01-01,623.71
"Schmidt, Weissnat and Fritsch",2021,2021-01-01,12300.7
Schmitt - Herman,2021,2021-01-01,23249.69
Schmitt - Zieme,2021,2021-01-01,8509.31
Schmitt LLC,2021,2021-01-01,3231.85
"Schmitt, Grady and Dickens",2021,2021-01-01,2997.21
Schneider - Marquardt,2021,2021-01-01,1825.0
"Schneider, Champlin and O'Connell",2021,2021-01-01,12365.48
SchoStantner - Lueilwitz,2021,2021-01-01,1537.21
SchoStantner - Ritchie,2021,2021-01-01,4297.77
SchoStantner Group,2021,2021-01-01,1049.88
Schoen LLC,2021,2021-01-01,8045.05
"Schoen, Hudson and SchamBundelr",2021,2021-01-01,36726.62
Schroeder - Larkin,2021,2021-01-01,14687.24
Schulist - Davis,2021,2021-01-01,298.27
Schulist - Wyman,2021,2021-01-01,7382.23
Schulist Group,2021,2021-01-01,4397.0
"Schulist, Abtel and Wilderman",2021,2021-01-01,4364.96
Schumm - Bergstrom,2021,2021-01-01,5944.78
Schumm - Feil,2021,2021-01-01,1766.84
Schumm Group,2021,2021-01-01,14923.0
Schumm and Sons,2021,2021-01-01,4245.63
"Schumm, Gerlach and Runolfsson",2021,2021-01-01,5568.26
Schuppe - Lynch,2021,2021-01-01,4561.5
"Schuppe, Hegmann and Kerluke",2021,2021-01-01,25480.4
"Schuppe, Kuhic and Kerluke",2021,2021-01-01,11566.69
Schuster - Torp,2021,2021-01-01,20942.39
Schuster and Sons,2021,2021-01-01,33843.72
Senger LLC,2021,2021-01-01,15081.32
"Shanahan, Hettinger and Butler",2021,2021-01-01,8263.64
Shields Inc,2021,2021-01-01,1945.33
"Simonis, Boone and Swift",2021,2021-01-01,4322.85
Sipes Group,2021,2021-01-01,2630.61
"Sipes, Dare and Hessel",2021,2021-01-01,1669.0
"Sipes, O'Hara and Okuneva",2021,2021-01-01,1300.56
Skiles Group,2021,2021-01-01,5265.43
Smith - Rice,2021,2021-01-01,8766.0
Smitham Group,2021,2021-01-01,19392.81
Smitham Inc,2021,2021-01-01,7034.71
"Smitham, Grimes and Bernier",2021,2021-01-01,1462.01
"Smitham, Hintz and Hamill",2021,2021-01-01,14612.04
Sporer - Bednar,2021,2021-01-01,4065.14
Sporer - Hills,2021,2021-01-01,4873.62
Sporer Group,2021,2021-01-01,7501.55
Stamm -Truman,2021,2021-01-01,5143.09
Stantner - Trantow,2021,2021-01-01,5138.54
Stantner Group,2021,2021-01-01,1015.78
Stantner LLC,2021,2021-01-01,4024.23
"Stantner, Ponting and Rosenbaum",2021,2021-01-01,9748.7
Stanton - Fadel,2021,2021-01-01,4229.59
"Stanton, Bergstrom and Skiles",2021,2021-01-01,1625.45
"Stanton, Ernser and Crona",2021,2021-01-01,5554.54
"Stanton, Kessler and Quigley",2021,2021-01-01,4340.89
Stark - Moen,2021,2021-01-01,13153.04
Stark Group,2021,2021-01-01,3025.29
Stark LLC,2021,2021-01-01,11183.68
"Stark, Lockman and SchoStantner",2021,2021-01-01,200.55
"Stark, Murray and Rogahn",2021,2021-01-01,5554.22
Stehr LLC,2021,2021-01-01,5804.9
Stehr and Sons,2021,2021-01-01,23891.46
"Steuber, Gibson and Kuhlman",2021,2021-01-01,2162.31
Stiedemann Group,2021,2021-01-01,15517.63
Stiedemann Inc,2021,2021-01-01,1787.9
"Stiedemann, Labadie and Prosacco",2021,2021-01-01,19417.2
Stoltenberg LLC,2021,2021-01-01,30147.87
"Stoltenberg, Batz and Heidenreich",2021,2021-01-01,5775.82
Stracke - Cassin,2021,2021-01-01,2354.44
Streich - Kiehn,2021,2021-01-01,9557.32
"Stroman, McGlynn and Luettgen",2021,2021-01-01,5593.32
Strosin - Bins,2021,2021-01-01,5016.4
Strosin and Sons,2021,2021-01-01,106.29
"Strosin, McGlynn and Emmerich",2021,2021-01-01,10545.88
"Swaniawski, Orn and Smitham",2021,2021-01-01,1643.78
Swift - Auer,2021,2021-01-01,608.67
Tanner - Gaverman,2021,2021-01-01,2584.76
Tanner Inc,2021,2021-01-01,14443.57
Terry - Dooley,2021,2021-01-01,2847.8
"Thiel, Klocko and Hilpert",2021,2021-01-01,5230.32
Tillman - Kuvalis,2021,2021-01-01,12168.33
Tillman LLC,2021,2021-01-01,9364.66
"Torp, Bosco and Agarwal",2021,2021-01-01,32908.16
"Torp, Murray and Rolfson",2021,2021-01-01,1651.52
"Torp, Schneider and Lesch",2021,2021-01-01,2703.41
Torphy - Ledner,2021,2021-01-01,3207.0
Towne - Kub,2021,2021-01-01,52039.1
"Trantow, Dickens and Rogahn",2021,2021-01-01,2757.55
"Tremblay, Schroeder and Cassle",2021,2021-01-01,12532.61
Treutel LLC,2021,2021-01-01,1237.37
Tromp Group,2021,2021-01-01,1285.52
"Tromp, Gillespie and Pimpernel",2021,2021-01-01,26176.03
Turcotte - Kling,2021,2021-01-01,5414.58
Ullrich - Greenfelder,2021,2021-01-01,24398.54
Ullrich - Lebsack,2021,2021-01-01,3923.75
"Ullrich, Frost and Purdy",2021,2021-01-01,1988.29
Upton - Johnston,2021,2021-01-01,2061.05
Upton - Stehr,2021,2021-01-01,3600.39
"Upton, Steuber and Conn",2021,2021-01-01,1935.77
Vandervort - Upton,2021,2021-01-01,25096.7
Vandervort LLC,2021,2021-01-01,4616.0
"Veum, Pollich and Kuvalis",2021,2021-01-01,11563.47
"Volkman, Krajcik and Volkman",2021,2021-01-01,2701.92
"Volkman, Ponting and Stanton",2021,2021-01-01,468.28
Waelchi - Botsford,2021,2021-01-01,3118.68
Waelchi - Conroy,2021,2021-01-01,1717.71
Walsh - Dare,2021,2021-01-01,8334.84
Ward - Towne,2021,2021-01-01,6540.8
Ward Inc,2021,2021-01-01,1899.2
Waters and Sons,2021,2021-01-01,3229.43
"Waters, Wyman and Abbott",2021,2021-01-01,4412.0
Watsica and Sons,2021,2021-01-01,1990.45
"Watsica, Leannon and McCullough",2021,2021-01-01,5097.97
Waugh - Hamill,2021,2021-01-01,2442.69
Waugh Inc,2021,2021-01-01,6177.93
"Waugh, King and Bins",2021,2021-01-01,3113.53
Wehner LLC,2021,2021-01-01,442.21
Wehner and Sons,2021,2021-01-01,52159.9
Weimann - Hessel,2021,2021-01-01,1651.0
Weimann and Sons,2021,2021-01-01,11230.78
Weissnat Group,2021,2021-01-01,4445.01
Weissnat and Sons,2021,2021-01-01,5300.17
"West, Toy and Cummings",2021,2021-01-01,11765.66
West-Witting,2021,2021-01-01,24195.0
White Inc,2021,2021-01-01,7994.9
"White, Keeling and Jakubowski",2021,2021-01-01,29022.5
Wiegand - Breitenberg,2021,2021-01-01,5825.6
Wiegand - Jacobs,2021,2021-01-01,1595.37
"Windler, Bashirian and Feest",2021,2021-01-01,4467.24
"Wisoky, Feest and Hegmann",2021,2021-01-01,2582.07
"Wisoky, Kuhic and Herman",2021,2021-01-01,417.14
Wisozk LLC,2021,2021-01-01,5579.28
Wiza - Robel,2021,2021-01-01,11908.62
Wiza Group,2021,2021-01-01,8290.71
Wiza and Sons,2021,2021-01-01,16450.49
Wolf - Kemmer,2021,2021-01-01,5046.83
Wolf - Weber,2021,2021-01-01,4448.18
"Wolff, Kihn and Hagenes",2021,2021-01-01,10680.6
Wuckert - Collier,2021,2021-01-01,19687.78
Wuckert Group,2021,2021-01-01,3207.79
Wunsch LLC,2021,2021-01-01,374.42
"Wunsch, Marquardt and Bon",2021,2021-01-01,706.94
"Wunsch, Rogahn and Reinger",2021,2021-01-01,48253.2
"Wyman, Harber and Jakubowski",2021,2021-01-01,6438.64
Yost - Hettinger,2021,2021-01-01,1262.46
Yost - Kemmer,2021,2021-01-01,603.65
Yost and Sons,2021,2021-01-01,3349.18
Zamber Group,2021,2021-01-01,768.1
"Zamber, Gaverman and Hableton",2021,2021-01-01,45865.56
Zboncak Group,2021,2021-01-01,1690.63
Zboncak LLC,2021,2021-01-01,59419.79
Zemlak - Cormier,2021,2021-01-01,12450.11
Zemlak Group,2021,2021-01-01,87766.09
"Zemlak, Steuber and Rempel",2021,2021-01-01,2753.55
Ziemann - Weber,2021,2021-01-01,1827.01
Ziemann Group,2021,2021-01-01,3175.7
Zieme Group,2021,2021-01-01,19666.88
"Aberly, Fadel and Schimmel",2022,2022-01-01,2572.05
Abtel Group,2022,2022-01-01,3572.6
"Abtel, Rumsfeld andTruman",2022,2022-01-01,273.75
Adams Group,2022,2022-01-01,7143.57
"Adams, Braun and Conroy",2022,2022-01-01,514.33
"Adams, Harvey and Wehner",2022,2022-01-01,5001.7
Agarwal LLC,2022,2022-01-01,1668.57
Agarwaliamson - Hartmann,2022,2022-01-01,17631.17
Agarwaliamson - Mayert,2022,2022-01-01,2285.59
"Agarwalms, Jerde and Cormier",2022,2022-01-01,6641.2
Aleyon Company,2022,2022-01-01,215.59
Altenwerth - Rosenbaum,2022,2022-01-01,2433.67
"Altenwerth, Beahan and Buckridge",2022,2022-01-01,4978.55
Ankunding - Frami,2022,2022-01-01,6048.57
Auer - Barton,2022,2022-01-01,3475.52
"Auer, Jones and Agarwal",2022,2022-01-01,24964.07
Aufderhar Group,2022,2022-01-01,8487.26
Aufderhar LLC,2022,2022-01-01,8546.41
Aufderhar and Sons,2022,2022-01-01,2079.7
"Avelona,, Fanbender and Trafton",2022,2022-01-01,89.12
"Avelona,, Jacuz and Mikhael",2022,2022-01-01,4879.33
Balistreri - Ondricka,2022,2022-01-01,831.28
Barrows - King,2022,2022-01-01,4797.14
Barrows LLC,2022,2022-01-01,4756.03
"Barrows, Raynor and Funk",2022,2022-01-01,2785.63
"Bartell, Cremin and Kuvalis",2022,2022-01-01,35713.5
"Bartoletti, Hodkiewicz and Sanford",2022,2022-01-01,1774.86
"Barton, Heidenreich and Witting",2022,2022-01-01,7583.78
"Barton, Murray and Volkman",2022,2022-01-01,18478.0
Bashirian - Mante,2022,2022-01-01,3063.39
"Bashirian, Nader and Rosenbaum",2022,2022-01-01,1910.0
Batz - Aufderhar,2022,2022-01-01,14470.64
Baumbach - Zamber,2022,2022-01-01,747.16
"Bayer, Adams and Hilll",2022,2022-01-01,8992.64
Beahan Inc,2022,2022-01-01,2987.24
Beahan LLC,2022,2022-01-01,5152.97
Beahan and Sons,2022,2022-01-01,4506.34
Bechel - Luettgen,2022,2022-01-01,5335.79
Bechel Inc,2022,2022-01-01,9269.39
Bednar - SchamBundelr,2022,2022-01-01,1725.73
Beer - Belfact,2022,2022-01-01,4082.18
Beer - O'Hara,2022,2022-01-01,3478.53
Beer - Ruecker,2022,2022-01-01,1007.66
Beier Group,2022,2022-01-01,5717.0
Beier Inc,2022,2022-01-01,9351.62
Belfact LLC,2022,2022-01-01,11436.67
Belfact and Sons,2022,2022-01-01,3725.07
"Belfact, Balistreri and Kreiger",2022,2022-01-01,7643.03
"Belfact, O'Connell and Bogan",2022,2022-01-01,118.32
"Belfact, Wintheiser and Beatty",2022,2022-01-01,13200.14
Benjamin Batterbond,2022,2022-01-01,54285.0
Bergstrom LLC,2022,2022-01-01,11030.07
"Bernier, Abbott and Mann",2022,2022-01-01,3574.79
"Bernier, Metz and Fay",2022,2022-01-01,30935.75
"Bernier, West and Pimpernel",2022,2022-01-01,3062.39
Bins LLC,2022,2022-01-01,1554.21
Blanda - Kerluke,2022,2022-01-01,4969.62
Blanda - O'Hara,2022,2022-01-01,6257.86
Blick - Harvey,2022,2022-01-01,1966.38
"Blick, Bernier and Flatley",2022,2022-01-01,3861.58
"Blick, Nolan and Lebsack",2022,2022-01-01,1781.88
"Blick, O'Reilly and Pfannerstill",2022,2022-01-01,15596.34
"Block, Gerhold and Pollich",2022,2022-01-01,7700.1
"Block, Kassulke and Murray",2022,2022-01-01,1698.0
"Block, Windler and Schmidt",2022,2022-01-01,8625.54
Bode - Morissette,2022,2022-01-01,3356.19
"Bode, Agarwal and Deckow",2022,2022-01-01,2514.89
"Bode, Bartoletti and Schultz",2022,2022-01-01,8370.93
Boehm - Kuvalis,2022,2022-01-01,3574.79
Boehm - Romaguera,2022,2022-01-01,2422.64
Bogan Group,2022,2022-01-01,1670.58
Bogisich Inc,2022,2022-01-01,586.0
Bogisich and Sons,2022,2022-01-01,6310.64
"Bogisich, Osinski and Gusikowski",2022,2022-01-01,5543.19
"Bon, Smith and Kuhic",2022,2022-01-01,4603.61
Boone Inc,2022,2022-01-01,9365.66
"Boone, Franecki and Mills",2022,2022-01-01,901.47
Borer and Sons,2022,2022-01-01,9484.33
Bosco - Adams,2022,2022-01-01,6234.31
Bosco - Agarwal,2022,2022-01-01,838.3
Bosco Group,2022,2022-01-01,2451.33
Bosco LLC,2022,2022-01-01,428.17
Bosco and Sons,2022,2022-01-01,4868.0
"Botsford, Goodwin and Weber",2022,2022-01-01,11013.17
Boyle Inc,2022,2022-01-01,2320.36
Bradtke - Goodwin,2022,2022-01-01,1799.93
Bradtke and Sons,2022,2022-01-01,34242.07
"Bradtke, Aufderhar and Bednar",2022,2022-01-01,1961.37
Brakus - Schimmel,2022,2022-01-01,14.04
Brakus - Stantner,2022,2022-01-01,306.84
Breitenberg Group,2022,2022-01-01,3297.03
Breitenberg LLC,2022,2022-01-01,3723.4
Brekke - Wolff,2022,2022-01-01,339.93
"Brekke, Goodwin and Purdy",2022,2022-01-01,18243.33
"Brekke, Stroman and Belfact",2022,2022-01-01,184.51
Brown - Daniel,2022,2022-01-01,6289.0
Bruen - Schinner,2022,2022-01-01,432.18
"Buckridge, Quitzon and Lesch",2022,2022-01-01,1016.78
"Buckridge, Stoltenberg and Stiedemann",2022,2022-01-01,12387.37
Bundel - Hagenes,2022,2022-01-01,9239.0
Bundel - Reichert,2022,2022-01-01,3310.0
Bundel - Sauer,2022,2022-01-01,2106.77
Bundel Inc,2022,2022-01-01,5702.63
Bundel and Sons,2022,2022-01-01,9140.04
Butler - Franecki,2022,2022-01-01,2052.81
Butler LLC,2022,2022-01-01,12701.16
Butler and Sons,2022,2022-01-01,167.46
"Butler, Veum and Pouros",2022,2022-01-01,3155.64
"Campbelll, Schroeder and Harber",2022,2022-01-01,8428.09
Canten - Koelpin,2022,2022-01-01,3618.96
Canten - Larson,2022,2022-01-01,645.77
Cassin - Tillman,2022,2022-01-01,6243.11
Cassin - Trantow,2022,2022-01-01,6156.0
"Cassin, Casper and Cremin",2022,2022-01-01,4173.43
Cassle - Hirthe,2022,2022-01-01,13855.0
Cassle - Mosciski,2022,2022-01-01,24792.97
Cassle and Sons,2022,2022-01-01,29924.99
Cerner Group,2022,2022-01-01,1275.49
"Cerner, Farrell and White",2022,2022-01-01,323.89
Chechauski Inc,2022,2022-01-01,28058.87
Chechauski LLC,2022,2022-01-01,944.58
"Chechauski, Huels and Kunze",2022,2022-01-01,577.92
"Chechauski, Jaskolski and Corkery",2022,2022-01-01,2045.61
Christiansen and Sons,2022,2022-01-01,1685.62
"Christiansen, Halvorson and Rolfson",2022,2022-01-01,1516.15
"Cole, Considine and Mraz",2022,2022-01-01,4757.03
Collier - O'Kon,2022,2022-01-01,2007.12
Collier - Skiles,2022,2022-01-01,29521.69
Collier LLC,2022,2022-01-01,26660.04
"Collier, Conn and Dooley",2022,2022-01-01,16068.0
"Collier, Ortiz and Marquardt",2022,2022-01-01,55450.36
Collins - Dooley,2022,2022-01-01,7904.83
Collins - Rosenbaum,2022,2022-01-01,30938.96
"Collins, Casper and Rogahn",2022,2022-01-01,2330.38
"Collins, Fahey and Mackerrel",2022,2022-01-01,176658.0
Conn Group,2022,2022-01-01,1243.33
Connelly - Cerner,2022,2022-01-01,1086.98
Conroy Inc,2022,2022-01-01,67.18
Considine Group,2022,2022-01-01,629.73
Considine and Sons,2022,2022-01-01,9098.97
Corkery - Powlowski,2022,2022-01-01,1907.61
Corkery - Tanner,2022,2022-01-01,7174.97
Corkery LLC,2022,2022-01-01,339.4
Cormier - Bergstrom,2022,2022-01-01,13262.34
Cormier and Sons,2022,2022-01-01,2286.26
"Cormier, Powlowski and Murazik",2022,2022-01-01,3806.43
Corwin LLC,2022,2022-01-01,2295.29
Crist - Pagac,2022,2022-01-01,5442.96
Crist Group,2022,2022-01-01,6193.97
"Crist, Ondricka and DuBuque",2022,2022-01-01,35390.96
Crona - Dickens,2022,2022-01-01,7545.68
Cronin - Lehner,2022,2022-01-01,25773.61
"Cronin, Canten and Langosh",2022,2022-01-01,1340.67
"Cronin, Frost and Ratke",2022,2022-01-01,60959.5
Crooks LLC,2022,2022-01-01,6273.18
"Cummerata, Greenholt and Rogahn",2022,2022-01-01,6194.97
"Cummerata, Legros and Kohler",2022,2022-01-01,18312.17
Cummings - Blick,2022,2022-01-01,2925.0
Cummings - Kilback,2022,2022-01-01,1849.07
Cummings - Kuphal,2022,2022-01-01,6196.96
Cummings and Sons,2022,2022-01-01,12484.61
"Cummings, Pollich and Hoppe",2022,2022-01-01,79657.24
D'Amore Group,2022,2022-01-01,19311.91
D'Amore and Sons,2022,2022-01-01,1812.97
"D'Amore, Bechel and Bechel",2022,2022-01-01,2638.23
"D'Amore, Bernier and Canten",2022,2022-01-01,10725.09
Dach - Kunze,2022,2022-01-01,2584.26
Dach Inc,2022,2022-01-01,2699.4
Daniel - Dietrich,2022,2022-01-01,321.08
"Daniel, MacGyver and Ernser",2022,2022-01-01,15262.81
"Daniel, Roberts and Weimann",2022,2022-01-01,5875.09
Dare - Wisozk,2022,2022-01-01,17620.27
Dare Inc,2022,2022-01-01,1069.93
Davis - Frami,2022,2022-01-01,3954.85
Davis - Hyatt,2022,2022-01-01,5242.36
Davis and Sons,2022,2022-01-01,59750.7
Deckow - Deckow,2022,2022-01-01,2067.33
Deckow - Kulas,2022,2022-01-01,800.19
Deckow LLC,2022,2022-01-01,4483.24
"Deckow, Rempel and Orn",2022,2022-01-01,1838.04
"Dibbert, Flatley and Mitchell",2022,2022-01-01,7561.71
Dickens Inc,2022,2022-01-01,811.22
Dicki - Buckridge,2022,2022-01-01,9735.34
Dicki - Wilderman,2022,2022-01-01,6846.76
"Dicki, Bosco and Rempel",2022,2022-01-01,43205.37
Dickinson Inc,2022,2022-01-01,5524.14
Dietrich - Gaverman,2022,2022-01-01,574.57
Dietrich - Klocko,2022,2022-01-01,26525.68
Dietrich Inc,2022,2022-01-01,1451.98
Dietrich and Sons,2022,2022-01-01,15258.0
"Dietrich, Ernser and Smitham",2022,2022-01-01,392.07
"Dietrich, Larson and Murazik",2022,2022-01-01,109238.81
Donnelly and Sons,2022,2022-01-01,5165.0
"Donnelly, Crist and Deckow",2022,2022-01-01,1059.22
"Dooley, Borer and Hodkiewicz",2022,2022-01-01,3803.42
Douglas - Kozey,2022,2022-01-01,29808.67
Douglas - Schaden,2022,2022-01-01,27947.15
"Douglas, Rolfson and Gammendor",2022,2022-01-01,4406.57
Doyle Group,2022,2022-01-01,220.6
Ebert - Lowe,2022,2022-01-01,1700.01
Ebert - Sawayn,2022,2022-01-01,869.38
Effertz Group,2022,2022-01-01,9276.41
Effertz Inc,2022,2022-01-01,5601.35
"Emmerich, Block and Huel",2022,2022-01-01,2622.19
Erdman - Kozey,2022,2022-01-01,5810.63
Erdman - MacGyver,2022,2022-01-01,2803.46
Erdman - Macejkovic,2022,2022-01-01,738.02
Erdman - Stehr,2022,2022-01-01,1582.34
Erdman Group,2022,2022-01-01,50775.1
Erdman LLC,2022,2022-01-01,1673.21
Erdman and Sons,2022,2022-01-01,13706.57
"Erdman, Bode and Beier",2022,2022-01-01,5903.17
"Erdman, Schaden and Bechel",2022,2022-01-01,16848.23
Ernser - Zboncak,2022,2022-01-01,1709.77
"Ernser, D'Amore and Gulgowski",2022,2022-01-01,2688.37
Fadel LLC,2022,2022-01-01,2446.7
Fahey and Sons,2022,2022-01-01,6710.38
"Fahey, Collins and Labadie",2022,2022-01-01,2369.5
Farrell and Sons,2022,2022-01-01,1921.1
"Farrell, Fahey and Funk",2022,2022-01-01,1396.83
"Farrell, Legros and Murray",2022,2022-01-01,4218.0
Fay Group,2022,2022-01-01,1785.27
Fay Inc,2022,2022-01-01,16635.58
Fay LLC,2022,2022-01-01,11892.67
"Fay, Hauck and Oberbrunner",2022,2022-01-01,25697.33
"Fay, Orn and Wiza",2022,2022-01-01,3007.24
Feil - Bode,2022,2022-01-01,699.0
Feil - Breitenberg,2022,2022-01-01,53048.76
Feil - Dickens,2022,2022-01-01,16.0
"Feil, Norman and Mayer",2022,2022-01-01,6809.66
Ferry Group,2022,2022-01-01,2913.98
Ferry Inc,2022,2022-01-01,6360.71
Ferry and Sons,2022,2022-01-01,1375.41
Fisher LLC,2022,2022-01-01,3571.79
"Fisher, Mann and Klocko",2022,2022-01-01,4269.7
Flatley - Tanner,2022,2022-01-01,3112.53
Flatley Inc,2022,2022-01-01,1521.67
Frami - Lockman,2022,2022-01-01,401.05
Frami Group,2022,2022-01-01,31745.98
Frami LLC,2022,2022-01-01,847.32
"Frami, Hackett and Rohan",2022,2022-01-01,1733.75
Franecki Group,2022,2022-01-01,1820.0
Friesen Group,2022,2022-01-01,6452.88
"Friesen, Gillespie and Parisian",2022,2022-01-01,1491.0
"Friesen, Schimmel and Stamm",2022,2022-01-01,127.0
Frost - Rumsfeld,2022,2022-01-01,1769.0
Frost - Wehner,2022,2022-01-01,7143.53
Frost Group,2022,2022-01-01,18772.44
"Frost, Olson and Schmeler",2022,2022-01-01,5092.95
Funk LLC,2022,2022-01-01,34108.46
"Funk, Oberbrunner and Marvin",2022,2022-01-01,2211.33
Gammendor - Agarwal,2022,2022-01-01,1499.11
Gammendor - Frost,2022,2022-01-01,15095.36
Gammendor Inc,2022,2022-01-01,1377.78
"Gammendor, Hintz and Zboncak",2022,2022-01-01,4286.74
Gaverman - Boyer,2022,2022-01-01,10524.84
Gaverman - Erdman,2022,2022-01-01,6215.05
Gaylord Group,2022,2022-01-01,4160.4
"Gaylord, Fay and Frost",2022,2022-01-01,20911.81
"Gerhold, Moen and D'Amore",2022,2022-01-01,6758.52
Gerlach and Sons,2022,2022-01-01,3343.39
"Gerlach, Crist and Mueller",2022,2022-01-01,383.05
Gibson Group,2022,2022-01-01,9705.6
"Gillespie, Ankunding and Schuster",2022,2022-01-01,118764.38
Gislason Group,2022,2022-01-01,48378.97
Gislason LLC,2022,2022-01-01,18671.16
Gleason - Hableton,2022,2022-01-01,868.38
Gleason and Sons,2022,2022-01-01,9769.76
Gleichner - Lockman,2022,2022-01-01,3136.6
"Gleichner, Nikolaus and Raynor",2022,2022-01-01,2741.51
"Glover, Hirthe and Dare",2022,2022-01-01,1164.19
Goldner Inc,2022,2022-01-01,6686.26
"Goldner, White and Bundel",2022,2022-01-01,16611.67
Goodwin and Sons,2022,2022-01-01,4320.84
"Goodwin, O'Reilly and Buckridge",2022,2022-01-01,194410.64
Gorczany - Marvin,2022,2022-01-01,1400.84
Gorczany - Roob,2022,2022-01-01,9958.28
Gottlieb - Huel,2022,2022-01-01,33361.54
Gottlieb - Smitham,2022,2022-01-01,5361.66
"Gottlieb, Sawayn and Jacobs",2022,2022-01-01,2282.25
"Goyette, Kerluke and Rempel",2022,2022-01-01,12839.18
"Goyette, Reichert and Parker",2022,2022-01-01,28400.4
Grady Inc,2022,2022-01-01,9309.51
Grady LLC,2022,2022-01-01,9082.88
Graham Group,2022,2022-01-01,737.02
Graham Inc,2022,2022-01-01,10067.58
Graham and Sons,2022,2022-01-01,44462.09
"Graham, Hayes and Frami",2022,2022-01-01,8755.99
Grant Inc,2022,2022-01-01,7434.89
Grant LLC,2022,2022-01-01,70566.34
Greenfelder - Schmitt,2022,2022-01-01,392.07
"Greenfelder, Okuneva and Bundel",2022,2022-01-01,4022.02
Greenholt - Farrell,2022,2022-01-01,1894.2
Greenholt LLC,2022,2022-01-01,12394.82
"Greenholt, Bergstrom and Rolfson",2022,2022-01-01,2312.0
"Grimes, Dickens and Gillespie",2022,2022-01-01,1400.0
"Grimes, Kshlerin and Connelly",2022,2022-01-01,10910.97
"Gulgowski, Lang and Mosciski",2022,2022-01-01,5215.44
Gupta - Agarwal,2022,2022-01-01,16335.88
Gupta - Hessel,2022,2022-01-01,11685.17
Gupta Group,2022,2022-01-01,8493.76
Gupta LLC,2022,2022-01-01,25517.9
"Gupta,Agarwal and Nolan",2022,2022-01-01,3666.0
Gusikowski Inc,2022,2022-01-01,7633.3
Gutkowski - Hessel,2022,2022-01-01,1212.32
Gutkowski - Sauer,2022,2022-01-01,3212.8
Gutkowski and Sons,2022,2022-01-01,1135.11
"Gutkowski, Windler and Kunze",2022,2022-01-01,4840.26
Gutmann - Larkin,2022,2022-01-01,7725.67
"Gutmann, Brakus and Rutherford",2022,2022-01-01,2740.51
"Gutmann, Fadel and Klein",2022,2022-01-01,2729.0
Haag LLC,2022,2022-01-01,1940.31
"Haag, Hane and Terry",2022,2022-01-01,2124.82
Hableton - Hintz,2022,2022-01-01,11160.58
Hackett LLC,2022,2022-01-01,3594.85
Hahn - Gleichner,2022,2022-01-01,3613.9
Hahn - Nitzsche,2022,2022-01-01,861.3
Hahn - Shields,2022,2022-01-01,143.39
"Hahn, Nienow and Baumbach",2022,2022-01-01,121036.33
Halvorson Group,2022,2022-01-01,1985.53
Halvorson and Sons,2022,2022-01-01,5103.98
Hamill - Kuphal,2022,2022-01-01,2254.18
"Hamill, Tanner and Stracke",2022,2022-01-01,1516.15
Hammes LLC,2022,2022-01-01,1228.37
Hane - Oberbrunner,2022,2022-01-01,13264.79
"Harber, Hartmann and Hessel",2022,2022-01-01,2176.96
Harris Group,2022,2022-01-01,2751.54
Harris LLC,2022,2022-01-01,15101.45
"Harris, Crooks and Ferry",2022,2022-01-01,13993.6
Hartmann Group,2022,2022-01-01,36348.06
Harvey - Metz,2022,2022-01-01,8825.0
Harvey Inc,2022,2022-01-01,1173.21
Harvey and Sons,2022,2022-01-01,52185.59
Hauck - Adams,2022,2022-01-01,3536.69
Hauck and Sons,2022,2022-01-01,1238.39
"Hayes, Orn and Cassin",2022,2022-01-01,2682.45
Heaney - Borer,2022,2022-01-01,1824.33
Heaney LLC,2022,2022-01-01,6792.61
"Heaney, Robel and Simonis",2022,2022-01-01,610.68
Heathcote Inc,2022,2022-01-01,108990.6
"Heathcote, Oberbrunner and Considine",2022,2022-01-01,260549.83
Hegmann - Hartmann,2022,2022-01-01,3578.8
Hegmann - Mayert,2022,2022-01-01,4812.76
"Hegmann, Corwin and Canten",2022,2022-01-01,1020.51
Heidenreich - Norman,2022,2022-01-01,480.0
Heidenreich - O'Hara,2022,2022-01-01,1591.36
"Heidenreich, Bartoletti and Franecki",2022,2022-01-01,571.28
"Heidenreich, Hauck and Koelpin",2022,2022-01-01,1360.73
Herman - Quitzon,2022,2022-01-01,4431.15
Herman - Wyman,2022,2022-01-01,250.69
"Herman, Hackett and Agarwal",2022,2022-01-01,350.0
Hermann and Sons,2022,2022-01-01,1369.75
"Hermann, Bernier and Watsica",2022,2022-01-01,5415.84
"Hermann, Bogisich and Rosenbaum",2022,2022-01-01,969.66
"Hermann, Crooks and Pollich",2022,2022-01-01,8017.43
"Hermann, Hilll and Klein",2022,2022-01-01,5590.32
"Hermann, Huel and Stiedemann",2022,2022-01-01,13192.05
Hermiston - Wuckert,2022,2022-01-01,1925.27
"Hermiston, Weimann and Lemke",2022,2022-01-01,16732.9
Herzog - Donnelly,2022,2022-01-01,34748.6
Herzog LLC,2022,2022-01-01,7833.46
Herzog and Sons,2022,2022-01-01,219.3
Hessel - McDermott,2022,2022-01-01,6242.55
Hessel Group,2022,2022-01-01,4228.79
"Hessel, Aberly and Swaniawski",2022,2022-01-01,1479.0
"Hessel, Koss and Littel",2022,2022-01-01,11769.94
"Hessel, Langworth and Abtel",2022,2022-01-01,9754.0
Hettinger - Reilly,2022,2022-01-01,6416.0
"Hettinger, Bon and Green",2022,2022-01-01,476.3
Hickle - Ernser,2022,2022-01-01,23420.16
Hickle - McCullough,2022,2022-01-01,3379.0
Hickle - Sanford,2022,2022-01-01,640.55
"Hilll, Erdman and Rice",2022,2022-01-01,255.7
"Hilll, Friesen and O'Connell",2022,2022-01-01,71158.96
"Hilll, Kiehn and Douglas",2022,2022-01-01,6446.67
"Hilll, Kohler and Brown",2022,2022-01-01,9687.54
Hills Inc,2022,2022-01-01,1577.8
Hills LLC,2022,2022-01-01,11264.64
Hills and Sons,2022,2022-01-01,4989.67
"Hills, Sauer and SchoStantner",2022,2022-01-01,651.67
Hilpert - Kub,2022,2022-01-01,4792.13
Hilpert Group,2022,2022-01-01,1881.15
Hilpert and Sons,2022,2022-01-01,28112.02
Hintz - Boone,2022,2022-01-01,725.99
Hintz LLC,2022,2022-01-01,564.55
Hintz and Sons,2022,2022-01-01,5484.03
"Hintz, Bartell and Hudson",2022,2022-01-01,564.55
"Hintz, Bogan and Breitenberg",2022,2022-01-01,6500.0
"Hintz, Hableton and O'Kon",2022,2022-01-01,2574.05
"Hintz, McDermott and Walsh",2022,2022-01-01,2340.42
Hirthe - Mueller,2022,2022-01-01,2983.17
Hoeger Group,2022,2022-01-01,10356.37
Homenick - Jacobi,2022,2022-01-01,4981.65
Howe - Gleichner,2022,2022-01-01,13796.59
Howe - Krajcik,2022,2022-01-01,2320.36
"Howe, Stiedemann and Larson",2022,2022-01-01,2574.05
Howell Inc,2022,2022-01-01,4329.0
Hudson - Collier,2022,2022-01-01,772.06
Hudson - Feil,2022,2022-01-01,11356.11
Hudson - Romaguera,2022,2022-01-01,2105.76
Hudson Group,2022,2022-01-01,1679.6
Hudson and Sons,2022,2022-01-01,4365.96
Huel - Simonis,2022,2022-01-01,3255.82
Huel LLC,2022,2022-01-01,41825.59
Huels - Krajcik,2022,2022-01-01,1952.35
Huels - Mante,2022,2022-01-01,1976.0
Huels LLC,2022,2022-01-01,3436.41
Huels and Sons,2022,2022-01-01,3065.4
"Huels, Pollich and Jacobi",2022,2022-01-01,2948.08
Hyatt - Schmitt,2022,2022-01-01,3637.6
Hyatt Group,2022,2022-01-01,11148.57
Hyatt and Sons,2022,2022-01-01,15833.38
"Hyatt, Johns and Lowe",2022,2022-01-01,22780.13
"Hyatt, Mante and D'Amore",2022,2022-01-01,4589.0
Jacobi - Bogisich,2022,2022-01-01,18161.75
Jacobs - Graham,2022,2022-01-01,10841.7
"Jacobs, Howe and Bahringer",2022,2022-01-01,2560.01
Jacobson - Harber,2022,2022-01-01,8092.83
"Jacobson, Raynor and Bechel",2022,2022-01-01,9296.47
Jakubowski LLC,2022,2022-01-01,12241.54
Jaskolski - Auer,2022,2022-01-01,6396.53
Jaskolski - Corkery,2022,2022-01-01,3325.11
Jaskolski Group,2022,2022-01-01,10360.34
Jaskolski LLC,2022,2022-01-01,435.76
"Jaskolski, Raynor and Wehner",2022,2022-01-01,7642.94
Jast - Balistreri,2022,2022-01-01,25861.66
Jast - Cassle,2022,2022-01-01,13722.2
Jast Group,2022,2022-01-01,843.31
Jenkins - Kertzmann,2022,2022-01-01,1635.48
Jenkins Group,2022,2022-01-01,4558.49
Jerde - Hegmann,2022,2022-01-01,7721.71
Jerde - Jacobi,2022,2022-01-01,5280.47
Jerde - Raynor,2022,2022-01-01,29859.8
Johns - Grant,2022,2022-01-01,2990.0
Johns LLC,2022,2022-01-01,11045.27
"Johns, Walsh and Gorczany",2022,2022-01-01,7351.32
Johnson - Kulas,2022,2022-01-01,4710.91
Johnson LLC,2022,2022-01-01,6741.0
"Johnson, Farrell and Zieme",2022,2022-01-01,27062.14
"Johnson, Schneider and Kub",2022,2022-01-01,9546.15
Johnston Group,2022,2022-01-01,13276.38
Johnston LLC,2022,2022-01-01,5579.0
Jones - Kuhlman,2022,2022-01-01,3538.34
Jones LLC,2022,2022-01-01,27372.82
Kassulke - Swift,2022,2022-01-01,604.33
"Kassulke, Fritsch and Lebsack",2022,2022-01-01,55417.96
"Kautzer, Bartell and Schmeler",2022,2022-01-01,7189.7
"Kautzer, Lemke and Hyatt",2022,2022-01-01,68.19
"Kautzer, Mante and Agarwal",2022,2022-01-01,1257.45
"Kautzer, Pagac and Kessler",2022,2022-01-01,7349.0
Keebler Inc,2022,2022-01-01,27907.99
"Keebler, Reichel and Butler",2022,2022-01-01,2546.98
Keeling - Koelpin,2022,2022-01-01,5203.26
"Keeling, Jakubowski and Crist",2022,2022-01-01,1787.9
Kemmer - Shields,2022,2022-01-01,1554.26
Kemmer Group,2022,2022-01-01,7428.35
"Kerluke, Canten and Bernier",2022,2022-01-01,632.73
Kertzmann - Blick,2022,2022-01-01,3904.33
Kertzmann - Langworth,2022,2022-01-01,25388.54
Kertzmann - Mohr,2022,2022-01-01,668.83
Kertzmann Group,2022,2022-01-01,10969.05
"Kertzmann, Sipes and Herzog",2022,2022-01-01,2017.53
Kessler - Fahey,2022,2022-01-01,2346.43
Kessler and Sons,2022,2022-01-01,898.46
"Kessler, Kautzer and Bednar",2022,2022-01-01,4420.11
"Kessler, Steuber and Abbott",2022,2022-01-01,1205.3
Kihn - Gaverman,2022,2022-01-01,3714.83
"Kihn, Goldner and Welch",2022,2022-01-01,323.0
Kilback LLC,2022,2022-01-01,958.0
"Kilback, Johns and Ratke",2022,2022-01-01,1796.0
"Kilback, Lockman and Okuneva",2022,2022-01-01,1052.88
King - Satterfield,2022,2022-01-01,8147.77
King - Toy,2022,2022-01-01,3757.0
King Group,2022,2022-01-01,6715.67
King LLC,2022,2022-01-01,1049.71
King and Sons,2022,2022-01-01,2187.99
"King, Crooks and Ankunding",2022,2022-01-01,13707.0
Kirlin - Simonis,2022,2022-01-01,14254.04
Kirlin LLC,2022,2022-01-01,2923.0
"Kirlin, Haag and Heller",2022,2022-01-01,15039.73
"Kirlin, Streich and Wolff",2022,2022-01-01,1869.35
"Klein, Emmerich and Farrell",2022,2022-01-01,138.38
"Kling, Kessler and Dach",2022,2022-01-01,12978.56
"Klocko, Kessler and Shields",2022,2022-01-01,1711.69
"Klocko, Runolfsson and Langosh",2022,2022-01-01,11818.38
Koch Inc,2022,2022-01-01,1368.38
Koch LLC,2022,2022-01-01,5569.26
Koelpin LLC,2022,2022-01-01,2371.5
Koepp Inc,2022,2022-01-01,14344.3
"Koepp, Schumm and Macejkovic",2022,2022-01-01,4140.34
Kohler and Sons,2022,2022-01-01,20594.43
Konopelski - Mayer,2022,2022-01-01,1508.43
Koss - Streich,2022,2022-01-01,5034.79
Koss Inc,2022,2022-01-01,629.0
"Koss, Jaskolski and O'Connell",2022,2022-01-01,18.05
"Koss, Kub and Hartmann",2022,2022-01-01,4738.98
"Koss, Muller and Little",2022,2022-01-01,1383.79
Kovacek - Torp,2022,2022-01-01,8654.67
Kozey and Sons,2022,2022-01-01,20802.99
"Kozey, Ryan and Batz",2022,2022-01-01,2760.56
Krajcik - Bundel,2022,2022-01-01,771.11
Kreiger - Hilpert,2022,2022-01-01,3574.79
Kreiger - Russel,2022,2022-01-01,23124.35
Kub and Sons,2022,2022-01-01,4709.65
"Kub, Murphy and Pagac",2022,2022-01-01,11911.63
"Kub, Wunsch and O'Kon",2022,2022-01-01,2863.42
Kuhic - Dooley,2022,2022-01-01,4974.21
Kuhlman - Schumm,2022,2022-01-01,1162.0
"Kuhlman, Schulist and Wisozk",2022,2022-01-01,5738.72
Kulas - Ryan,2022,2022-01-01,22307.55
"Kulas, Grady and Bosco",2022,2022-01-01,9586.26
Kunde - Kautzer,2022,2022-01-01,16288.66
Kunde Inc,2022,2022-01-01,18926.92
"Kunde, Tremblay and Erdman",2022,2022-01-01,1532.2
Kunze - Hane,2022,2022-01-01,495.64
Kunze Group,2022,2022-01-01,28050.36
Kunze Inc,2022,2022-01-01,1661.55
Kunze LLC,2022,2022-01-01,20417.94
"Kunze, Jaskolski and Labadie",2022,2022-01-01,17696.48
Kuphal - Hirthe,2022,2022-01-01,18554.83
"Kutch, Gerhold and Quitzon",2022,2022-01-01,22961.17
"Kutch, Larson and Boone",2022,2022-01-01,22885.73
Kuvalis LLC,2022,2022-01-01,16032.67
Labadie Inc,2022,2022-01-01,543.49
Lakin - Connelly,2022,2022-01-01,1333.65
Lakin - Gislason,2022,2022-01-01,929.55
Lakin - Glover,2022,2022-01-01,9475.0
"Lakin, Wisoky and Wintheiser",2022,2022-01-01,2790.65
Lang Inc,2022,2022-01-01,850.56
"Lang, Mitchell and Grant",2022,2022-01-01,16396.96
Langosh Inc,2022,2022-01-01,16197.59
Larkin - Russel,2022,2022-01-01,1220.0
"Larkin, Dickens and Simonis",2022,2022-01-01,32567.9
"Larkin, Graham and Krajcik",2022,2022-01-01,3420.37
"Larkin, Runolfsson and Orn",2022,2022-01-01,20211.37
Larson - Bundel,2022,2022-01-01,16287.63
Larson - Heaney,2022,2022-01-01,2397.52
Larson - Walsh,2022,2022-01-01,4016.0
Leannon Group,2022,2022-01-01,694.9
Leannon Inc,2022,2022-01-01,292.8
Leannon and Sons,2022,2022-01-01,5129.05
"Leannon, Mills and Cronin",2022,2022-01-01,2820.72
Lebsack - Aufderhar,2022,2022-01-01,1942.0
Lebsack - Batz,2022,2022-01-01,10340.45
Lebsack Inc,2022,2022-01-01,10634.13
"Lebsack, Dicki and Bosco",2022,2022-01-01,2733.49
Leffler - Effertz,2022,2022-01-01,484.0
Leffler - Gleason,2022,2022-01-01,1220.34
Leffler - Langworth,2022,2022-01-01,3164.0
Leffler - Veum,2022,2022-01-01,1887.17
"Leffler, Casper and Klocko",2022,2022-01-01,9799.85
"Leffler, Kertzmann and Heathcote",2022,2022-01-01,5889.15
"Leffler, Lesch and Halvorson",2022,2022-01-01,12509.21
"Leffler, Robel and Gulgowski",2022,2022-01-01,10019.45
Legros - Klocko,2022,2022-01-01,9208.2
Legros and Sons,2022,2022-01-01,3696.13
Lehner - Hirthe,2022,2022-01-01,2480.6
Lehner - Mohr,2022,2022-01-01,1246.0
Lemke - Muller,2022,2022-01-01,20730.8
Lemke - Schmeler,2022,2022-01-01,10995.12
Lemke Inc,2022,2022-01-01,3760.3
Lesch - Johnston,2022,2022-01-01,43626.15
Lesch - Mauston,2022,2022-01-01,2934.04
Lesch - Wolff,2022,2022-01-01,9285.3
Lesch Inc,2022,2022-01-01,4718.0
Lesch and Sons,2022,2022-01-01,3011.26
"Lesch, Bernhard and Hills",2022,2022-01-01,33156.81
"Lesch, Klein and Koepp",2022,2022-01-01,5530.15
Leuschke Group,2022,2022-01-01,6408.56
Lind and Sons,2022,2022-01-01,6808.65
"Lind, Turcotte and Kozey",2022,2022-01-01,5315.33
Lindgren LLC,2022,2022-01-01,5721.68
Lindgren and Sons,2022,2022-01-01,27428.14
"Little, Bernhard and Wuckert",2022,2022-01-01,6360.43
Lockman - Gleichner,2022,2022-01-01,4402.06
Lockman LLC,2022,2022-01-01,7075.38
Lockman and Sons,2022,2022-01-01,4625.72
"Lockman, Graham and Crist",2022,2022-01-01,4142.35
Lowe Inc,2022,2022-01-01,3896.67
"Lowe, Weimann and Mertz",2022,2022-01-01,6981.13
"Lubowitz, Dooley and Keeling",2022,2022-01-01,1753.8
"Lubowitz, Franecki and Schuster",2022,2022-01-01,29670.11
"Lubowitz, Schultz and Hilpert",2022,2022-01-01,3074.81
Luettgen LLC,2022,2022-01-01,8822.18
Luettgen and Sons,2022,2022-01-01,1486.07
Lynch - Ritchie,2022,2022-01-01,146.33
Lynch LLC,2022,2022-01-01,1120.33
"Lynch, Haag and Buckridge",2022,2022-01-01,1716.7
"Lynch, Kassulke and Blanda",2022,2022-01-01,5058.86
MacGyver - Bashirian,2022,2022-01-01,3280.99
MacGyver - Mackerrel,2022,2022-01-01,20977.48
MacGyver LLC,2022,2022-01-01,774.06
MacGyver and Sons,2022,2022-01-01,564.55
Macejkovic - Homenick,2022,2022-01-01,5277.45
"Macejkovic, Bosco and Buckridge",2022,2022-01-01,22507.66
"Macejkovic, Cormier and Hayes",2022,2022-01-01,3568.5
"Macejkovic, Wintheiser and Kuhic",2022,2022-01-01,2289.27
Mackerrel LLC,2022,2022-01-01,15166.54
"Mackerrel, Schroeder and Gutkowski",2022,2022-01-01,25294.3
Mann - Hane,2022,2022-01-01,42090.21
Mann - Mauston,2022,2022-01-01,1021.8
Mann and Sons,2022,2022-01-01,2873.87
Marks LLC,2022,2022-01-01,16555.36
Marks and Sons,2022,2022-01-01,1338.1
"Marks, Daniel and Larson",2022,2022-01-01,5751.31
"Marks, Russel and Hudson",2022,2022-01-01,9423.82
Marquardt - Klocko,2022,2022-01-01,2639.0
Marquardt - McClure,2022,2022-01-01,40429.77
Marquardt LLC,2022,2022-01-01,730.0
Mauston Group,2022,2022-01-01,2393.29
Mauston and Sons,2022,2022-01-01,1270.48
"Mauston, Daniel and Kohler",2022,2022-01-01,1467.0
Mayer - Kling,2022,2022-01-01,5644.16
Mayer - Mayert,2022,2022-01-01,1660.55
"Mayert, Cerner and Oberbrunner",2022,2022-01-01,1599.38
"Mayert, Murazik and Ernser",2022,2022-01-01,58352.87
McClure LLC,2022,2022-01-01,5367.71
McCullough - Albertson,2022,2022-01-01,112080.07
McCullough - White,2022,2022-01-01,2066.66
McDermott LLC,2022,2022-01-01,1002.74
"McGlynn, Heathcote and Bergstrom",2022,2022-01-01,3344.16
"McGlynn, Wuckert and Marvin",2022,2022-01-01,19314.15
McKinnon - Fay,2022,2022-01-01,6634.18
McKinnon - Jerde,2022,2022-01-01,6113.75
Medhurst Group,2022,2022-01-01,15031.19
Mertz - Boone,2022,2022-01-01,6422.43
Mertz Inc,2022,2022-01-01,937.17
"Mertz, Kihn and Murazik",2022,2022-01-01,2723.46
Metz - Heathcote,2022,2022-01-01,14394.18
Metz - Sporer,2022,2022-01-01,4864.33
Metz Inc,2022,2022-01-01,42918.83
Metz LLC,2022,2022-01-01,2853.02
Miller Inc,2022,2022-01-01,3644.99
Miller and Sons,2022,2022-01-01,7738.32
"Mills, Ziemann and Pfeffer",2022,2022-01-01,46005.05
Mitchell - Boyer,2022,2022-01-01,5030.78
Mitchell LLC,2022,2022-01-01,6449.34
Moen - Schmeler,2022,2022-01-01,1424.63
Mohr - Streich,2022,2022-01-01,12516.3
Mohr LLC,2022,2022-01-01,16256.55
Monahan - Ruecker,2022,2022-01-01,26286.01
Morissette - Towne,2022,2022-01-01,181580.49
Morissette Group,2022,2022-01-01,7291.1
"Morissette, Purdy and Mraz",2022,2022-01-01,10189.64
"Morissette, Sawayn and Buckridge",2022,2022-01-01,2398.57
Mosciski - Prosacco,2022,2022-01-01,11629.86
Mosciski and Sons,2022,2022-01-01,4611.63
Mraz Group,2022,2022-01-01,2593.81
Mueller - Gusikowski,2022,2022-01-01,3277.33
Mueller LLC,2022,2022-01-01,8635.66
Muller - Reichert,2022,2022-01-01,24553.26
Muller - Spinka,2022,2022-01-01,18543.73
Muller and Sons,2022,2022-01-01,14646.13
Murazik - Ankunding,2022,2022-01-01,3800.03
Murazik - Heaney,2022,2022-01-01,3110.52
"Murazik, Jones and Walsh",2022,2022-01-01,16820.08
Murphy - Bahringer,2022,2022-01-01,3015.69
"Murphy, Orn and Prosacco",2022,2022-01-01,2470.77
"Murphy, Weber and Koch",2022,2022-01-01,627.0
Murray - Bartell,2022,2022-01-01,4043.09
Murray - Dicki,2022,2022-01-01,18928.85
Murray - Kris,2022,2022-01-01,8130.88
Murray Inc,2022,2022-01-01,2408.6
"Murray, Nitzsche and Parisian",2022,2022-01-01,743.0
Nader Group,2022,2022-01-01,3427.39
Nader LLC,2022,2022-01-01,34984.28
"Nader, Gulgowski and Kshlerin",2022,2022-01-01,2966.13
Nienow - Bogisich,2022,2022-01-01,1693.65
"Nienow, Bosco and Nolan",2022,2022-01-01,6700.38
Nikolaus - Bernier,2022,2022-01-01,14623.07
Nikolaus - Daniel,2022,2022-01-01,16326.32
"Nitzsche, Swift and Muller",2022,2022-01-01,2652.26
Nolan Inc,2022,2022-01-01,1881.16
Norman - Lynch,2022,2022-01-01,656.8
O'Connell - Champlin,2022,2022-01-01,625.94
O'Connell - Lehner,2022,2022-01-01,12948.33
"O'Connell, Reilly and Torphy",2022,2022-01-01,2456.0
"O'Connell, Stehr and Schuppe",2022,2022-01-01,4574.53
O'Conner and Sons,2022,2022-01-01,4116.48
"O'Conner, Klocko and Davis",2022,2022-01-01,6228.07
O'Keefe - Skiles,2022,2022-01-01,28239.87
O'Keefe Inc,2022,2022-01-01,1339.67
O'Kon - Trantow,2022,2022-01-01,18890.0
O'Kon - Weber,2022,2022-01-01,20941.38
"O'Kon, Langosh and Kihn",2022,2022-01-01,732.01
Oberbrunner - Belfact,2022,2022-01-01,4260.23
Oberbrunner Inc,2022,2022-01-01,39697.41
"Oberbrunner, Fadel and Dare",2022,2022-01-01,3168.68
"Oberbrunner, Hahn and Kemmer",2022,2022-01-01,5583.57
"Oberbrunner, Ritchie and Labadie",2022,2022-01-01,9000.66
Okuneva - Zamber,2022,2022-01-01,1208.31
Olson LLC,2022,2022-01-01,2335.4
Ondricka - Casper,2022,2022-01-01,176441.88
Ondricka - Sipes,2022,2022-01-01,47175.72
"Ondricka, Donnelly and Larson",2022,2022-01-01,795.18
Orn - Brown,2022,2022-01-01,10834.68
"Orn, Ruecker and Hegmann",2022,2022-01-01,5187.0
Ortiz - Ponting,2022,2022-01-01,24220.36
Ortiz Inc,2022,2022-01-01,5396.78
"Ortiz, Reilly and Aberly",2022,2022-01-01,15946.34
Osinski - Kilback,2022,2022-01-01,376.03
Osinski Group,2022,2022-01-01,8802.12
Osinski LLC,2022,2022-01-01,5645.47
"Osinski, Bradtke and Schmidt",2022,2022-01-01,880.41
"Osinski, Farrell and Kutch",2022,2022-01-01,15103.0
"Osinski, Kemmer and Keebler",2022,2022-01-01,188.52
Pacocha - Chechauski,2022,2022-01-01,1860.1
"Pacocha, McCullough and Stroman",2022,2022-01-01,20257.5
Padberg Inc,2022,2022-01-01,25162.94
"Padberg, Oberbrunner and Toy",2022,2022-01-01,4052.1
"Padberg, Schumm and Moen",2022,2022-01-01,338.93
Pagac - Fay,2022,2022-01-01,1539.22
Pagac - Hermiston,2022,2022-01-01,2150.89
Pagac Group,2022,2022-01-01,40206.67
"Pagac, Rowe and McClure",2022,2022-01-01,1211.32
Parisian - Gorczany,2022,2022-01-01,3272.0
Parker - Daniel,2022,2022-01-01,9673.81
Parker - Runolfsson,2022,2022-01-01,5974.36
Parker and Sons,2022,2022-01-01,13311.47
"Parker, Schuppe and Watsica",2022,2022-01-01,817.24
"Pfeffer, Stamm and Lindgren",2022,2022-01-01,4864.33
Pimpernel - Gaylord,2022,2022-01-01,6219.04
Pollich and Sons,2022,2022-01-01,12702.8
"Pollich, Dicki and Albertson",2022,2022-01-01,217.0
"Pollich, Haag and Padberg",2022,2022-01-01,7894.63
Ponting - Jakubowski,2022,2022-01-01,24301.58
Ponting LLC,2022,2022-01-01,7446.4
Pouros - Erdman,2022,2022-01-01,678.86
Pouros - Gillespie,2022,2022-01-01,3746.26
Pouros - Ward,2022,2022-01-01,48319.38
Powlowski - Hilpert,2022,2022-01-01,3524.66
Price - Greenholt,2022,2022-01-01,9192.18
Prohaska and Sons,2022,2022-01-01,22460.53
Purdy - Macejkovic,2022,2022-01-01,526.44
Purdy - Russel,2022,2022-01-01,8902.39
Purdy Inc,2022,2022-01-01,5957.32
Purdy LLC,2022,2022-01-01,5286.48
"Purdy, Hableton and Thiel",2022,2022-01-01,4368.97
"Purdy, Howe and Cassin",2022,2022-01-01,2995.2
"Purdy, Torphy and Klein",2022,2022-01-01,1716.7
"Quigley, Kub and Ponting",2022,2022-01-01,5387.76
"Quigley, Veum and Reilly",2022,2022-01-01,39720.82
Quitzon Group,2022,2022-01-01,40505.09
Quitzon LLC,2022,2022-01-01,2117.84
Rath - Farrell,2022,2022-01-01,2308.32
Rath Group,2022,2022-01-01,14298.17
"Rath, Hoeger and Kunde",2022,2022-01-01,16829.33
Ratke Inc,2022,2022-01-01,11295.18
Rau Group,2022,2022-01-01,17099.43
Raynor - Gusikowski,2022,2022-01-01,3236.87
Raynor Group,2022,2022-01-01,9990.64
Raynor Inc,2022,2022-01-01,791.0
Reichel - Leannon,2022,2022-01-01,7185.69
Reichel - Trantow,2022,2022-01-01,6639.09
Reichert - Hirthe,2022,2022-01-01,95081.49
Reichert Group,2022,2022-01-01,1360.73
Reilly LLC,2022,2022-01-01,8985.62
Reinger Group,2022,2022-01-01,3331.67
Reinger LLC,2022,2022-01-01,2375.51
"Reinger, Champlin and Streich",2022,2022-01-01,3542.7
Rempel - Cassin,2022,2022-01-01,994.86
Renner - Kozey,2022,2022-01-01,2399.58
Renner - Schiller,2022,2022-01-01,23300.79
"Renner, Hamill and Crona",2022,2022-01-01,482.0
"Renner, Harber and Chechauski",2022,2022-01-01,717.97
Reynolds - Goodwin,2022,2022-01-01,129413.94
Reynolds LLC,2022,2022-01-01,16633.25
"Reynolds, Beier and Agarwalms",2022,2022-01-01,4431.14
"Reynolds, Bundel and Hauck",2022,2022-01-01,13467.0
Rice - Waelchi,2022,2022-01-01,1462.0
"Rice, Gutkowski and DuBuque",2022,2022-01-01,15630.82
Rippin - Langworth,2022,2022-01-01,7140.56
Rippin - Rippin,2022,2022-01-01,794.18
Rippin and Sons,2022,2022-01-01,9699.58
"Rippin, Oberbrunner and Murphy",2022,2022-01-01,2350.67
Ritchie - Johns,2022,2022-01-01,1576.32
Robel Group,2022,2022-01-01,4708.76
"Robel, Kunde and Toy",2022,2022-01-01,1600.38
"Robel, Norman and Bartell",2022,2022-01-01,5022.76
Rodriguez - Metz,2022,2022-01-01,3853.56
Rodriguez LLC,2022,2022-01-01,4780.66
"Rodriguez, Miller and Johnston",2022,2022-01-01,9525.97
Rogahn - Albertson,2022,2022-01-01,19758.59
Rogahn - Botsford,2022,2022-01-01,2315.0
Rogahn Inc,2022,2022-01-01,6456.69
Rogahn LLC,2022,2022-01-01,1558.27
"Rogahn, Steuber and Harvey",2022,2022-01-01,4464.33
Rohan - Heller,2022,2022-01-01,25462.77
Rohan - Osinski,2022,2022-01-01,2202.0
Rohan - Sporer,2022,2022-01-01,16466.67
Rolfson - Mann,2022,2022-01-01,347.95
"Romaguera, Hilll and Hayes",2022,2022-01-01,2199.53
Roob - Halvorson,2022,2022-01-01,740.03
Roob LLC,2022,2022-01-01,11.02
"Roob, Smith and Bechtelar",2022,2022-01-01,3168.51
Rosemont - Lind,2022,2022-01-01,6115.76
Rosemont Inc,2022,2022-01-01,10598.03
Rosemont and Sons,2022,2022-01-01,14893.7
"Rosemont, Beatty and Wolff",2022,2022-01-01,15155.79
Rosenbaum - Hermiston,2022,2022-01-01,23376.18
"Rosenbaum, Bruen and Okuneva",2022,2022-01-01,858.72
Rowe LLC,2022,2022-01-01,8413.39
"Rowe, Franecki and Koelpin",2022,2022-01-01,301.83
"Rumsfeld, Bogan and Canten",2022,2022-01-01,1353.71
Runolfsson - Dare,2022,2022-01-01,1022.0
Runolfsson Group,2022,2022-01-01,7428.35
Runte Group,2022,2022-01-01,2024.12
Runte LLC,2022,2022-01-01,4643.72
Runte and Sons,2022,2022-01-01,875.2
Russel - Botsford,2022,2022-01-01,5273.45
Russel Group,2022,2022-01-01,4605.62
"Russel, White and Koepp",2022,2022-01-01,19909.24
Rutherford Inc,2022,2022-01-01,12953.49
Rutherford and Sons,2022,2022-01-01,1038.63
"Rutherford, Kessler and Reichel",2022,2022-01-01,4067.15
Ryan Group,2022,2022-01-01,1526.18
Ryan LLC,2022,2022-01-01,795.67
Sanford - Armstrong,2022,2022-01-01,348.96
Sanford LLC,2022,2022-01-01,20633.53
"Sanford, Herzog and Kunze",2022,2022-01-01,1667.57
Satterfield Group,2022,2022-01-01,758.08
Satterfield and Sons,2022,2022-01-01,6028.3
"Satterfield, Beier and Gottlieb",2022,2022-01-01,3939.79
"Satterfield, Harber and Ritchie",2022,2022-01-01,489.53
Sauer and Sons,2022,2022-01-01,543.49
"Sauer, Marks and Hettinger",2022,2022-01-01,11009.16
Sawayn - Jaskolski,2022,2022-01-01,11964.22
Sawayn - Moen,2022,2022-01-01,790.16
Sawayn - Ortiz,2022,2022-01-01,66286.61
Schaden Group,2022,2022-01-01,145399.94
Schaden LLC,2022,2022-01-01,3012.23
SchamBundelr - Huels,2022,2022-01-01,5918.22
"SchamBundelr, Kirlin and Schuppe",2022,2022-01-01,3402.32
Schiller - Lakin,2022,2022-01-01,7274.93
Schiller LLC,2022,2022-01-01,9125.0
"Schiller, Wunsch and Streich",2022,2022-01-01,144.0
Schimmel - Stehr,2022,2022-01-01,18330.22
Schimmel LLC,2022,2022-01-01,15083.14
"Schimmel, Shields and Gerlach",2022,2022-01-01,619.7
Schinner LLC,2022,2022-01-01,9264.0
Schmeler - Ankunding,2022,2022-01-01,6548.67
Schmeler - Little,2022,2022-01-01,40947.18
"Schmeler, Schmitt and Frami",2022,2022-01-01,6916.95
"Schmidt, Weissnat and Fritsch",2022,2022-01-01,56743.18
Schmitt - Zieme,2022,2022-01-01,7247.05
Schmitt and Sons,2022,2022-01-01,1452.98
"Schmitt, Grady and Dickens",2022,2022-01-01,13130.97
"Schmitt, Purdy and Reichel",2022,2022-01-01,7094.43
Schneider - Koss,2022,2022-01-01,2990.19
Schneider - Marquardt,2022,2022-01-01,1047.87
Schneider - Wintheiser,2022,2022-01-01,1836.03
"Schneider, Champlin and O'Connell",2022,2022-01-01,26317.1
"Schneider, Homenick and Johnson",2022,2022-01-01,2340.41
SchoStantner - Miller,2022,2022-01-01,745.45
SchoStantner - Ritchie,2022,2022-01-01,210.58
SchoStantner Group,2022,2022-01-01,2567.03
SchoStantner and Sons,2022,2022-01-01,1539.22
Schoen LLC,2022,2022-01-01,5655.49
"Schoen, Hudson and SchamBundelr",2022,2022-01-01,85111.97
Schroeder - Larkin,2022,2022-01-01,26117.56
Schroeder - Mayer,2022,2022-01-01,1579.33
"Schroeder, Crist and Wilderman",2022,2022-01-01,4322.84
Schulist - Davis,2022,2022-01-01,4990.09
Schulist - Hills,2022,2022-01-01,10240.66
Schulist Group,2022,2022-01-01,7263.14
"Schulist, Abtel and Wilderman",2022,2022-01-01,2102.0
"Schulist, Streich and Kertzmann",2022,2022-01-01,3211.0
Schumm - Bergstrom,2022,2022-01-01,2701.0
Schumm - Feil,2022,2022-01-01,680.87
Schumm Group,2022,2022-01-01,15117.42
Schumm and Sons,2022,2022-01-01,12973.54
Schuppe - Lynch,2022,2022-01-01,11755.21
"Schuppe, Hegmann and Kerluke",2022,2022-01-01,17638.32
"Schuppe, Kuhic and Kerluke",2022,2022-01-01,2776.61
"Schuppe, Schumm and Littel",2022,2022-01-01,354.97
Schuster - Torp,2022,2022-01-01,50746.6
Schuster and Sons,2022,2022-01-01,33400.51
Senger LLC,2022,2022-01-01,10612.07
Shanahan - Kulas,2022,2022-01-01,980.69
Shanahan Group,2022,2022-01-01,5560.23
"Shanahan, Hettinger and Butler",2022,2022-01-01,17798.75
Shields Inc,2022,2022-01-01,4044.55
Shields LLC,2022,2022-01-01,1037.84
"Shields, Durgan and Hettinger",2022,2022-01-01,8296.73
"Shields, Kassulke and Purdy",2022,2022-01-01,8584.75
Sipes Group,2022,2022-01-01,2630.61
"Sipes, Dare and Hessel",2022,2022-01-01,1385.8
"Sipes, O'Hara and Okuneva",2022,2022-01-01,2709.71
Skiles - O'Reilly,2022,2022-01-01,1782.88
Skiles Group,2022,2022-01-01,14531.81
"Skiles, Powlowski and Bartell",2022,2022-01-01,23794.18
Smith - Rice,2022,2022-01-01,13975.3
Smitham - Kreiger,2022,2022-01-01,688.0
Smitham Group,2022,2022-01-01,34908.64
Smitham Inc,2022,2022-01-01,12561.41
"Smitham, Grimes and Bernier",2022,2022-01-01,155.43
"Smitham, Hintz and Hamill",2022,2022-01-01,19050.19
Sporer - Bednar,2022,2022-01-01,3089.46
Sporer - Hills,2022,2022-01-01,14927.9
Sporer Group,2022,2022-01-01,41262.88
Stantner - Parker,2022,2022-01-01,1049.88
Stantner - Trantow,2022,2022-01-01,5138.54
Stantner LLC,2022,2022-01-01,1890.0
Stantner and Sons,2022,2022-01-01,11860.37
"Stantner, Ponting and Rosenbaum",2022,2022-01-01,4644.73
Stanton - Fadel,2022,2022-01-01,11184.64
"Stanton, Bergstrom and Skiles",2022,2022-01-01,2985.18
"Stanton, Kessler and Quigley",2022,2022-01-01,14268.09
Stark - Moen,2022,2022-01-01,14526.8
Stark Group,2022,2022-01-01,3060.38
Stark LLC,2022,2022-01-01,9185.85
"Stark, Lockman and SchoStantner",2022,2022-01-01,622.71
"Stark, Murray and Rogahn",2022,2022-01-01,1351.7
Stehr LLC,2022,2022-01-01,8651.82
Stehr and Sons,2022,2022-01-01,20221.4
"Steuber, Gibson and Kuhlman",2022,2022-01-01,2162.31
Stiedemann Group,2022,2022-01-01,60581.54
"Stiedemann, Labadie and Prosacco",2022,2022-01-01,25995.22
Stoltenberg - Kassulke,2022,2022-01-01,13604.64
Stoltenberg Group,2022,2022-01-01,5775.82
Stoltenberg LLC,2022,2022-01-01,31045.02
"Stoltenberg, Batz and Heidenreich",2022,2022-01-01,6461.7
"Stoltenberg, Halvorson and Nader",2022,2022-01-01,3269.96
Stracke - Cassin,2022,2022-01-01,5681.56
Streich - Kiehn,2022,2022-01-01,4514.37
Streich - Turcotte,2022,2022-01-01,3764.31
"Stroman, McGlynn and Luettgen",2022,2022-01-01,27.07
"Stroman, Tromp and Funk",2022,2022-01-01,1404.85
Strosin - Bins,2022,2022-01-01,13867.6
Strosin and Sons,2022,2022-01-01,2077.35
"Strosin, McGlynn and Emmerich",2022,2022-01-01,22852.88
"Swaniawski, Orn and Smitham",2022,2022-01-01,8522.72
Swift - Auer,2022,2022-01-01,4206.76
Swift - Heaney,2022,2022-01-01,1884.0
Tanner - Gaverman,2022,2022-01-01,72.2
Tanner Inc,2022,2022-01-01,9760.36
Terry - Dickens,2022,2022-01-01,32819.92
Terry - Dooley,2022,2022-01-01,3167.68
Terry - Kovacek,2022,2022-01-01,20248.0
"Terry, Kuphal and Morissette",2022,2022-01-01,3270.96
Thiel - Butler,2022,2022-01-01,5345.65
"Thiel, Klocko and Hilpert",2022,2022-01-01,3903.7
Tillman - Kuvalis,2022,2022-01-01,5656.5
Tillman - Labadie,2022,2022-01-01,2476.0
Tillman LLC,2022,2022-01-01,7793.98
"Torp, Bosco and Agarwal",2022,2022-01-01,31644.22
"Torp, Schneider and Lesch",2022,2022-01-01,2647.25
Torphy - Bernier,2022,2022-01-01,2705.41
Torphy - Ledner,2022,2022-01-01,2096.74
Torphy Inc,2022,2022-01-01,10112.16
Towne - Kub,2022,2022-01-01,55640.44
Toy - Butler,2022,2022-01-01,9112.0
"Trantow, Dickens and Rogahn",2022,2022-01-01,6969.09
"Tremblay, Schroeder and Cassle",2022,2022-01-01,8726.91
"Tromp, Gillespie and Pimpernel",2022,2022-01-01,102392.54
Turcotte - Kling,2022,2022-01-01,331.64
Turcotte Inc,2022,2022-01-01,13167.56
Ullrich - Ankunding,2022,2022-01-01,463.0
Ullrich - Lebsack,2022,2022-01-01,2360.46
Ullrich Inc,2022,2022-01-01,1646.51
Upton - Johnston,2022,2022-01-01,26237.79
"Upton, Steuber and Conn",2022,2022-01-01,19004.66
Vandervort - Upton,2022,2022-01-01,27388.04
Vandervort LLC,2022,2022-01-01,5563.05
Veum Group,2022,2022-01-01,6153.86
"Veum, Chechauski and Botsford",2022,2022-01-01,9743.69
"Veum, Pollich and Kuvalis",2022,2022-01-01,53180.7
"Volkman, Krajcik and Volkman",2022,2022-01-01,5617.3
Waelchi - Botsford,2022,2022-01-01,3155.5
Waelchi - Conroy,2022,2022-01-01,1463.0
Waelchi Group,2022,2022-01-01,2789.65
"Waelchi, Krajcik and Green",2022,2022-01-01,480.0
Walsh - Dare,2022,2022-01-01,23339.93
Ward LLC,2022,2022-01-01,1385.33
Waters and Sons,2022,2022-01-01,1551.46
"Waters, Wyman and Abbott",2022,2022-01-01,1334.66
Watsica - Price,2022,2022-01-01,1023.0
Watsica and Sons,2022,2022-01-01,4046.09
"Watsica, Leannon and McCullough",2022,2022-01-01,11384.19
Waugh - Hamill,2022,2022-01-01,1752.81
"Waugh, Agarwal and Smith",2022,2022-01-01,2835.56
"Waugh, Gulgowski and Torphy",2022,2022-01-01,10654.19
"Waugh, Herzog and Tremblay",2022,2022-01-01,11757.21
"Waugh, King and Bins",2022,2022-01-01,2114.79
Weber Inc,2022,2022-01-01,4790.56
Wehner LLC,2022,2022-01-01,112.56
"Wehner, Klocko and Legros",2022,2022-01-01,10688.29
Weimann - Hessel,2022,2022-01-01,1696.65
Weimann and Sons,2022,2022-01-01,13630.34
Weissnat - Dicki,2022,2022-01-01,4162.33
Weissnat - Kessler,2022,2022-01-01,21839.43
Weissnat Group,2022,2022-01-01,18738.33
Weissnat LLC,2022,2022-01-01,2431.66
Weissnat and Sons,2022,2022-01-01,9283.44
"West, Toy and Cummings",2022,2022-01-01,11536.16
White - Herzog,2022,2022-01-01,431.0
White LLC,2022,2022-01-01,780.14
"White, Keeling and Jakubowski",2022,2022-01-01,33260.85
Wiegand - Breitenberg,2022,2022-01-01,1719.71
Wiegand and Sons,2022,2022-01-01,646.77
"Wiegand, Purdy and Jones",2022,2022-01-01,3502.3
Wilderman - Rohan,2022,2022-01-01,539.48
Wilkinson - Conroy,2022,2022-01-01,590.62
Wisoky Group,2022,2022-01-01,2837.25
Wisoky Inc,2022,2022-01-01,3327.11
"Wisoky, Feest and Hegmann",2022,2022-01-01,6560.98
"Wisoky, Kuhic and Herman",2022,2022-01-01,166430.97
Wisozk LLC,2022,2022-01-01,2425.65
Witting - Kessler,2022,2022-01-01,3049.35
Wiza - Robel,2022,2022-01-01,17341.42
Wiza Group,2022,2022-01-01,2182.98
Wiza LLC,2022,2022-01-01,10017.0
Wiza and Sons,2022,2022-01-01,17991.69
Wolf - Kemmer,2022,2022-01-01,4244.61
Wolf - Weber,2022,2022-01-01,5340.63
Wolff - Harvey,2022,2022-01-01,5408.82
"Wolff, Howe and Goldner",2022,2022-01-01,716.96
"Wolff, Kihn and Hagenes",2022,2022-01-01,13715.58
Wuckert - Collier,2022,2022-01-01,31584.62
Wuckert - Miller,2022,2022-01-01,6055.59
Wuckert - Rumsfeld,2022,2022-01-01,519.53
Wunsch LLC,2022,2022-01-01,4199.83
"Wunsch, Marquardt and Bon",2022,2022-01-01,1741.77
"Wunsch, Rogahn and Reinger",2022,2022-01-01,25254.19
"Wyman, Harber and Jakubowski",2022,2022-01-01,9772.42
Yost - Kemmer,2022,2022-01-01,1469.03
Yost - Marvin,2022,2022-01-01,107.29
Yost Inc,2022,2022-01-01,2865.85
Yost and Sons,2022,2022-01-01,14796.54
"Zamber, Gaverman and Hableton",2022,2022-01-01,48968.5
Zboncak Group,2022,2022-01-01,402.1
Zboncak LLC,2022,2022-01-01,97957.13
Zemlak - Cormier,2022,2022-01-01,8604.0
Zemlak Group,2022,2022-01-01,84773.34
"Zemlak, Steuber and Rempel",2022,2022-01-01,26750.28
Zieme Group,2022,2022-01-01,108148.76
Abtel Group,2023,2023-01-01,3572.6
"Adams, Braun and Conroy",2023,2023-01-01,514.33
"Adams, Harvey and Wehner",2023,2023-01-01,1285.52
Agarwaliamson - Mayert,2023,2023-01-01,2703.41
Altenwerth - Rosenbaum,2023,2023-01-01,3930.76
"Avelona,, Fanbender and Trafton",2023,2023-01-01,89.12
"Avelona,, Jacuz and Mikhael",2023,2023-01-01,4879.33
"Bartell, Cremin and Kuvalis",2023,2023-01-01,35713.5
"Barton, Murray and Volkman",2023,2023-01-01,18478.0
Beahan Inc,2023,2023-01-01,1319.67
Beahan LLC,2023,2023-01-01,1029.67
Beahan and Sons,2023,2023-01-01,8177.41
Bechel Inc,2023,2023-01-01,15430.27
Beer - Ruecker,2023,2023-01-01,1007.66
Beier Group,2023,2023-01-01,5717.0
Belfact and Sons,2023,2023-01-01,3725.07
"Belfact, Balistreri and Kreiger",2023,2023-01-01,5849.11
Bergstrom LLC,2023,2023-01-01,11030.07
"Blick, O'Reilly and Pfannerstill",2023,2023-01-01,15596.34
"Block, Windler and Schmidt",2023,2023-01-01,8625.54
Bode - Morissette,2023,2023-01-01,220.6
Bogisich and Sons,2023,2023-01-01,6310.64
Borer and Sons,2023,2023-01-01,9484.33
Bosco Group,2023,2023-01-01,2451.33
Bradtke and Sons,2023,2023-01-01,29972.37
Breitenberg LLC,2023,2023-01-01,3723.4
"Brekke, Goodwin and Purdy",2023,2023-01-01,18243.33
Brown - Daniel,2023,2023-01-01,6289.0
"Buckridge, Stoltenberg and Stiedemann",2023,2023-01-01,12387.37
Bundel - Hagenes,2023,2023-01-01,9239.0
Bundel and Sons,2023,2023-01-01,6839.74
Butler - Franecki,2023,2023-01-01,2052.81
"Butler, Veum and Pouros",2023,2023-01-01,9401.76
Canten - Koelpin,2023,2023-01-01,3618.96
"Canten, Agarwaliamson and Corkery",2023,2023-01-01,8773.04
Cassle - Mosciski,2023,2023-01-01,23650.51
Cassle and Sons,2023,2023-01-01,36354.3
"Cerner, Farrell and White",2023,2023-01-01,3564.77
Collier - Skiles,2023,2023-01-01,2391.38
"Collier, Conn and Dooley",2023,2023-01-01,16068.0
"Collier, Ortiz and Marquardt",2023,2023-01-01,55450.36
Collins - Dooley,2023,2023-01-01,7904.83
Collins - Rosenbaum,2023,2023-01-01,13615.23
"Collins, Fahey and Mackerrel",2023,2023-01-01,163066.38
Conn Group,2023,2023-01-01,1243.33
Considine and Sons,2023,2023-01-01,9098.97
Corkery - Powlowski,2023,2023-01-01,1907.61
Corkery LLC,2023,2023-01-01,339.4
Crist - Pagac,2023,2023-01-01,5442.96
Crist Group,2023,2023-01-01,1077.96
Cronin - Lehner,2023,2023-01-01,80202.73
"Cronin, Canten and Langosh",2023,2023-01-01,1482.06
"Cronin, Frost and Ratke",2023,2023-01-01,59080.93
Crooks LLC,2023,2023-01-01,4974.63
Cummings and Sons,2023,2023-01-01,12484.61
"Cummings, Pollich and Hoppe",2023,2023-01-01,30054.93
"D'Amore, Bechel and Bechel",2023,2023-01-01,4467.24
"D'Amore, Bernier and Canten",2023,2023-01-01,5997.78
"Daniel, MacGyver and Ernser",2023,2023-01-01,7348.13
Deckow - Deckow,2023,2023-01-01,2067.33
Deckow LLC,2023,2023-01-01,4408.61
Dicki - Buckridge,2023,2023-01-01,9735.34
Dicki - Wilderman,2023,2023-01-01,8711.87
Dietrich and Sons,2023,2023-01-01,15258.0
"Dietrich, Larson and Murazik",2023,2023-01-01,91581.5
"Douglas, Rolfson and Gammendor",2023,2023-01-01,2831.24
Effertz Group,2023,2023-01-01,10972.06
Erdman - Kozey,2023,2023-01-01,31617.11
Erdman LLC,2023,2023-01-01,1673.21
Erdman and Sons,2023,2023-01-01,12392.48
Ernser - Zboncak,2023,2023-01-01,1709.77
"Ernser, D'Amore and Gulgowski",2023,2023-01-01,6904.92
"Fahey, Collins and Labadie",2023,2023-01-01,3670.05
Farrell and Sons,2023,2023-01-01,205.75
Fay LLC,2023,2023-01-01,9092.0
"Fay, Hauck and Oberbrunner",2023,2023-01-01,25697.33
"Feil, Norman and Mayer",2023,2023-01-01,12813.1
Ferry Inc,2023,2023-01-01,2857.27
Ferry and Sons,2023,2023-01-01,5446.57
Flatley Inc,2023,2023-01-01,1521.67
Frami - Lockman,2023,2023-01-01,401.05
Friesen Group,2023,2023-01-01,6774.88
"Frost, Olson and Schmeler",2023,2023-01-01,6138.82
"Funk, Oberbrunner and Marvin",2023,2023-01-01,2211.33
Gaverman - Erdman,2023,2023-01-01,6215.05
"Gerhold, Moen and D'Amore",2023,2023-01-01,12310.73
Gerlach and Sons,2023,2023-01-01,3343.39
Gislason Group,2023,2023-01-01,2884.9
"Goldner, White and Bundel",2023,2023-01-01,14799.71
"Goodwin, O'Reilly and Buckridge",2023,2023-01-01,290637.26
Gottlieb - Huel,2023,2023-01-01,27195.75
Gottlieb - Smitham,2023,2023-01-01,5361.66
"Goyette, Reichert and Parker",2023,2023-01-01,28400.4
Graham Inc,2023,2023-01-01,450.23
Graham and Sons,2023,2023-01-01,40657.67
Greenholt LLC,2023,2023-01-01,12394.82
"Grimes, Kshlerin and Connelly",2023,2023-01-01,10910.97
Gupta - Agarwal,2023,2023-01-01,12971.67
Gupta Group,2023,2023-01-01,5823.68
Gupta LLC,2023,2023-01-01,54575.64
"Gupta,Agarwal and Nolan",2023,2023-01-01,3666.0
Gusikowski Inc,2023,2023-01-01,5559.62
Gutmann - Larkin,2023,2023-01-01,7725.67
Haag LLC,2023,2023-01-01,743.04
Hackett LLC,2023,2023-01-01,2816.72
"Hahn, Nienow and Baumbach",2023,2023-01-01,2079.7
Halvorson Group,2023,2023-01-01,3426.39
"Hamill, Tanner and Stracke",2023,2023-01-01,1516.15
Hartmann Group,2023,2023-01-01,25835.26
Harvey and Sons,2023,2023-01-01,24310.37
"Hayes, Orn and Cassin",2023,2023-01-01,2682.45
Heaney - Borer,2023,2023-01-01,1824.33
Hegmann - Hartmann,2023,2023-01-01,7582.77
"Heidenreich, Bartoletti and Franecki",2023,2023-01-01,571.28
"Hermann, Huel and Stiedemann",2023,2023-01-01,13192.05
"Hermiston, Weimann and Lemke",2023,2023-01-01,45070.53
Herzog and Sons,2023,2023-01-01,219.3
Hessel - McDermott,2023,2023-01-01,6242.55
Hessel Group,2023,2023-01-01,4228.79
"Hessel, Langworth and Abtel",2023,2023-01-01,9754.0
Hickle - Sanford,2023,2023-01-01,640.55
"Hilll, Friesen and O'Connell",2023,2023-01-01,3358.21
"Hilll, Kohler and Brown",2023,2023-01-01,11115.44
Hills LLC,2023,2023-01-01,5567.03
Hills and Sons,2023,2023-01-01,4989.67
"Hills, Sauer and SchoStantner",2023,2023-01-01,651.67
Hilpert and Sons,2023,2023-01-01,35302.72
"Hintz, Bogan and Breitenberg",2023,2023-01-01,35429.5
"Hintz, McDermott and Walsh",2023,2023-01-01,7537.65
Howell Inc,2023,2023-01-01,4329.0
Hudson - Collier,2023,2023-01-01,772.06
Huel - Simonis,2023,2023-01-01,1456.89
Huel LLC,2023,2023-01-01,41959.96
Huels - Mante,2023,2023-01-01,1976.0
Hyatt - Schmitt,2023,2023-01-01,10239.04
Hyatt Group,2023,2023-01-01,6744.5
"Hyatt, Johns and Lowe",2023,2023-01-01,11886.28
Jacobi - Bogisich,2023,2023-01-01,16581.43
"Jacobs, Howe and Bahringer",2023,2023-01-01,18627.03
Jacobson - Harber,2023,2023-01-01,6823.35
Jaskolski Group,2023,2023-01-01,10360.34
Jaskolski LLC,2023,2023-01-01,37.67
Jast - Balistreri,2023,2023-01-01,6087.11
Jast - Cassle,2023,2023-01-01,8686.4
Jerde - Hegmann,2023,2023-01-01,7721.71
Jerde - Raynor,2023,2023-01-01,23249.7
Johns - Grant,2023,2023-01-01,2990.0
"Johnson, Farrell and Zieme",2023,2023-01-01,21973.6
Jones - Kuhlman,2023,2023-01-01,3538.34
Jones LLC,2023,2023-01-01,15633.66
Kassulke - Swift,2023,2023-01-01,604.33
"Kassulke, Fritsch and Lebsack",2023,2023-01-01,27561.0
"Kautzer, Bartell and Schmeler",2023,2023-01-01,18516.73
Keebler Inc,2023,2023-01-01,2036.27
"Keeling, Jakubowski and Crist",2023,2023-01-01,28379.75
Kertzmann - Blick,2023,2023-01-01,3904.33
Kihn - Gaverman,2023,2023-01-01,3714.83
King - Satterfield,2023,2023-01-01,8147.77
King Group,2023,2023-01-01,6715.67
Kirlin - Simonis,2023,2023-01-01,24065.24
"Kirlin, Haag and Heller",2023,2023-01-01,15039.73
Koch LLC,2023,2023-01-01,10242.6
Konopelski - Mayer,2023,2023-01-01,1508.43
Kovacek - Torp,2023,2023-01-01,8654.67
Krajcik - Bundel,2023,2023-01-01,944.59
"Kub, Murphy and Pagac",2023,2023-01-01,8357.9
"Kub, Wunsch and O'Kon",2023,2023-01-01,2863.42
Kuhic - Dooley,2023,2023-01-01,4974.21
Kulas - Ryan,2023,2023-01-01,8047.48
Kunde - Kautzer,2023,2023-01-01,23522.0
Kunze - Hane,2023,2023-01-01,495.64
"Kutch, Gerhold and Quitzon",2023,2023-01-01,12113.45
"Kutch, Larson and Boone",2023,2023-01-01,23622.55
Kuvalis LLC,2023,2023-01-01,16032.67
Lakin - Glover,2023,2023-01-01,9475.0
"Lang, Mitchell and Grant",2023,2023-01-01,16396.96
Langosh Inc,2023,2023-01-01,16197.59
Larson - Bundel,2023,2023-01-01,11920.66
Larson - Heaney,2023,2023-01-01,3205.63
"Leannon, Mills and Cronin",2023,2023-01-01,1153.15
Lebsack - Batz,2023,2023-01-01,10340.45
"Leffler, Kertzmann and Heathcote",2023,2023-01-01,537.48
"Leffler, Lesch and Halvorson",2023,2023-01-01,11902.6
Lehner - Hirthe,2023,2023-01-01,2480.6
Lesch - Johnston,2023,2023-01-01,58089.79
"Lesch, Bernhard and Hills",2023,2023-01-01,10123.74
Lind and Sons,2023,2023-01-01,13120.95
"Lind, Turcotte and Kozey",2023,2023-01-01,5315.33
Lindgren and Sons,2023,2023-01-01,26679.08
Lockman and Sons,2023,2023-01-01,3626.98
Lowe Inc,2023,2023-01-01,6214.02
"Lowe, Weimann and Mertz",2023,2023-01-01,4008.99
"Lubowitz, Franecki and Schuster",2023,2023-01-01,17080.25
"Lubowitz, Schultz and Hilpert",2023,2023-01-01,3074.81
Lynch - Ritchie,2023,2023-01-01,146.33
Lynch LLC,2023,2023-01-01,1120.33
MacGyver LLC,2023,2023-01-01,774.06
Macejkovic - Homenick,2023,2023-01-01,2166.94
"Macejkovic, Cormier and Hayes",2023,2023-01-01,3568.5
Mackerrel LLC,2023,2023-01-01,3110.52
"Mackerrel, Schroeder and Gutkowski",2023,2023-01-01,22292.08
Mann - Hane,2023,2023-01-01,39054.89
"Marks, Daniel and Larson",2023,2023-01-01,5432.44
"Marks, Russel and Hudson",2023,2023-01-01,4373.49
Marquardt LLC,2023,2023-01-01,909.51
Mayer - Kling,2023,2023-01-01,5644.16
"Mayert, Murazik and Ernser",2023,2023-01-01,56584.65
McKinnon - Jerde,2023,2023-01-01,7652.33
Metz - Sporer,2023,2023-01-01,4864.33
Metz Inc,2023,2023-01-01,42918.83
Mitchell LLC,2023,2023-01-01,6449.34
Morissette Group,2023,2023-01-01,7291.1
Morissette Inc,2023,2023-01-01,802.2
"Morissette, Purdy and Mraz",2023,2023-01-01,10189.64
Mosciski - Prosacco,2023,2023-01-01,139.38
Mraz Group,2023,2023-01-01,2593.81
Mueller - Gusikowski,2023,2023-01-01,3277.33
Muller - Spinka,2023,2023-01-01,18543.73
Murphy - Bahringer,2023,2023-01-01,9387.56
Murray - Kris,2023,2023-01-01,8130.88
Nader LLC,2023,2023-01-01,22832.39
Nienow - Bogisich,2023,2023-01-01,186.51
Nikolaus - Daniel,2023,2023-01-01,18881.33
O'Connell - Champlin,2023,2023-01-01,625.94
O'Connell - Lehner,2023,2023-01-01,12948.33
"O'Connell, Reilly and Torphy",2023,2023-01-01,2456.0
"O'Connell, Stehr and Schuppe",2023,2023-01-01,797.19
O'Keefe - Skiles,2023,2023-01-01,8842.42
O'Kon - Weber,2023,2023-01-01,20813.17
Oberbrunner - Belfact,2023,2023-01-01,4260.23
Oberbrunner Inc,2023,2023-01-01,23085.9
"Oberbrunner, Ritchie and Labadie",2023,2023-01-01,30570.76
Ondricka - Sipes,2023,2023-01-01,15071.77
Ortiz Inc,2023,2023-01-01,4895.42
"Osinski, Farrell and Kutch",2023,2023-01-01,2762.01
Pagac Group,2023,2023-01-01,40206.67
Parker - Daniel,2023,2023-01-01,7280.25
Parker - Runolfsson,2023,2023-01-01,4342.89
"Pfeffer, Stamm and Lindgren",2023,2023-01-01,4649.74
Powlowski - Hilpert,2023,2023-01-01,2117.8
Quitzon Group,2023,2023-01-01,5191.58
Quitzon LLC,2023,2023-01-01,700.96
"Rath, Hoeger and Kunde",2023,2023-01-01,16829.33
Ratke Inc,2023,2023-01-01,9721.87
Reichel - Leannon,2023,2023-01-01,5789.86
Reichel - Trantow,2023,2023-01-01,6639.09
Reichert - Hirthe,2023,2023-01-01,91009.34
Reinger Group,2023,2023-01-01,3331.67
Rempel - Cassin,2023,2023-01-01,994.86
Renner - Kozey,2023,2023-01-01,4048.09
Renner - Schiller,2023,2023-01-01,35892.34
Rice - Waelchi,2023,2023-01-01,1462.0
"Rippin, Oberbrunner and Murphy",2023,2023-01-01,2350.67
Rodriguez - Metz,2023,2023-01-01,17272.32
Rodriguez LLC,2023,2023-01-01,4780.66
Rogahn - Albertson,2023,2023-01-01,16684.17
"Rogahn, Steuber and Harvey",2023,2023-01-01,4464.33
Rohan - Sporer,2023,2023-01-01,16466.67
"Romaguera, Hilll and Hayes",2023,2023-01-01,23088.66
"Roob, Smith and Bechtelar",2023,2023-01-01,2982.0
Rosemont Inc,2023,2023-01-01,12458.14
Rosemont and Sons,2023,2023-01-01,14517.67
Rowe LLC,2023,2023-01-01,1206.65
Runolfsson - Dare,2023,2023-01-01,1022.0
Runte and Sons,2023,2023-01-01,875.2
Ryan LLC,2023,2023-01-01,795.67
Satterfield and Sons,2023,2023-01-01,7147.37
Sauer and Sons,2023,2023-01-01,2428.5
Sawayn - Jaskolski,2023,2023-01-01,1061.46
Schaden Group,2023,2023-01-01,46099.88
SchamBundelr - Huels,2023,2023-01-01,6391.51
Schimmel LLC,2023,2023-01-01,32810.09
Schmeler - Ankunding,2023,2023-01-01,12626.34
"Schmidt, Weissnat and Fritsch",2023,2023-01-01,15084.0
"Schmitt, Purdy and Reichel",2023,2023-01-01,7040.28
Schulist - Davis,2023,2023-01-01,4990.09
Schulist - Hills,2023,2023-01-01,10240.66
Schulist Group,2023,2023-01-01,2511.12
Schuster - Torp,2023,2023-01-01,33704.9
Schuster and Sons,2023,2023-01-01,22473.57
Senger LLC,2023,2023-01-01,2226.1
"Shanahan, Hettinger and Butler",2023,2023-01-01,1771.85
Shields Inc,2023,2023-01-01,4044.55
"Shields, Kassulke and Purdy",2023,2023-01-01,8584.75
"Sipes, O'Hara and Okuneva",2023,2023-01-01,2709.71
Smith - Rice,2023,2023-01-01,1315.6
"Smitham, Hintz and Hamill",2023,2023-01-01,19295.87
Stantner and Sons,2023,2023-01-01,11860.37
Stanton - Fadel,2023,2023-01-01,594.63
"Stanton, Ernser and Crona",2023,2023-01-01,2659.06
Stark - Moen,2023,2023-01-01,25163.94
Stehr and Sons,2023,2023-01-01,6035.54
"Steuber, Gibson and Kuhlman",2023,2023-01-01,2162.31
Stiedemann Group,2023,2023-01-01,74206.46
"Stiedemann, Labadie and Prosacco",2023,2023-01-01,67456.81
Stoltenberg - Kassulke,2023,2023-01-01,13604.64
Stoltenberg LLC,2023,2023-01-01,31045.02
"Stoltenberg, Halvorson and Nader",2023,2023-01-01,3511.63
Strosin - Bins,2023,2023-01-01,13867.6
Strosin and Sons,2023,2023-01-01,2077.35
"Strosin, McGlynn and Emmerich",2023,2023-01-01,22049.68
Swift - Auer,2023,2023-01-01,4206.76
Swift - Heaney,2023,2023-01-01,1884.0
Tanner Inc,2023,2023-01-01,18945.91
Thiel - Butler,2023,2023-01-01,4563.5
Tillman LLC,2023,2023-01-01,2448.34
Toy - Butler,2023,2023-01-01,7838.0
"Trantow, Dickens and Rogahn",2023,2023-01-01,7725.16
"Upton, Steuber and Conn",2023,2023-01-01,19004.66
Waelchi - Botsford,2023,2023-01-01,3155.5
Waelchi Group,2023,2023-01-01,2632.21
Ward LLC,2023,2023-01-01,1385.33
Weber Inc,2023,2023-01-01,4790.56
Wehner LLC,2023,2023-01-01,112.56
Weissnat - Dicki,2023,2023-01-01,9628.05
Weissnat - Kessler,2023,2023-01-01,21839.43
"White, Keeling and Jakubowski",2023,2023-01-01,9051.8
"Wiegand, Purdy and Jones",2023,2023-01-01,3502.3
Wisoky Group,2023,2023-01-01,2837.25
"Wisoky, Kuhic and Herman",2023,2023-01-01,26610.78
Wolff - Harvey,2023,2023-01-01,48.13
"Wolff, Kihn and Hagenes",2023,2023-01-01,8215.51
Wuckert - Collier,2023,2023-01-01,17320.64
Wunsch LLC,2023,2023-01-01,4199.83
"Wyman, Harber and Jakubowski",2023,2023-01-01,6871.48
Yost and Sons,2023,2023-01-01,12362.87
"Zamber, Gaverman and Hableton",2023,2023-01-01,53677.39
Zboncak LLC,2023,2023-01-01,56508.27
Abtel Group,2024,2024-01-01,3572.6
"Adams, Braun and Conroy",2024,2024-01-01,514.33
"Adams, Harvey and Wehner",2024,2024-01-01,2533.0
Agarwaliamson - Mayert,2024,2024-01-01,9454.0
"Avelona,, Jacuz and Mikhael",2024,2024-01-01,4879.33
"Barton, Murray and Volkman",2024,2024-01-01,18478.0
Beahan Inc,2024,2024-01-01,1319.67
Beahan LLC,2024,2024-01-01,1029.67
Bechel Inc,2024,2024-01-01,24578.0
Beer - Ruecker,2024,2024-01-01,1007.66
Beier Group,2024,2024-01-01,5717.0
Bergstrom LLC,2024,2024-01-01,11030.07
"Blick, O'Reilly and Pfannerstill",2024,2024-01-01,15596.34
Borer and Sons,2024,2024-01-01,9484.33
Bosco Group,2024,2024-01-01,2451.33
Breitenberg LLC,2024,2024-01-01,3723.4
"Brekke, Goodwin and Purdy",2024,2024-01-01,18243.33
Brown - Daniel,2024,2024-01-01,6289.0
"Buckridge, Stoltenberg and Stiedemann",2024,2024-01-01,12387.37
Bundel - Hagenes,2024,2024-01-01,9239.0
Bundel and Sons,2024,2024-01-01,2990.19
Cassle - Mosciski,2024,2024-01-01,17647.69
Cassle and Sons,2024,2024-01-01,6429.31
"Cerner, Farrell and White",2024,2024-01-01,1319.0
"Collier, Conn and Dooley",2024,2024-01-01,16068.0
"Collier, Ortiz and Marquardt",2024,2024-01-01,55450.36
Collins - Rosenbaum,2024,2024-01-01,3956.0
Conn Group,2024,2024-01-01,1243.33
Corkery LLC,2024,2024-01-01,339.4
Cronin - Lehner,2024,2024-01-01,114775.45
Dicki - Wilderman,2024,2024-01-01,23794.0
Dietrich and Sons,2024,2024-01-01,15258.0
"Dietrich, Larson and Murazik",2024,2024-01-01,39434.0
"Douglas, Rolfson and Gammendor",2024,2024-01-01,2269.73
Erdman - Kozey,2024,2024-01-01,31617.11
"Ernser, D'Amore and Gulgowski",2024,2024-01-01,12206.0
"Fahey, Collins and Labadie",2024,2024-01-01,3191.0
Fay LLC,2024,2024-01-01,9092.0
"Fay, Hauck and Oberbrunner",2024,2024-01-01,25697.33
"Feil, Norman and Mayer",2024,2024-01-01,9024.0
Ferry Inc,2024,2024-01-01,4291.67
Flatley Inc,2024,2024-01-01,1521.67
Friesen Group,2024,2024-01-01,6176.6
"Funk, Oberbrunner and Marvin",2024,2024-01-01,2211.33
Gaverman - Erdman,2024,2024-01-01,2502.33
"Goodwin, O'Reilly and Buckridge",2024,2024-01-01,97843.0
Gottlieb - Huel,2024,2024-01-01,27195.75
Gottlieb - Smitham,2024,2024-01-01,1626.49
Graham and Sons,2024,2024-01-01,40657.67
Greenholt LLC,2024,2024-01-01,2264.73
"Grimes, Kshlerin and Connelly",2024,2024-01-01,4147.79
Gupta LLC,2024,2024-01-01,54575.64
"Gupta,Agarwal and Nolan",2024,2024-01-01,3666.0
Gutmann - Larkin,2024,2024-01-01,7725.67
Hartmann Group,2024,2024-01-01,23545.5
Harvey and Sons,2024,2024-01-01,4003.46
"Hayes, Orn and Cassin",2024,2024-01-01,2657.76
"Hessel, Langworth and Abtel",2024,2024-01-01,9754.0
Hickle - Sanford,2024,2024-01-01,640.55
"Hilll, Friesen and O'Connell",2024,2024-01-01,63171.07
"Hilll, Kohler and Brown",2024,2024-01-01,3445.0
Hills LLC,2024,2024-01-01,4342.67
Hills and Sons,2024,2024-01-01,4989.67
"Hills, Sauer and SchoStantner",2024,2024-01-01,651.67
"Hintz, Bogan and Breitenberg",2024,2024-01-01,35429.5
Howell Inc,2024,2024-01-01,4329.0
Huels - Mante,2024,2024-01-01,1976.0
Hyatt - Schmitt,2024,2024-01-01,6483.0
Hyatt Group,2024,2024-01-01,5426.96
Jaskolski Group,2024,2024-01-01,10360.34
Jaskolski LLC,2024,2024-01-01,37.67
Jerde - Raynor,2024,2024-01-01,20733.0
Johns - Grant,2024,2024-01-01,2990.0
Jones LLC,2024,2024-01-01,15633.66
Kassulke - Swift,2024,2024-01-01,604.33
"Kassulke, Fritsch and Lebsack",2024,2024-01-01,27561.0
"Keeling, Jakubowski and Crist",2024,2024-01-01,1587.65
Kertzmann - Blick,2024,2024-01-01,3904.33
King Group,2024,2024-01-01,6715.67
"Kirlin, Haag and Heller",2024,2024-01-01,14469.88
Konopelski - Mayer,2024,2024-01-01,1508.43
Kovacek - Torp,2024,2024-01-01,8654.67
Krajcik - Bundel,2024,2024-01-01,2963.12
Kuhic - Dooley,2024,2024-01-01,1906.07
Kunde - Kautzer,2024,2024-01-01,21655.33
"Kutch, Gerhold and Quitzon",2024,2024-01-01,24688.34
"Kutch, Larson and Boone",2024,2024-01-01,23622.55
Kuvalis LLC,2024,2024-01-01,16032.67
Lakin - Glover,2024,2024-01-01,9475.0
Larson - Bundel,2024,2024-01-01,4499.0
Larson - Heaney,2024,2024-01-01,838.13
"Leffler, Lesch and Halvorson",2024,2024-01-01,13316.0
"Lind, Turcotte and Kozey",2024,2024-01-01,5315.33
Lockman and Sons,2024,2024-01-01,2968.05
Lowe Inc,2024,2024-01-01,4494.32
"Lubowitz, Franecki and Schuster",2024,2024-01-01,17080.25
Lynch - Ritchie,2024,2024-01-01,146.33
Lynch LLC,2024,2024-01-01,1120.33
"Marks, Russel and Hudson",2024,2024-01-01,4373.49
"Mayert, Murazik and Ernser",2024,2024-01-01,28796.0
McKinnon - Jerde,2024,2024-01-01,9235.33
Metz - Sporer,2024,2024-01-01,4864.33
Metz Inc,2024,2024-01-01,42918.83
Morissette Inc,2024,2024-01-01,840.0
"Morissette, Purdy and Mraz",2024,2024-01-01,5917.07
Mueller - Gusikowski,2024,2024-01-01,3277.33
Muller - Spinka,2024,2024-01-01,18543.73
Murphy - Bahringer,2024,2024-01-01,9387.56
O'Connell - Lehner,2024,2024-01-01,12948.33
"O'Connell, Reilly and Torphy",2024,2024-01-01,2456.0
Oberbrunner Inc,2024,2024-01-01,23085.9
Ondricka - Sipes,2024,2024-01-01,6478.54
Pagac Group,2024,2024-01-01,40206.67
Parker - Daniel,2024,2024-01-01,7280.25
Parker - Runolfsson,2024,2024-01-01,977.67
"Pfeffer, Stamm and Lindgren",2024,2024-01-01,2788.0
Quitzon Group,2024,2024-01-01,5191.58
"Rath, Hoeger and Kunde",2024,2024-01-01,16829.33
Ratke Inc,2024,2024-01-01,7125.17
Reichel - Leannon,2024,2024-01-01,4448.0
Reinger Group,2024,2024-01-01,3331.67
Renner - Schiller,2024,2024-01-01,54316.75
Rice - Waelchi,2024,2024-01-01,1462.0
"Rippin, Oberbrunner and Murphy",2024,2024-01-01,2350.67
Rodriguez LLC,2024,2024-01-01,4780.66
"Rogahn, Steuber and Harvey",2024,2024-01-01,4464.33
Rohan - Sporer,2024,2024-01-01,16466.67
"Romaguera, Hilll and Hayes",2024,2024-01-01,23088.66
"Roob, Smith and Bechtelar",2024,2024-01-01,2982.0
Rosemont and Sons,2024,2024-01-01,14517.67
Runolfsson - Dare,2024,2024-01-01,1022.0
Ryan LLC,2024,2024-01-01,795.67
Sauer and Sons,2024,2024-01-01,2428.5
Schaden Group,2024,2024-01-01,72827.67
SchamBundelr - Huels,2024,2024-01-01,3523.0
Schimmel LLC,2024,2024-01-01,19452.76
"Schmidt, Weissnat and Fritsch",2024,2024-01-01,15084.0
"Schmitt, Purdy and Reichel",2024,2024-01-01,5458.0
Schulist - Davis,2024,2024-01-01,4691.82
Schulist - Hills,2024,2024-01-01,10240.66
Schuster - Torp,2024,2024-01-01,33704.9
Stark - Moen,2024,2024-01-01,22600.0
Stiedemann Group,2024,2024-01-01,21105.41
"Stiedemann, Labadie and Prosacco",2024,2024-01-01,87118.0
Stoltenberg LLC,2024,2024-01-01,897.15
"Stoltenberg, Halvorson and Nader",2024,2024-01-01,3427.39
Strosin - Bins,2024,2024-01-01,13867.6
"Strosin, McGlynn and Emmerich",2024,2024-01-01,22049.68
Swift - Heaney,2024,2024-01-01,1884.0
Tanner Inc,2024,2024-01-01,10240.0
Thiel - Butler,2024,2024-01-01,6685.0
Tillman LLC,2024,2024-01-01,2448.34
Toy - Butler,2024,2024-01-01,7838.0
"Upton, Steuber and Conn",2024,2024-01-01,17068.89
Ward LLC,2024,2024-01-01,1385.33
Weissnat - Dicki,2024,2024-01-01,9628.05
Wisoky Group,2024,2024-01-01,2837.25
Wunsch LLC,2024,2024-01-01,4103.41
"Zamber, Gaverman and Hableton",2024,2024-01-01,5496.52
Zboncak LLC,2024,2024-01-01,56508.27
