transaction_id,customer_name,start_date,end_date,product_family,region,account_owner,bookings,term_days,arr
8124,"Hableton, Mauston and Upton",2019-10-24,2019-10-24,Elite Plus,Latin America,Angelo Payne,43,0,0.0
686,"Goodwin, O'Reilly and Buckridge",2022-05-30,2023-05-29,Elite Plus,North America,Judy Jacobs,287809,364,288599.68
1782,"Heathcote, Oberbrunner and Considine",2020-11-12,2021-11-11,Elite Plus,North America,Grant Cortez,275262,364,276018.21
1787,"Heathcote, Oberbrunner and Considine",2021-07-20,2022-07-19,Elite Plus,North America,Grant Cortez,236508,364,237157.75
7867,Beier-Bins,2019-09-05,2020-09-04,Classic,North America,Grant Cortez,195000,365,195000.0
6654,Morissette - Towne,2021-07-14,2022-07-13,Classic,Europe,Angelo Payne,179898,364,180392.23
7353,"Turcotte, Kuhic and Keeling",2018-11-23,2019-11-22,Classic,North America,John Sacker,179764,364,180257.86
5354,"Collins, Fahey and Mackerrel",2021-10-11,2023-10-10,Classic,North America,Karl Long,325686,729,163066.38
2723,"Gillespie, Ankunding and Schuster",2021-08-23,2022-08-22,Classic,North America,Micheal Williams,118439,364,118764.38
1411,Cronin - Lehner,2023-01-07,2024-01-06,Elite Plus,North America,Karl Long,114461,364,114775.45
3260,Reynolds - Goodwin,2020-05-13,2021-05-12,Elite Plus,North America,Cecelia Burgess,109240,364,109540.11
4932,Lesch - Johnston,2020-05-20,2021-05-19,Elite Plus,North America,Tomas Glover,108631,364,108929.44
7365,Hudson Group,2018-12-23,2019-06-22,Classic,North America,Patty Ingram,53428,181,107741.55
7270,Herzog-Bode,2018-09-13,2019-09-12,Classic,North America,Sonja Griffin,95028,364,95289.07
6545,"Wisoky, Kuhic and Herman",2021-12-10,2022-12-09,Elite Plus,North America,Patty Ingram,92865,364,93120.12
6653,Morissette - Towne,2020-10-14,2021-10-13,Classic,Europe,Angelo Payne,88096,364,88338.02
2234,D'Amore Group,2019-12-08,2020-12-04,Classic,North America,Karl Long,86564,362,87281.38
6838,Cremin-Hilpert,2019-09-23,2020-09-22,Classic,North America,Alton Hunt,86896,365,86896.0
6602,Ondricka - Casper,2021-10-11,2022-01-13,Elite Plus,North America,Sonja Griffin,22243,94,86369.1
684,"Goodwin, O'Reilly and Buckridge",2021-05-05,2022-05-04,Elite Plus,North America,Judy Jacobs,78795,364,79011.47
3264,Reynolds - Goodwin,2021-08-04,2022-08-03,Elite Plus,North America,Cecelia Burgess,78640,364,78856.04
688,"Goodwin, O'Reilly and Buckridge",2023-04-02,2024-04-01,Elite Plus,North America,Judy Jacobs,75725,365,75725.0
6543,"Wisoky, Kuhic and Herman",2021-03-30,2022-03-29,Elite Plus,North America,Patty Ingram,73110,364,73310.85
7565,Treutel-Muller,2018-05-31,2019-05-30,Classic,North America,Phil Baker,71679,364,71875.92
3864,Douglas - Schaden,2020-06-15,2021-06-14,Elite Plus,North America,Cecelia Burgess,69955,364,70147.18
6932,Bernier Ltd,2019-06-20,2020-06-19,Classic,North America,Frankie Fletcher,69825,365,69825.0
2231,D'Amore Group,2020-03-31,2021-03-30,Classic,North America,Karl Long,68876,364,69065.22
1202,Ullrich - Greenfelder,2021-03-24,2021-09-21,Elite Plus,North America,Marsha Aguilar,34104,181,68773.26
4146,Reichert - Hirthe,2022-02-08,2023-02-07,Elite Plus,North America,Alice Cole,68348,364,68535.77
1205,Ullrich - Greenfelder,2021-04-24,2021-10-23,Elite Plus,North America,Marsha Aguilar,32604,182,65387.14
1598,"Canten, Agarwaliamson and Corkery",2020-12-31,2021-12-30,Elite Plus,North America,Lonnie May,65015,364,65193.61
5832,"Hilll, Friesen and O'Connell",2023-01-04,2024-01-03,Elite Plus,North America,Marsha Aguilar,62998,364,63171.07
683,"Goodwin, O'Reilly and Buckridge",2021-05-07,2022-05-06,Elite Plus,North America,Judy Jacobs,62097,364,62267.6
174,Frami Group,2020-09-22,2021-09-21,Elite Plus,North America,John Sacker,61008,364,61175.6
7315,Harvey PLC,2018-11-25,2019-11-24,Classic,North America,Christopher Little,57875,364,58034.0
122,Benjamin Batterbond,2021-03-01,2021-03-31,Classic,North America,Ramon Garcia,4642,30,56477.67
18,Towne - Kub,2021-01-06,2022-01-05,Classic,Europe,Alton Hunt,55488,364,55640.44
5406,"Collier, Ortiz and Marquardt",2021-09-23,2024-09-23,Classic,North America,Ramon Garcia,166503,1096,55450.36
5171,"Cronin, Frost and Ratke",2021-01-15,2023-01-14,Elite Plus,North America,Judy Jacobs,110169,729,55160.06
135,Benjamin Batterbond,2021-08-31,2022-08-31,Classic,North America,Ramon Garcia,54285,365,54285.0
4150,Reichert - Hirthe,2021-11-30,2022-11-29,Elite Plus,North America,Alice Cole,53730,364,53877.61
3868,Douglas - Schaden,2021-05-04,2021-12-15,Elite Plus,North America,Cecelia Burgess,31868,225,51696.98
1489,"Cummings, Pollich and Hoppe",2021-10-18,2022-10-17,Elite Plus,North America,Ross Hines,50495,364,50633.72
2990,Schaden Group,2021-05-18,2022-05-17,Classic,Europe,Alice Cole,47980,364,48111.81
4882,Johns LLC,2020-09-14,2021-09-13,Elite Plus,North America,Lonnie May,47206,364,47335.69
7080,"Wintheiser, Howe and Wisoky",2018-09-06,2019-09-05,Classic,North America,John Sacker,44864,364,44987.25
2974,Schaden Group,2021-11-04,2022-11-03,Elite Plus,Europe,Alice Cole,43253,364,43371.83
1786,"Heathcote, Oberbrunner and Considine",2020-11-09,2021-11-08,Elite Plus,North America,Grant Cortez,41939,364,42054.22
5819,"Hilll, Friesen and O'Connell",2021-01-10,2022-01-09,Elite Plus,North America,Marsha Aguilar,41716,364,41830.6
6253,"Schoen, Hudson and SchamBundelr",2021-08-09,2022-08-09,Classic,North America,Tomas Glover,40592,365,40592.0
6541,Marquardt - McClure,2021-07-09,2022-07-08,Classic,North America,Angelo Payne,40319,364,40429.77
6589,Ondricka - Casper,2020-11-15,2021-11-14,Elite Plus,North America,Sonja Griffin,39491,364,39599.49
6212,"Dietrich, Larson and Murazik",2021-10-08,2026-10-07,Classic,Europe,Christopher Little,197170,1825,39434.0
2621,"Roob, Bogisich and Hegmann",2020-03-09,2021-03-09,Elite Plus,North America,Marsha Aguilar,39201,365,39201.0
5001,Wehner and Sons,2020-04-29,2021-04-28,Elite Plus,North America,Lonnie May,38850,364,38956.73
6251,"Schoen, Hudson and SchamBundelr",2021-12-01,2022-11-30,Elite Plus,North America,Tomas Glover,38843,364,38949.71
7304,West-Witting,2019-02-06,2020-02-05,Classic,North America,Celia Clayton,38486,364,38591.73
4943,Lesch - Johnston,2022-10-30,2023-10-29,Elite Plus,North America,Tomas Glover,38303,364,38408.23
651,"Goodwin, O'Reilly and Buckridge",2020-07-27,2021-07-26,Elite Plus,North America,Judy Jacobs,37541,364,37644.13
7004,Herman Group,2019-05-14,2020-05-13,Elite Plus,Europe,Dana Henderson,37380,365,37380.0
7550,"Bechel, Ondricka and Abbott",2019-03-18,2020-03-17,Classic,Asia,Frankie Fletcher,37321,365,37321.0
7193,Chechauski-Shields,2019-07-28,2020-07-27,Elite Plus,Europe,Tomas Glover,37310,365,37310.0
4138,Reichert - Hirthe,2020-01-28,2021-01-27,Elite Plus,North America,Alice Cole,36867,365,36867.0
5648,"Stiedemann, Labadie and Prosacco",2023-11-21,2024-11-20,Elite Plus,North America,Ramon Garcia,36688,365,36688.0
1206,Ullrich - Greenfelder,2021-04-10,2021-10-09,Elite Plus,North America,Marsha Aguilar,18228,182,36556.15
335,Pouros - Ward,2021-03-19,2022-03-18,Elite Plus,North America,Karl Long,36142,364,36241.29
4153,Reichert - Hirthe,2020-11-08,2021-11-07,Elite Plus,North America,Alice Cole,35828,364,35926.43
1149,"Hahn, Nienow and Baumbach",2021-09-04,2022-09-03,Classic,Asia,Christopher Little,35793,364,35891.33
2925,"Bartell, Cremin and Kuvalis",2021-11-14,2023-11-14,Classic,Latin America,Marsha Aguilar,71427,730,35713.5
1409,Cronin - Lehner,2022-02-14,2023-02-13,Elite Plus,North America,Karl Long,35295,364,35391.96
2830,Hilpert and Sons,2022-11-18,2023-11-17,Elite Plus,North America,Marsha Aguilar,35206,364,35302.72
1493,Sawayn - Ortiz,2021-02-13,2022-02-12,Elite Plus,Europe,Karl Long,34818,364,34913.65
329,Pouros - Ward,2020-04-07,2021-04-06,Elite Plus,North America,Karl Long,34538,364,34632.88
7144,"Effertz, Lind and Auer",2018-12-26,2019-12-25,Classic,North America,Micheal Williams,34245,364,34339.08
3500,McCullough - Albertson,2021-04-13,2022-04-12,Elite Plus,North America,Ross Hines,34230,364,34324.04
3166,Huel LLC,2021-08-08,2022-08-07,Elite Plus,Europe,Marshall Lawson,33806,364,33898.87
3504,McCullough - Albertson,2021-01-06,2022-01-05,Elite Plus,North America,Ross Hines,33670,364,33762.5
6248,"Schoen, Hudson and SchamBundelr",2021-06-26,2021-09-25,Elite Plus,North America,Tomas Glover,8409,91,33728.41
2642,"Mayert, Murazik and Ernser",2022-06-28,2023-06-26,Classic,North America,Jerald James,33259,363,33442.25
3164,Huel LLC,2020-08-16,2021-08-15,Elite Plus,Europe,Marshall Lawson,33293,364,33384.46
1150,"Hahn, Nienow and Baumbach",2021-06-16,2022-06-16,Classic,Asia,Christopher Little,33234,365,33234.0
2924,"Bartell, Cremin and Kuvalis",2021-09-22,2021-10-22,Classic,Latin America,Marsha Aguilar,2726,30,33166.33
3496,McCullough - Albertson,2019-12-11,2020-12-09,Elite Plus,North America,Ross Hines,33070,364,33160.85
4121,Terry - Dickens,2021-07-18,2022-07-17,Elite Plus,North America,Jerald James,32730,364,32819.92
2623,"Roob, Bogisich and Hegmann",2020-10-18,2021-10-17,Elite Plus,North America,Marsha Aguilar,32413,364,32502.05
1857,Grant LLC,2021-08-06,2022-08-05,Elite Plus,North America,Karl Long,32185,364,32273.42
6599,Ondricka - Casper,2021-09-07,2022-09-06,Elite Plus,North America,Sonja Griffin,31765,364,31852.27
5340,Schmeler - Little,2020-08-21,2021-08-20,Elite Plus,Europe,Frankie Fletcher,31652,364,31738.96
7039,Flatley Ltd,2019-05-16,2020-05-15,Elite Plus,North America,Alton Hunt,31669,365,31669.0
8250,"Rath, Harris and Beatty",2019-11-23,2020-09-22,Classic,Europe,Ramon Garcia,26374,304,31666.15
2970,Schaden Group,2020-11-27,2021-11-26,Elite Plus,Europe,Alice Cole,31541,364,31627.65
4886,Gammendor - Agarwal,2020-04-10,2021-04-09,Elite Plus,Latin America,Lonnie May,31282,364,31367.94
2340,Graham and Sons,2021-05-04,2024-05-03,Classic,North America,Angelo Payne,93605,1095,31201.67
455,Leuschke Group,2020-02-24,2020-08-25,Elite Plus,North America,Grant Cortez,15610,183,31134.7
1602,Parisian - Gorczany,2020-11-05,2020-12-02,Classic,North America,Alton Hunt,2254,27,30470.74
1373,Zieme Group,2021-12-14,2022-01-02,Elite Plus,North America,Alton Hunt,1575,19,30256.58
133,Benjamin Batterbond,2021-10-02,2021-11-01,Classic,North America,Ramon Garcia,2484,30,30222.0
6597,Ondricka - Casper,2021-11-25,2022-11-24,Elite Plus,North America,Sonja Griffin,30041,364,30123.53
6527,Douglas - Kozey,2021-10-02,2022-10-01,Classic,North America,Karl Long,29727,364,29808.67
4942,Lesch - Johnston,2021-10-06,2022-10-05,Elite Plus,North America,Tomas Glover,29653,364,29734.46
2977,Schaden Group,2023-01-12,2024-01-11,Elite Plus,Europe,Alice Cole,29466,364,29546.95
5642,"Stiedemann, Labadie and Prosacco",2022-09-20,2023-09-19,Elite Plus,North America,Ramon Garcia,29273,364,29353.42
7,Towne - Kub,2020-05-17,2021-05-16,Classic,Europe,Alton Hunt,29222,364,29302.28
1376,Zieme Group,2021-01-07,2022-01-06,Elite Plus,North America,Alton Hunt,29124,364,29204.01
5645,"Stiedemann, Labadie and Prosacco",2023-08-03,2024-08-02,Elite Plus,North America,Ramon Garcia,29149,365,29149.0
2153,"Kautzer, Mante and Agarwal",2019-10-17,2020-10-16,Elite Plus,North America,Jerald James,29029,365,29029.0
6362,"Torp, Bosco and Agarwal",2020-11-21,2021-11-20,Elite Plus,North America,Christopher Little,28764,364,28843.02
2641,"Mayert, Murazik and Ernser",2023-09-21,2024-09-20,Classic,North America,Jerald James,28796,365,28796.0
1207,Ullrich - Greenfelder,2021-06-20,2021-12-19,Elite Plus,North America,Marsha Aguilar,14286,182,28650.49
10,Towne - Kub,2021-07-25,2021-09-09,Classic,Europe,Alton Hunt,3609,46,28636.63
1974,Davis and Sons,2020-11-15,2021-11-14,Elite Plus,North America,Aloyna Gregory,28550,364,28628.43
536,"Turcotte, Feest and Windler",2019-11-26,2020-11-25,Elite Plus,Europe,Frankie Fletcher,28589,365,28589.0
4931,Lesch - Johnston,2020-04-12,2021-04-11,Elite Plus,North America,Tomas Glover,28479,364,28557.24
1324,Stiedemann Group,2021-02-17,2023-12-25,Classic,North America,Alice Cole,81049,1041,28417.76
4470,Zemlak Group,2020-05-02,2021-05-01,Elite Plus,North America,Celia Clayton,28070,364,28147.12
2364,"Veum, Pollich and Kuvalis",2021-02-22,2022-02-21,Elite Plus,Europe,Frankie Fletcher,28003,364,28079.93
2049,Herzog - Donnelly,2020-12-18,2022-12-17,Elite Plus,North America,Phil Baker,55835,729,27955.8
1860,Grant LLC,2021-06-09,2022-06-08,Elite Plus,North America,Karl Long,27695,364,27771.09
6368,"Torp, Bosco and Agarwal",2021-12-02,2022-12-01,Elite Plus,North America,Christopher Little,27561,364,27636.72
315,Pagac Group,2021-05-13,2024-05-12,Elite Plus,North America,Karl Long,82839,1095,27613.0
3167,Huel LLC,2022-09-10,2023-09-09,Elite Plus,Europe,Marshall Lawson,27365,364,27440.18
1864,"Kassulke, Fritsch and Lebsack",2021-07-02,2022-06-29,Elite Plus,North America,Jerald James,27067,362,27291.31
3591,Gottlieb - Huel,2021-05-19,2025-05-18,Classic,Europe,Grant Cortez,108783,1460,27195.75
5033,"Goyette, Reichert and Parker",2021-06-10,2023-06-09,Elite Plus,North America,Alton Hunt,53570,729,26821.74
2976,Schaden Group,2023-01-27,2024-01-26,Elite Plus,Europe,Alice Cole,26652,364,26725.22
6358,Collier LLC,2021-01-26,2022-01-25,Elite Plus,North America,Phil Baker,26587,364,26660.04
1347,Stoltenberg LLC,2020-12-30,2023-12-29,Elite Plus,North America,Angelo Payne,79772,1094,26614.97
6546,"Wisoky, Kuhic and Herman",2022-12-22,2023-01-23,Elite Plus,North America,Patty Ingram,2333,32,26610.78
6601,Ondricka - Casper,2021-07-15,2021-10-17,Elite Plus,North America,Sonja Griffin,6833,94,26532.39
6246,"Schoen, Hudson and SchamBundelr",2020-05-13,2021-05-12,Elite Plus,North America,Tomas Glover,26302,364,26374.26
5405,"Collier, Ortiz and Marquardt",2020-10-23,2021-10-22,Classic,North America,Ramon Garcia,26084,364,26155.66
2005,Bradtke and Sons,2020-07-11,2023-07-10,Elite Plus,North America,Sonja Griffin,78354,1094,26141.87
5337,Schmeler - Little,2021-05-21,2022-05-20,Elite Plus,Europe,Frankie Fletcher,26069,364,26140.62
7234,"Schulist, Luettgen and Miller",2018-09-23,2019-09-22,Classic,North America,Jerald James,25780,364,25850.82
509,"Fay, Hauck and Oberbrunner",2021-10-24,2024-10-23,Classic,North America,Alton Hunt,77092,1095,25697.33
3163,Huel LLC,2020-07-16,2021-07-15,Elite Plus,Europe,Marshall Lawson,25357,364,25426.66
5611,Funk LLC,2020-05-11,2021-05-10,Elite Plus,Europe,Tomas Glover,25301,364,25370.51
6320,"Wunsch, Rogahn and Reinger",2020-11-29,2021-11-28,Elite Plus,North America,Dana Henderson,25288,364,25357.47
6587,Ondricka - Casper,2020-08-23,2021-08-22,Elite Plus,North America,Sonja Griffin,25241,364,25310.34
2829,Hilpert and Sons,2021-11-14,2022-11-13,Elite Plus,North America,Marsha Aguilar,25087,364,25155.92
3234,Vandervort - Upton,2021-01-05,2022-01-04,Elite Plus,North America,John Sacker,25061,364,25129.85
2485,Schmidt - McClure,2021-07-13,2021-08-12,Classic,Latin America,Phil Baker,2064,30,25112.0
2365,"Veum, Pollich and Kuvalis",2021-04-09,2022-04-08,Elite Plus,Europe,Frankie Fletcher,25032,364,25100.77
6323,"Wunsch, Rogahn and Reinger",2021-08-02,2022-08-01,Elite Plus,North America,Dana Henderson,24963,364,25031.58
113,"Hayes, Wilderman and Cremin",2021-06-22,2021-07-22,Classic,Latin America,Alton Hunt,2053,30,24978.17
6640,"Oberbrunner, Ritchie and Labadie",2022-02-09,2023-02-08,Elite Plus,Europe,Cecelia Burgess,24907,364,24975.43
1445,"Schneider, Champlin and O'Connell",2021-03-20,2022-03-19,Elite Plus,North America,Micheal Williams,24763,364,24831.03
6349,"Crist, Ondricka and DuBuque",2019-12-06,2020-12-04,Elite Plus,North America,Karl Long,24674,364,24741.79
1203,Ullrich - Greenfelder,2020-11-23,2021-05-23,Elite Plus,North America,Marsha Aguilar,12099,181,24398.54
4991,Ortiz - Ponting,2021-02-20,2022-02-19,Elite Plus,Europe,Aloyna Gregory,24154,364,24220.36
4775,"Hermiston, Weimann and Lemke",2020-01-26,2021-01-25,Elite Plus,North America,Ross Hines,24147,365,24147.0
3265,Reynolds - Goodwin,2021-05-31,2022-05-30,Elite Plus,North America,Cecelia Burgess,24001,364,24066.94
5480,Metz Inc,2020-09-15,2021-09-14,Elite Plus,North America,Patty Ingram,23845,364,23910.51
6014,Hyatt and Sons,2020-04-14,2021-04-13,Elite Plus,North America,Christopher Little,23808,364,23873.41
2972,Schaden Group,2022-03-06,2023-03-05,Elite Plus,Europe,Alice Cole,23699,364,23764.11
6526,Douglas - Kozey,2021-08-09,2021-09-08,Classic,North America,Karl Long,1934,30,23530.33
173,Frami Group,2021-02-07,2022-02-06,Elite Plus,North America,John Sacker,23390,364,23454.26
6439,Hickle - Ernser,2021-01-17,2022-01-16,Classic,North America,Sonja Griffin,23356,364,23420.16
1733,Smitham Group,2021-03-05,2022-03-04,Classic,North America,Jerald James,23291,364,23354.99
7927,West-Witting,2020-01-19,2021-01-18,Classic,North America,Celia Clayton,23333,365,23333.0
2973,Schaden Group,2021-12-20,2022-12-19,Elite Plus,Europe,Alice Cole,23146,364,23209.59
110,"Hayes, Wilderman and Cremin",2021-04-11,2021-05-10,Classic,Latin America,Alton Hunt,1844,29,23208.97
5633,"Stiedemann, Labadie and Prosacco",2022-10-04,2023-10-03,Elite Plus,North America,Ramon Garcia,23119,364,23182.51
377,Gislason Group,2021-09-17,2022-04-11,Classic,North America,Christopher Little,13013,206,23057.01
6938,Stanton-Bednar,2019-05-16,2020-05-15,Classic,Latin America,Celia Clayton,22993,365,22993.0
2927,"Bartell, Cremin and Kuvalis",2021-07-15,2021-08-14,Classic,Latin America,Marsha Aguilar,1887,30,22958.5
3101,"D'Amore, Bernier and Canten",2020-01-07,2021-01-06,Elite Plus,Europe,Alton Hunt,22909,365,22909.0
6322,"Wunsch, Rogahn and Reinger",2020-10-28,2021-10-27,Elite Plus,North America,Dana Henderson,22833,364,22895.73
2487,Schmidt - McClure,2021-06-23,2021-07-22,Classic,Latin America,Phil Baker,1818,29,22881.72
3976,"Hessel, Koss and Littel",2021-10-28,2021-11-26,Classic,North America,Karl Long,1817,29,22869.14
115,"Hayes, Wilderman and Cremin",2021-04-17,2021-05-16,Classic,Latin America,Alton Hunt,1814,29,22831.38
120,Benjamin Batterbond,2020-08-04,2021-08-03,Classic,North America,Ramon Garcia,22710,364,22772.39
4361,Jerde - Raynor,2022-04-07,2023-04-06,Elite Plus,North America,Celia Clayton,22593,364,22655.07
3313,"Mackerrel, Schroeder and Gutkowski",2021-06-12,2022-06-11,Elite Plus,North America,Tomas Glover,22566,364,22627.99
347,"Schmidt, Weissnat and Fritsch",2021-08-17,2022-08-16,Elite Plus,North America,Angelo Payne,22561,364,22622.98
1976,Davis and Sons,2021-08-25,2022-08-24,Elite Plus,North America,Aloyna Gregory,22340,364,22401.37
6354,"Crist, Ondricka and DuBuque",2021-03-11,2022-03-10,Elite Plus,North America,Karl Long,22280,364,22341.21
4359,Jerde - Raynor,2021-09-20,2022-09-19,Elite Plus,North America,Celia Clayton,22136,364,22196.81
687,"Goodwin, O'Reilly and Buckridge",2023-05-23,2024-05-22,Elite Plus,North America,Judy Jacobs,22118,365,22118.0
6623,Hartmann Group,2021-02-02,2024-02-01,Elite Plus,Asia,Walter Sacha,66033,1094,22031.12
5375,Dicki - Wilderman,2020-01-12,2021-01-11,Elite Plus,North America,John Sacker,21929,365,21929.0
2491,Schmidt - McClure,2021-06-05,2021-07-05,Classic,Latin America,Phil Baker,1799,30,21887.83
1882,Gleason Group,2020-01-22,2021-01-21,Elite Plus,Europe,Lonnie May,21772,365,21772.0
977,"Lubowitz, Franecki and Schuster",2021-11-16,2022-05-15,Elite Plus,Latin America,John Sacker,10725,180,21747.92
5721,Feil - Breitenberg,2021-07-29,2022-07-28,Elite Plus,North America,Judy Jacobs,21639,364,21698.45
444,Keebler Inc,2020-07-11,2022-07-10,Classic,Latin America,Phil Baker,43223,729,21641.15
3635,"Macejkovic, Bosco and Buckridge",2021-01-30,2022-01-29,Elite Plus,North America,Tomas Glover,21459,364,21517.95
5956,Schuster and Sons,2022-11-02,2023-11-01,Elite Plus,North America,John Sacker,21306,364,21364.53
1494,Sawayn - Ortiz,2021-07-05,2022-07-04,Elite Plus,Europe,Karl Long,21258,364,21316.4
5613,Funk LLC,2021-09-04,2022-09-03,Elite Plus,Europe,Tomas Glover,21248,364,21306.37
1460,Heathcote Inc,2021-03-11,2022-03-10,Elite Plus,North America,Patty Ingram,21108,364,21165.99
5674,Pagac - Fay,2020-11-03,2021-11-02,Elite Plus,North America,Cecelia Burgess,21039,364,21096.8
374,Gislason Group,2020-09-08,2021-09-07,Classic,North America,Christopher Little,20988,364,21045.66
1540,Mann - Hane,2020-09-03,2023-09-02,Elite Plus,Asia,Dana Henderson,62931,1094,20996.17
1982,"Mills, Ziemann and Pfeffer",2021-04-27,2022-04-26,Elite Plus,North America,Celia Clayton,20775,364,20832.07
1325,Stiedemann Group,2022-02-27,2024-02-26,Elite Plus,North America,Alice Cole,41568,729,20812.51
108,"Hayes, Wilderman and Cremin",2021-01-17,2021-02-16,Classic,Latin America,Alton Hunt,1709,30,20792.83
5379,Dicki - Wilderman,2023-11-30,2024-11-29,Elite Plus,North America,John Sacker,20739,365,20739.0
6698,Lemke - Muller,2021-09-23,2022-09-22,Classic,Asia,Lonnie May,20674,364,20730.8
5692,Dietrich - Klocko,2021-08-19,2022-08-18,Elite Plus,Asia,Angelo Payne,20547,364,20603.45
5952,Schuster and Sons,2020-08-10,2021-08-09,Elite Plus,North America,John Sacker,20497,364,20553.31
6535,Marquardt - McClure,2020-02-11,2021-02-10,Classic,North America,Angelo Payne,20502,365,20502.0
894,Kunze LLC,2021-07-18,2022-07-17,Classic,North America,John Sacker,20362,364,20417.94
5606,Funk LLC,2020-08-20,2021-08-19,Elite Plus,Europe,Tomas Glover,20302,364,20357.77
1785,"Heathcote, Oberbrunner and Considine",2021-03-09,2022-03-08,Elite Plus,North America,Grant Cortez,20258,364,20313.65
283,"Pacocha, McCullough and Stroman",2021-02-23,2022-02-22,Classic,North America,Christopher Little,20202,364,20257.5
3438,Terry - Kovacek,2021-10-01,2022-10-01,Classic,North America,Lonnie May,20248,365,20248.0
8075,"Bogisich, Welch and Beahan",2019-10-30,2020-10-29,Classic,Asia,Judy Jacobs,20182,365,20182.0
5719,Feil - Breitenberg,2021-10-28,2022-10-27,Elite Plus,North America,Judy Jacobs,20018,364,20072.99
4515,Zemlak Group,2021-04-09,2022-09-08,Elite Plus,North America,Celia Clayton,28387,517,20041.11
2638,"Mayert, Murazik and Ernser",2021-09-18,2022-09-17,Elite Plus,North America,Jerald James,19977,364,20031.88
331,Pouros - Ward,2020-08-08,2021-08-07,Elite Plus,North America,Karl Long,19955,364,20009.82
7493,"Wintheiser, Howe and Wisoky",2018-06-20,2019-06-19,Classic,North America,John Sacker,19942,364,19996.79
1481,"Cummings, Pollich and Hoppe",2020-07-27,2021-07-26,Elite Plus,North America,Ross Hines,19905,364,19959.68
1147,"Hahn, Nienow and Baumbach",2020-09-29,2021-09-28,Classic,Asia,Christopher Little,19798,364,19852.39
827,Schimmel LLC,2022-09-19,2023-09-18,Elite Plus,North America,Ramon Garcia,19690,364,19744.09
2045,Ondricka - Sipes,2021-02-11,2022-02-10,Elite Plus,North America,Grant Cortez,19656,364,19710.0
666,"Goodwin, O'Reilly and Buckridge",2021-01-08,2022-01-07,Elite Plus,North America,Judy Jacobs,19568,364,19621.76
3358,"Hermann, Hilll and Klein",2020-02-07,2021-02-05,Elite Plus,North America,Cecelia Burgess,19539,364,19592.68
6594,Ondricka - Casper,2021-03-24,2021-12-18,Elite Plus,North America,Sonja Griffin,14410,269,19552.6
4780,"Hermiston, Weimann and Lemke",2020-12-05,2021-12-04,Elite Plus,North America,Ross Hines,19346,364,19399.15
5206,"McGlynn, Wuckert and Marvin",2021-08-14,2022-01-03,Classic,North America,Celia Clayton,7514,142,19314.15
2328,"Smitham, Hintz and Hamill",2022-07-31,2023-07-30,Elite Plus,North America,Celia Clayton,19243,364,19295.87
629,"Goodwin, O'Reilly and Buckridge",2019-11-14,2020-11-13,Elite Plus,North America,Judy Jacobs,19286,365,19286.0
2341,Schmitt - Herman,2020-09-21,2021-09-20,Elite Plus,North America,Alton Hunt,19228,364,19280.82
7892,Rau Group,2019-09-17,2020-09-16,Classic,North America,Sonja Griffin,19169,365,19169.0
5954,Schuster and Sons,2021-09-08,2022-09-07,Elite Plus,North America,John Sacker,19113,364,19165.51
2327,"Smitham, Hintz and Hamill",2021-10-29,2022-10-28,Elite Plus,North America,Celia Clayton,18998,364,19050.19
2722,"Gillespie, Ankunding and Schuster",2020-05-30,2021-05-30,Classic,North America,Micheal Williams,18955,365,18955.0
5389,Chechauski Inc,2021-08-03,2022-08-02,Elite Plus,North America,Christopher Little,18857,364,18908.8
2598,O'Kon - Trantow,2021-10-23,2022-10-23,Classic,Asia,Tomas Glover,18890,365,18890.0
6643,"Oberbrunner, Ritchie and Labadie",2020-02-18,2021-02-17,Elite Plus,Europe,Cecelia Burgess,18826,365,18826.0
1403,Cronin - Lehner,2022-10-04,2023-10-03,Elite Plus,North America,Karl Long,18677,364,18728.31
2277,"Hintz, Bogan and Breitenberg",2022-11-07,2024-11-06,Elite Plus,Europe,Marsha Aguilar,37375,730,18687.5
665,"Goodwin, O'Reilly and Buckridge",2020-11-17,2021-11-16,Elite Plus,North America,Judy Jacobs,18628,364,18679.18
4891,MacGyver - Mackerrel,2021-11-11,2022-11-10,Classic,North America,Alice Cole,18617,364,18668.15
616,"Jacobs, Howe and Bahringer",2022-01-15,2023-01-14,Elite Plus,Latin America,Patty Ingram,18576,364,18627.03
4901,Muller - Spinka,2021-09-24,2024-09-24,Classic,North America,Marsha Aguilar,55682,1096,18543.73
3645,Lakin - Glover,2020-05-15,2021-05-14,Elite Plus,North America,Phil Baker,18409,364,18459.57
2161,"Kautzer, Bartell and Schmeler",2022-01-22,2023-01-21,Elite Plus,Asia,Jerald James,18351,364,18401.41
670,"Goodwin, O'Reilly and Buckridge",2020-12-06,2021-12-05,Elite Plus,North America,Judy Jacobs,18248,364,18298.13
6666,Lindgren and Sons,2022-08-20,2023-08-20,Elite Plus,North America,Walter Sacha,18255,365,18255.0
3969,"Hessel, Koss and Littel",2020-08-28,2021-08-27,Classic,North America,Karl Long,18150,364,18199.86
456,Leuschke Group,2020-07-14,2021-07-13,Elite Plus,North America,Grant Cortez,18136,364,18185.82
1471,"Cummings, Pollich and Hoppe",2020-02-27,2021-02-25,Elite Plus,North America,Ross Hines,18046,364,18095.58
1406,Cronin - Lehner,2021-02-27,2022-02-26,Elite Plus,North America,Karl Long,17964,364,18013.35
1597,"Canten, Agarwaliamson and Corkery",2020-02-26,2021-02-25,Elite Plus,North America,Lonnie May,18006,365,18006.0
2911,Sanford LLC,2021-03-18,2022-03-17,Elite Plus,North America,Alice Cole,17920,364,17969.23
2963,Kunze Group,2020-10-26,2021-10-25,Classic,North America,Grant Cortez,17908,364,17957.2
6523,Douglas - Kozey,2021-05-29,2021-06-28,Classic,North America,Karl Long,1458,30,17739.0
3971,"Hessel, Koss and Littel",2020-10-14,2021-10-13,Elite Plus,North America,Karl Long,17678,364,17726.57
454,Leuschke Group,2020-02-08,2020-08-09,Elite Plus,North America,Grant Cortez,8865,183,17681.56
6312,"Schuppe, Hegmann and Kerluke",2021-02-22,2022-02-21,Classic,North America,John Sacker,17590,364,17638.32
5942,Agarwaliamson - Hartmann,2020-10-30,2022-04-28,Classic,Asia,Ross Hines,26326,545,17631.17
2826,Dare - Wisozk,2021-02-20,2022-02-19,Classic,North America,Dana Henderson,17572,364,17620.27
8169,Little Group,2019-12-08,2020-12-07,Classic,North America,Marshall Lawson,17601,365,17601.0
3217,Vandervort - Upton,2019-10-08,2020-10-07,Elite Plus,North America,John Sacker,17468,365,17468.0
1476,"Cummings, Pollich and Hoppe",2022-12-08,2023-01-06,Elite Plus,North America,Ross Hines,1384,29,17419.31
1719,Erdman - Kozey,2022-06-12,2024-09-11,Elite Plus,North America,Christopher Little,39139,822,17379.24
2943,Quitzon Group,2021-07-05,2022-04-19,Classic,Europe,Grant Cortez,13690,288,17350.17
2483,Schmidt - McClure,2021-01-16,2021-02-14,Classic,Latin America,Phil Baker,1378,29,17343.79
3498,McCullough - Albertson,2019-12-27,2020-12-25,Elite Plus,North America,Ross Hines,17265,364,17312.43
1999,Wiza - Robel,2021-11-08,2022-11-07,Classic,North America,Frankie Fletcher,17260,364,17307.42
1856,Grant LLC,2020-07-02,2021-07-01,Elite Plus,North America,Karl Long,17245,364,17292.38
5647,"Stiedemann, Labadie and Prosacco",2023-12-28,2024-12-27,Elite Plus,North America,Ramon Garcia,17265,365,17265.0
3589,Gottlieb - Huel,2022-01-30,2022-04-29,Elite Plus,Europe,Grant Cortez,4191,89,17187.81
5058,Collier - Skiles,2020-11-27,2021-11-26,Elite Plus,Europe,Sonja Griffin,17083,364,17129.93
4422,"Zemlak, Steuber and Rempel",2021-04-29,2022-04-28,Elite Plus,North America,Karl Long,17077,364,17123.91
4445,Ponting - Jakubowski,2021-05-10,2022-05-09,Elite Plus,Europe,Alton Hunt,17067,364,17113.89
8177,"Johnston, Casper and Robel",2019-11-10,2020-11-09,Classic,North America,Micheal Williams,17062,365,17062.0
5387,Chechauski Inc,2020-08-30,2021-08-29,Elite Plus,North America,Christopher Little,16949,364,16995.56
526,Orn - Brown,2020-03-14,2021-03-14,Elite Plus,Europe,Walter Sacha,16881,365,16881.0
2159,"Kautzer, Bartell and Schmeler",2020-11-05,2021-11-04,Elite Plus,Asia,Jerald James,16829,364,16875.23
2845,"Rath, Hoeger and Kunde",2021-11-23,2024-11-22,Classic,Latin America,Walter Sacha,50488,1095,16829.33
3437,"Murazik, Jones and Walsh",2021-04-16,2022-04-15,Classic,North America,Ross Hines,16774,364,16820.08
3495,McCullough - Albertson,2020-04-22,2021-04-21,Elite Plus,North America,Ross Hines,16733,364,16778.97
845,"Larkin, Runolfsson and Orn",2021-07-29,2022-07-28,Classic,Asia,Marshall Lawson,16697,364,16742.87
2336,Graham and Sons,2020-05-21,2021-05-20,Classic,North America,Angelo Payne,16603,364,16648.61
4900,Muller - Spinka,2020-07-18,2021-07-17,Classic,North America,Marsha Aguilar,16594,364,16639.59
3920,Monahan - Ruecker,2021-02-05,2022-02-04,Elite Plus,North America,Judy Jacobs,16554,364,16599.48
2794,"Barton, Murray and Volkman",2021-11-11,2024-11-10,Elite Plus,North America,Jerald James,49661,1095,16553.67
886,Rohan - Sporer,2021-08-03,2024-08-02,Elite Plus,North America,Frankie Fletcher,49400,1095,16466.67
2125,Gupta LLC,2021-11-02,2024-12-03,Elite Plus,North America,Marsha Aguilar,50733,1127,16430.83
6466,Oberbrunner Inc,2021-07-23,2022-07-22,Elite Plus,Europe,Karl Long,16364,364,16408.96
1126,"Hahn, Nienow and Baumbach",2020-05-23,2021-05-22,Classic,Asia,Christopher Little,16353,364,16397.93
3956,"Lang, Mitchell and Grant",2021-05-13,2023-05-12,Classic,North America,Celia Clayton,32749,729,16396.96
1469,Heathcote Inc,2021-04-24,2022-04-23,Elite Plus,North America,Patty Ingram,16351,364,16395.92
1452,Heathcote Inc,2020-06-03,2021-05-31,Elite Plus,North America,Patty Ingram,16258,362,16392.73
3988,Kunze and Sons,2021-06-08,2021-08-07,Elite Plus,North America,Aloyna Gregory,2691,60,16370.25
185,Huel - Simonis,2020-10-01,2021-09-30,Elite Plus,Asia,Karl Long,16276,364,16320.71
1168,"Zamber, Gaverman and Hableton",2020-11-23,2023-11-22,Elite Plus,Europe,Lonnie May,48866,1094,16303.56
2736,Rohan - Heller,2021-04-18,2022-04-17,Elite Plus,North America,Alton Hunt,16204,364,16248.52
5664,Raynor - Gusikowski,2021-03-07,2021-04-06,Elite Plus,North America,Christopher Little,1335,30,16242.5
3960,"Gaylord, Fay and Frost",2020-03-22,2021-03-21,Elite Plus,Asia,Phil Baker,16139,364,16183.34
6326,Schimmel - Stehr,2021-03-09,2022-03-08,Elite Plus,North America,Walter Sacha,16077,364,16121.17
3503,McCullough - Albertson,2021-02-13,2022-02-12,Elite Plus,North America,Ross Hines,16059,364,16103.12
1013,"Collier, Conn and Dooley",2021-09-18,2024-09-17,Classic,North America,Grant Cortez,48204,1095,16068.0
3658,Kuvalis LLC,2021-05-05,2024-05-04,Classic,Latin America,Sonja Griffin,48098,1095,16032.67
6017,Hyatt and Sons,2021-08-06,2022-08-05,Elite Plus,North America,Christopher Little,15790,364,15833.38
4094,Hartmann - Bergstrom,2020-01-07,2021-01-06,Classic,Europe,Sonja Griffin,15827,365,15827.0
6308,Kunde Inc,2021-04-29,2022-04-28,Elite Plus,North America,Lonnie May,15715,364,15758.17
1173,"Zamber, Gaverman and Hableton",2020-10-29,2023-10-28,Elite Plus,Europe,Lonnie May,47158,1094,15733.7
2359,"Rice, Gutkowski and DuBuque",2021-02-18,2022-02-17,Classic,North America,Sonja Griffin,15588,364,15630.82
2771,Kerluke Group,2020-12-16,2021-12-15,Classic,North America,Dana Henderson,15570,364,15612.77
167,Frami Group,2020-02-27,2021-02-26,Elite Plus,North America,John Sacker,15554,365,15554.0
907,"Lesch, Bernhard and Hills",2020-11-28,2021-11-27,Elite Plus,Europe,Jerald James,15487,364,15529.55
3715,Jones LLC,2020-11-06,2021-11-05,Elite Plus,North America,Lonnie May,15451,364,15493.45
1410,Cronin - Lehner,2022-11-03,2023-11-02,Elite Plus,North America,Karl Long,15437,364,15479.41
4784,"Hermiston, Weimann and Lemke",2022-11-07,2023-11-06,Elite Plus,North America,Ross Hines,15373,364,15415.23
1451,Heathcote Inc,2019-10-25,2020-10-24,Elite Plus,North America,Patty Ingram,15364,365,15364.0
5487,Metz Inc,2021-11-03,2024-11-01,Elite Plus,North America,Patty Ingram,46033,1094,15358.36
6627,"Frost, Olson and Schmeler",2020-10-03,2021-10-02,Elite Plus,Asia,Grant Cortez,15230,364,15271.84
4992,Ortiz - Ponting,2020-11-29,2021-11-28,Elite Plus,Europe,Aloyna Gregory,15228,364,15269.84
1868,"Kassulke, Fritsch and Lebsack",2021-12-12,2024-12-11,Elite Plus,North America,Jerald James,45596,1095,15198.67
5640,"Stiedemann, Labadie and Prosacco",2021-11-24,2022-11-23,Elite Plus,North America,Ramon Garcia,15111,364,15152.51
6357,Collier LLC,2020-12-06,2021-12-05,Elite Plus,North America,Phil Baker,15060,364,15101.37
615,"Jacobs, Howe and Bahringer",2020-11-25,2021-11-24,Elite Plus,Latin America,Patty Ingram,14985,364,15026.17
5825,"Hilll, Friesen and O'Connell",2021-10-05,2022-10-04,Elite Plus,North America,Marsha Aguilar,14916,364,14956.98
4181,Kunde - Kautzer,2022-03-29,2024-03-28,Elite Plus,North America,Patty Ingram,29881,730,14940.5
6100,Sporer - Hills,2021-09-27,2022-09-26,Classic,Latin America,Christopher Little,14887,364,14927.9
3291,Schumm Group,2020-01-07,2021-01-06,Elite Plus,North America,Jerald James,14923,365,14923.0
4179,Kunde - Kautzer,2020-01-17,2021-01-15,Elite Plus,North America,Patty Ingram,14880,364,14920.88
7671,Reynolds Inc,2019-02-20,2020-02-19,Classic,North America,Judy Jacobs,14873,364,14913.86
2104,Stark - Moen,2023-12-28,2024-12-27,Elite Plus,Europe,Christopher Little,14877,365,14877.0
381,"Murray, Borer and Conn",2021-08-07,2021-09-06,Classic,Latin America,Cecelia Burgess,1221,30,14855.5
1658,Kuphal - Hirthe,2021-07-05,2022-07-04,Elite Plus,North America,Marsha Aguilar,14809,364,14849.68
5381,Dicki - Wilderman,2020-09-30,2021-09-29,Elite Plus,North America,John Sacker,14796,364,14836.65
5590,"Keeling, Jakubowski and Crist",2022-01-25,2023-01-24,Elite Plus,North America,Aloyna Gregory,14759,364,14799.55
46,Yost and Sons,2021-09-02,2022-09-01,Elite Plus,Europe,Sonja Griffin,14756,364,14796.54
1363,Kozey and Sons,2020-03-12,2021-03-12,Elite Plus,Europe,Frankie Fletcher,14781,365,14781.0
2324,Cassle and Sons,2021-09-25,2023-09-24,Elite Plus,North America,Angelo Payne,29489,729,14764.73
5167,"Cronin, Frost and Ratke",2020-01-18,2021-01-17,Elite Plus,North America,Judy Jacobs,14751,365,14751.0
1378,Zieme Group,2021-07-18,2022-11-02,Elite Plus,North America,Alton Hunt,19036,472,14720.64
7243,"Rumsfeld, Batz and Heaney",2018-11-07,2019-06-06,Elite Plus,North America,Celia Clayton,8449,211,14615.57
1742,"Auer, Jones and Agarwal",2021-01-10,2022-01-09,Elite Plus,Europe,Alice Cole,14561,364,14601.0
4148,Reichert - Hirthe,2022-02-05,2023-02-04,Elite Plus,North America,Alice Cole,14491,364,14530.81
4064,Prohaska and Sons,2021-06-22,2022-06-21,Classic,Asia,Ross Hines,14481,364,14520.78
3168,Huel LLC,2022-04-16,2023-04-15,Elite Plus,Europe,Marshall Lawson,14480,364,14519.78
1385,Rosemont and Sons,2021-08-14,2024-08-13,Classic,Latin America,Ross Hines,43553,1095,14517.67
3957,"Gaylord, Fay and Frost",2021-03-07,2022-03-06,Elite Plus,Asia,Phil Baker,14456,364,14495.71
700,"White, Keeling and Jakubowski",2020-12-22,2021-12-21,Elite Plus,North America,Sonja Griffin,14448,364,14487.69
156,"Kirlin, Haag and Heller",2021-02-18,2024-02-17,Classic,Europe,Marsha Aguilar,43370,1094,14469.88
5789,Tanner Inc,2020-12-11,2021-12-10,Classic,North America,Karl Long,14404,364,14443.57
3851,Metz - Heathcote,2020-06-09,2022-10-10,Classic,North America,Grant Cortez,33639,853,14394.18
4155,Reichert - Hirthe,2021-01-08,2022-01-07,Elite Plus,North America,Alice Cole,14343,364,14382.4
852,Koepp Inc,2021-07-07,2022-07-06,Classic,North America,Ross Hines,14305,364,14344.3
2311,"Daniel, MacGyver and Ernser",2021-06-03,2022-06-02,Classic,North America,Walter Sacha,14296,364,14335.27
1369,Deckow LLC,2021-05-19,2021-11-16,Elite Plus,North America,Frankie Fletcher,7105,181,14327.76
539,Harvey and Sons,2019-10-12,2020-10-11,Elite Plus,Asia,Walter Sacha,14281,365,14281.0
3587,Gottlieb - Huel,2021-08-22,2021-11-21,Elite Plus,Europe,Grant Cortez,3557,91,14267.09
3436,"Murazik, Jones and Walsh",2020-12-07,2021-12-06,Classic,North America,Ross Hines,14205,364,14244.02
2325,"Smitham, Hintz and Hamill",2020-08-21,2021-08-20,Elite Plus,North America,Celia Clayton,14187,364,14225.98
1736,Dietrich and Sons,2021-06-05,2024-06-04,Elite Plus,Europe,Angelo Payne,42641,1095,14213.67
5558,Runolfsson Group,2020-08-25,2021-08-24,Elite Plus,North America,Lonnie May,14159,364,14197.9
3501,McCullough - Albertson,2021-02-13,2022-02-12,Elite Plus,North America,Ross Hines,14124,364,14162.8
410,Zboncak LLC,2021-01-06,2022-01-05,Elite Plus,North America,Marshall Lawson,14095,364,14133.72
3870,Douglas - Schaden,2021-04-02,2021-11-13,Elite Plus,North America,Cecelia Burgess,8710,225,14129.56
7378,"Sporer, Huel and Cremin",2018-12-09,2019-12-08,Classic,North America,Grant Cortez,14083,364,14121.69
4049,Erdman Group,2021-09-24,2022-09-23,Elite Plus,North America,Judy Jacobs,14081,364,14119.68
6533,Marquardt - McClure,2020-01-03,2020-02-09,Classic,North America,Angelo Payne,1426,37,14067.3
2126,Gupta LLC,2022-01-26,2025-02-26,Elite Plus,North America,Marsha Aguilar,43381,1127,14049.75
1752,Fay Inc,2021-05-13,2022-05-12,Elite Plus,Europe,Ross Hines,14011,364,14049.49
994,Larson - Bundel,2021-08-09,2022-08-08,Elite Plus,North America,Angelo Payne,13999,364,14037.46
1007,Larson - Bundel,2024-05-01,2024-10-30,Elite Plus,North America,Angelo Payne,6986,182,14010.38
3654,"Skiles, Powlowski and Bartell",2021-11-25,2022-11-24,Elite Plus,North America,Patty Ingram,13969,364,14007.38
5875,"Dicki, Bosco and Rempel",2021-09-10,2022-09-09,Elite Plus,North America,Grant Cortez,13962,364,14000.36
5717,Feil - Breitenberg,2020-08-22,2021-08-21,Elite Plus,North America,Judy Jacobs,13926,364,13964.26
7166,Witting LLC,2018-08-12,2019-08-11,Elite Plus,Latin America,Marshall Lawson,13910,364,13948.21
5380,Dicki - Wilderman,2024-08-24,2025-08-23,Elite Plus,North America,John Sacker,13877,364,13915.12
4505,Zemlak Group,2021-12-13,2022-08-13,Elite Plus,North America,Celia Clayton,9263,243,13913.56
3701,Rippin and Sons,2021-01-01,2021-12-31,Classic,North America,Aloyna Gregory,13870,364,13908.1
6385,Satterfield and Sons,2021-10-14,2021-11-12,Classic,Latin America,Jerald James,1102,29,13870.0
6534,Marquardt - McClure,2020-03-16,2020-04-22,Classic,North America,Angelo Payne,1404,37,13850.27
1462,Heathcote Inc,2021-03-26,2022-03-25,Elite Plus,North America,Patty Ingram,13811,364,13848.94
3489,McCullough - Albertson,2020-02-29,2021-01-16,Elite Plus,North America,Ross Hines,12212,322,13842.8
4363,Jerde - Raynor,2023-04-06,2024-04-05,Elite Plus,North America,Celia Clayton,13823,365,13823.0
5812,"Hilll, Friesen and O'Connell",2022-06-16,2022-06-30,Elite Plus,North America,Marsha Aguilar,530,14,13817.86
5338,Schmeler - Little,2021-06-01,2022-05-31,Elite Plus,Europe,Frankie Fletcher,13750,364,13787.77
387,Zboncak LLC,2020-03-06,2021-03-05,Elite Plus,North America,Marshall Lawson,13731,364,13768.72
2968,Schaden Group,2020-08-24,2023-12-24,Elite Plus,Europe,Alice Cole,45873,1217,13758.13
6664,Lindgren and Sons,2021-09-12,2022-09-11,Elite Plus,North America,Walter Sacha,13718,364,13755.69
5421,"King, Crooks and Ankunding",2021-09-28,2022-09-28,Classic,Europe,Phil Baker,13707,365,13707.0
701,"White, Keeling and Jakubowski",2021-04-08,2022-01-07,Elite Plus,North America,Sonja Griffin,10262,274,13670.18
7194,Murphy-Rosemont,2019-08-24,2020-06-22,Classic,North America,Lonnie May,11340,303,13660.4
7242,Rau Group,2019-09-22,2020-09-21,Classic,North America,Sonja Griffin,13641,365,13641.0
4719,Padberg Inc,2021-04-08,2021-07-09,Elite Plus,North America,Phil Baker,3436,92,13631.96
8078,Morissette Group,2019-10-24,2020-10-23,Classic,North America,Ross Hines,13611,365,13611.0
5353,"Collins, Fahey and Mackerrel",2020-09-15,2022-09-14,Classic,North America,Karl Long,27146,729,13591.62
913,"Lesch, Bernhard and Hills",2021-05-11,2022-05-10,Classic,Europe,Jerald James,13552,364,13589.23
2906,Sanford LLC,2020-02-14,2021-02-14,Elite Plus,North America,Alice Cole,13558,366,13520.96
1464,Heathcote Inc,2021-04-23,2022-04-22,Elite Plus,North America,Patty Ingram,13456,364,13492.97
5129,"Reynolds, Bundel and Hauck",2021-05-20,2022-05-20,Classic,Latin America,Judy Jacobs,13467,365,13467.0
4851,Muller - Reichert,2020-01-04,2020-10-14,Classic,North America,John Sacker,10450,284,13430.46
2097,Stark - Moen,2022-07-15,2023-07-14,Elite Plus,Europe,Christopher Little,13284,364,13320.49
3914,Lynch - Ritchie,2020-10-01,2021-09-30,Classic,North America,Marshall Lawson,13278,364,13314.48
5993,Stehr and Sons,2021-06-13,2022-06-12,Classic,North America,Phil Baker,13231,364,13267.35
7418,Douglas-Muller,2019-09-24,2020-09-23,Classic,Europe,Christopher Little,13245,365,13245.0
4509,Zemlak Group,2020-12-04,2021-12-03,Elite Plus,North America,Celia Clayton,13191,364,13227.24
7450,"Wintheiser, Howe and Wisoky",2018-12-10,2019-12-09,Classic,North America,John Sacker,13157,364,13193.15
2634,"Mayert, Murazik and Ernser",2022-04-25,2023-04-24,Elite Plus,North America,Jerald James,13145,364,13181.11
4717,Padberg Inc,2021-04-27,2022-04-26,Elite Plus,North America,Phil Baker,13132,364,13168.08
2095,Stark - Moen,2020-08-26,2021-08-25,Elite Plus,Europe,Christopher Little,13117,364,13153.04
4863,Muller - Reichert,2021-07-09,2022-07-08,Elite Plus,North America,John Sacker,13112,364,13148.02
1381,Zieme Group,2021-08-20,2022-08-19,Elite Plus,North America,Alton Hunt,13112,364,13148.02
1648,Kuphal - Hirthe,2020-10-07,2021-10-06,Elite Plus,North America,Marsha Aguilar,13091,364,13126.96
58,Lind and Sons,2022-02-03,2023-02-02,Elite Plus,Europe,Karl Long,13085,364,13120.95
2275,"Kutch, Gerhold and Quitzon",2023-04-19,2024-04-18,Elite Plus,Europe,Karl Long,13102,365,13102.0
3317,"Mackerrel, Schroeder and Gutkowski",2022-07-27,2023-07-26,Elite Plus,North America,Tomas Glover,13063,364,13098.89
1454,Heathcote Inc,2020-05-16,2021-05-15,Elite Plus,North America,Patty Ingram,13044,364,13079.84
7177,Auer-Koch,2019-03-21,2020-03-20,Classic,North America,Grant Cortez,13048,365,13048.0
4502,Zemlak Group,2021-01-01,2021-12-31,Elite Plus,North America,Celia Clayton,13006,364,13041.73
7746,Waelchi Inc,2018-07-24,2019-07-23,Classic,North America,Tomas Glover,12998,364,13033.71
1468,Heathcote Inc,2021-04-10,2022-04-09,Elite Plus,North America,Patty Ingram,12976,364,13011.65
2272,"Kutch, Gerhold and Quitzon",2021-05-05,2022-05-04,Elite Plus,Europe,Karl Long,12954,364,12989.59
6453,Frost Group,2021-02-05,2022-02-04,Classic,North America,Angelo Payne,12953,364,12988.59
476,"Kling, Kessler and Dach",2021-01-15,2022-01-14,Elite Plus,North America,Marshall Lawson,12943,364,12978.56
308,O'Keefe - Skiles,2021-08-02,2022-08-01,Classic,Europe,Sonja Griffin,12942,364,12977.55
766,"Kunze, Jaskolski and Labadie",2020-04-05,2021-04-05,Elite Plus,Europe,Walter Sacha,12965,365,12965.0
3502,McCullough - Albertson,2021-01-12,2022-01-11,Elite Plus,North America,Ross Hines,12915,364,12950.48
6667,Lindgren and Sons,2021-08-11,2022-08-10,Elite Plus,North America,Walter Sacha,12851,364,12886.3
3896,Kreiger - Russel,2020-07-25,2021-07-24,Elite Plus,North America,Phil Baker,12836,364,12871.26
1488,"Cummings, Pollich and Hoppe",2021-01-22,2022-01-21,Elite Plus,North America,Ross Hines,12753,364,12788.04
2323,Cassle and Sons,2021-12-07,2023-12-06,Elite Plus,North America,Angelo Payne,25491,729,12762.98
1984,"Mills, Ziemann and Pfeffer",2021-06-24,2022-06-23,Elite Plus,North America,Celia Clayton,12716,364,12750.93
6440,Pollich and Sons,2021-06-17,2022-06-16,Classic,North America,Alice Cole,12668,364,12702.8
2624,"Roob, Bogisich and Hegmann",2020-11-08,2021-11-07,Elite Plus,North America,Marsha Aguilar,12644,364,12678.74
1477,"Cummings, Pollich and Hoppe",2022-01-24,2023-01-23,Elite Plus,North America,Ross Hines,12601,364,12635.62
4711,Padberg Inc,2020-05-09,2021-05-08,Elite Plus,North America,Phil Baker,12584,364,12618.57
4498,Zemlak Group,2022-07-09,2022-11-02,Elite Plus,North America,Celia Clayton,4001,116,12589.35
5370,"Kutch, Larson and Boone",2021-09-25,2024-10-23,Elite Plus,North America,Grant Cortez,38626,1124,12543.14
1372,Zieme Group,2020-07-24,2021-07-23,Elite Plus,North America,Alton Hunt,12500,364,12534.34
546,Harvey and Sons,2022-02-12,2023-02-11,Elite Plus,Asia,Walter Sacha,12486,364,12520.3
5470,Kertzmann - Langworth,2021-08-14,2022-08-13,Elite Plus,North America,Marshall Lawson,12432,364,12466.15
6117,"Romaguera, Hilll and Hayes",2022-01-11,2024-09-09,Elite Plus,North America,Ross Hines,33197,972,12465.95
1273,Zemlak - Cormier,2020-07-26,2021-07-25,Classic,Latin America,Phil Baker,12416,364,12450.11
543,Harvey and Sons,2020-11-25,2021-11-24,Elite Plus,Asia,Walter Sacha,12411,364,12445.1
1144,"Hahn, Nienow and Baumbach",2020-09-13,2021-09-12,Classic,Asia,Christopher Little,12353,364,12386.94
1142,"Hahn, Nienow and Baumbach",2021-07-14,2022-07-13,Classic,Asia,Christopher Little,12350,364,12383.93
6262,Bechel Inc,2023-05-07,2024-05-06,Elite Plus,Europe,Walter Sacha,12367,365,12367.0
47,Yost and Sons,2022-08-10,2023-08-09,Elite Plus,Europe,Sonja Griffin,12329,364,12362.87
6529,Douglas - Kozey,2021-07-16,2021-08-14,Classic,North America,Karl Long,981,29,12347.07
119,"Gerhold, Moen and D'Amore",2022-02-12,2023-02-11,Classic,Latin America,Judy Jacobs,12277,364,12310.73
343,"Schmidt, Weissnat and Fritsch",2020-11-03,2021-11-02,Elite Plus,North America,Angelo Payne,12267,364,12300.7
6540,Marquardt - McClure,2020-08-18,2020-09-18,Classic,North America,Angelo Payne,1044,31,12292.26
168,Frami Group,2019-09-15,2020-09-14,Elite Plus,North America,John Sacker,12252,365,12252.0
1365,Kozey and Sons,2020-11-03,2021-11-02,Elite Plus,Europe,Frankie Fletcher,12212,364,12245.55
3597,Jakubowski LLC,2021-06-09,2022-06-08,Classic,Latin America,Judy Jacobs,12208,364,12241.54
7837,Goldner Ltd,2019-03-27,2020-03-26,Classic,North America,Tomas Glover,12241,365,12241.0
5545,Oberbrunner Inc,2021-03-17,2024-06-13,Elite Plus,North America,Karl Long,39706,1184,12240.45
2627,"Mayert, Murazik and Ernser",2021-01-09,2022-01-08,Elite Plus,North America,Jerald James,12166,364,12199.42
3293,Schumm Group,2021-03-13,2022-03-12,Elite Plus,North America,Jerald James,12143,364,12176.36
2424,"Tromp, Gillespie and Pimpernel",2021-04-08,2021-09-23,Elite Plus,North America,Judy Jacobs,5587,168,12138.42
1366,Kozey and Sons,2021-10-18,2022-10-17,Elite Plus,Europe,Frankie Fletcher,12055,364,12088.12
4939,Lesch - Johnston,2020-12-10,2021-06-11,Elite Plus,North America,Tomas Glover,6049,183,12064.95
5341,Schmeler - Little,2020-06-25,2021-06-24,Elite Plus,Europe,Frankie Fletcher,12029,364,12062.05
4152,Reichert - Hirthe,2021-10-14,2022-10-13,Elite Plus,North America,Alice Cole,12025,364,12058.04
3798,"Hilll, Kiehn and Douglas",2020-05-06,2021-05-05,Elite Plus,Latin America,Karl Long,12016,364,12049.01
257,Nader LLC,2021-08-19,2023-02-25,Elite Plus,Europe,Marshall Lawson,18279,555,12021.32
6907,Marquardt Ltd,2019-06-23,2020-06-22,Classic,Europe,Ross Hines,11997,365,11997.0
5520,Baumbach - Simonis,2020-04-25,2021-04-25,Elite Plus,North America,Ross Hines,11992,365,11992.0
984,"Lubowitz, Franecki and Schuster",2022-06-16,2026-06-15,Elite Plus,Latin America,John Sacker,47938,1460,11984.5
5062,Collier - Skiles,2021-11-03,2022-11-02,Elite Plus,Europe,Sonja Griffin,11928,364,11960.77
6427,"Quigley, Veum and Reilly",2021-04-06,2022-04-05,Elite Plus,North America,Angelo Payne,11913,364,11945.73
5398,"Marks, Daniel and Larson",2021-07-14,2021-08-13,Classic,Latin America,Marsha Aguilar,980,30,11923.33
2035,"Frami, Hackett and Rohan",2020-12-01,2021-11-30,Elite Plus,North America,Aloyna Gregory,11818,364,11850.47
8184,West-Marks,2018-12-13,2019-12-12,Classic,North America,Phil Baker,11813,364,11845.45
5342,Schmeler - Little,2020-11-13,2021-11-12,Elite Plus,Europe,Frankie Fletcher,11808,364,11840.44
1108,"Stanton, Kessler and Quigley",2021-10-27,2022-10-26,Elite Plus,Latin America,Angelo Payne,11755,364,11787.29
4496,Zemlak Group,2021-06-12,2022-06-11,Elite Plus,North America,Celia Clayton,11730,364,11762.23
4870,Schuppe - Lynch,2021-03-29,2022-03-28,Classic,North America,Micheal Williams,11723,364,11755.21
7470,Kreiger-Okuneva,2018-10-24,2019-10-23,Classic,North America,Karl Long,11666,364,11698.05
382,"Murray, Borer and Conn",2021-09-07,2021-10-07,Classic,Latin America,Cecelia Burgess,961,30,11692.17
6708,Gaylord Group,2020-12-21,2021-12-20,Classic,North America,Marsha Aguilar,11625,364,11656.94
1979,Davis and Sons,2021-10-10,2022-10-09,Elite Plus,North America,Aloyna Gregory,11618,364,11649.92
5579,Murray LLC,2020-09-29,2021-09-28,Classic,Europe,Celia Clayton,11589,364,11620.84
6187,"Dietrich, Larson and Murazik",2020-07-15,2021-07-14,Elite Plus,Europe,Christopher Little,11584,364,11615.82
2244,D'Amore Group,2021-01-15,2022-01-14,Classic,North America,Karl Long,11557,364,11588.75
419,Zboncak LLC,2021-08-02,2024-08-02,Elite Plus,North America,Marshall Lawson,34798,1096,11588.75
5523,Baumbach - Simonis,2020-02-15,2021-02-15,Classic,North America,Ross Hines,11605,366,11573.29
2433,"Tromp, Gillespie and Pimpernel",2021-09-22,2022-09-21,Elite Plus,North America,Judy Jacobs,11459,364,11490.48
6583,Ondricka - Casper,2020-01-27,2021-01-25,Elite Plus,North America,Sonja Griffin,11411,364,11442.35
1456,Heathcote Inc,2020-05-28,2021-05-27,Elite Plus,North America,Patty Ingram,11378,364,11409.26
5023,Butler LLC,2021-09-11,2021-10-11,Classic,North America,Celia Clayton,936,30,11388.0
4633,"Watsica, Leannon and McCullough",2021-06-08,2022-06-07,Classic,North America,Phil Baker,11353,364,11384.19
4782,"Hermiston, Weimann and Lemke",2022-01-16,2023-01-15,Elite Plus,North America,Ross Hines,11333,364,11364.13
2552,"Cummerata, Greenholt and Rogahn",2020-08-24,2021-08-23,Elite Plus,North America,Frankie Fletcher,11320,364,11351.1
5307,Hudson and Sons,2020-09-30,2021-09-29,Elite Plus,Europe,Ramon Garcia,11317,364,11348.09
4463,Zemlak Group,2021-01-14,2021-02-24,Elite Plus,North America,Celia Clayton,1272,41,11323.9
7332,"Runolfsson, Shanahan and Gammendor",2019-03-20,2020-03-19,Elite Plus,North America,Patty Ingram,11314,365,11314.0
5592,"Keeling, Jakubowski and Crist",2022-11-29,2023-11-28,Elite Plus,North America,Aloyna Gregory,11274,364,11304.97
5688,Dietrich - Klocko,2020-10-24,2021-10-23,Elite Plus,Asia,Angelo Payne,11269,364,11299.96
2637,"Mayert, Murazik and Ernser",2021-08-16,2022-08-15,Classic,North America,Jerald James,11250,364,11280.91
3474,Runte LLC,2021-09-04,2021-10-04,Classic,North America,Sonja Griffin,927,30,11278.5
831,Schimmel LLC,2023-09-05,2024-09-04,Elite Plus,North America,Ramon Garcia,11257,365,11257.0
895,"Schuppe, Kuhic and Kerluke",2020-12-11,2021-12-10,Elite Plus,North America,Walter Sacha,11218,364,11248.82
655,"Goodwin, O'Reilly and Buckridge",2020-12-13,2021-12-12,Elite Plus,North America,Judy Jacobs,11211,364,11241.8
769,"Kunze, Jaskolski and Labadie",2021-03-02,2022-03-01,Elite Plus,Europe,Walter Sacha,11211,364,11241.8
158,Schroeder - Larkin,2020-11-26,2021-11-25,Elite Plus,North America,Dana Henderson,11176,364,11206.7
4720,Padberg Inc,2021-07-16,2021-10-15,Elite Plus,North America,Phil Baker,2793,91,11202.69
6388,Stanton - Fadel,2021-08-18,2022-08-17,Elite Plus,Europe,Marshall Lawson,11154,364,11184.64
4603,Renner - Schiller,2023-05-08,2024-05-07,Elite Plus,North America,Judy Jacobs,11144,365,11144.0
6488,"Russel, White and Koepp",2021-06-02,2022-06-01,Elite Plus,Europe,Ross Hines,11110,364,11140.52
5683,"Hermann, Bogisich and Rosenbaum",2020-10-16,2021-10-15,Elite Plus,North America,Jerald James,11108,364,11138.52
3122,"Kutch, Brekke and Lowe",2020-10-02,2021-10-01,Classic,Europe,Jerald James,11088,364,11118.46
2884,"Bernier, Metz and Fay",2020-10-16,2021-10-15,Elite Plus,North America,Grant Cortez,11070,364,11100.41
2527,Rosemont Inc,2022-06-14,2023-06-13,Elite Plus,Europe,Sonja Griffin,11035,364,11065.32
4852,Muller - Reichert,2020-06-06,2021-06-05,Elite Plus,North America,John Sacker,11017,364,11047.27
1192,Osinski Group,2020-05-09,2021-05-09,Classic,North America,Christopher Little,11040,365,11040.0
3721,Jones LLC,2021-11-10,2022-11-09,Elite Plus,North America,Lonnie May,10996,364,11026.21
4116,"Botsford, Goodwin and Weber",2021-11-18,2022-11-17,Elite Plus,North America,Alton Hunt,10983,364,11013.17
2966,Kunze Group,2021-05-09,2022-05-08,Classic,North America,Grant Cortez,10980,364,11010.16
6092,"Sauer, Marks and Hettinger",2021-08-05,2022-08-04,Classic,North America,Alton Hunt,10979,364,11009.16
5294,Nikolaus - Daniel,2020-06-22,2021-06-21,Elite Plus,Europe,John Sacker,10976,364,11006.15
5093,Lemke - Schmeler,2021-03-03,2022-03-02,Classic,North America,Sonja Griffin,10965,364,10995.12
2750,Turcotte Inc,2021-10-03,2022-04-01,Elite Plus,Europe,Ramon Garcia,5422,180,10994.61
6537,Marquardt - McClure,2020-08-04,2020-09-04,Classic,North America,Angelo Payne,933,31,10985.32
533,Kertzmann Group,2021-09-30,2022-09-29,Classic,North America,Dana Henderson,10939,364,10969.05
5641,"Stiedemann, Labadie and Prosacco",2022-10-19,2023-10-18,Elite Plus,North America,Ramon Garcia,10928,364,10958.02
5818,"Hilll, Friesen and O'Connell",2020-12-21,2021-12-20,Elite Plus,North America,Marsha Aguilar,10898,364,10927.94
3940,Jenkins Group,2021-02-12,2021-03-14,Classic,Latin America,Lonnie May,897,30,10913.5
6284,Kulas - Ryan,2019-12-13,2020-12-11,Elite Plus,North America,Christopher Little,10856,364,10885.82
6608,"Simonis, Boone and Swift",2021-07-07,2021-08-06,Classic,North America,Cecelia Burgess,893,30,10864.83
378,Gislason Group,2021-12-18,2022-07-12,Classic,North America,Christopher Little,6126,206,10854.32
3378,Jacobs - Graham,2021-03-07,2022-03-06,Classic,Europe,Micheal Williams,10812,364,10841.7
529,Orn - Brown,2021-02-05,2022-02-04,Elite Plus,Europe,Walter Sacha,10805,364,10834.68
4999,"Blick, O'Reilly and Pfannerstill",2021-09-19,2024-09-18,Elite Plus,North America,Judy Jacobs,32484,1095,10828.0
2889,"Bernier, Metz and Fay",2021-04-01,2022-03-31,Elite Plus,North America,Grant Cortez,10788,364,10817.64
4472,Zemlak Group,2022-05-16,2022-11-14,Elite Plus,North America,Celia Clayton,5391,182,10811.62
7155,Bayer LLC,2018-10-17,2019-10-16,Classic,North America,Cecelia Burgess,10775,364,10804.6
106,"Hayes, Wilderman and Cremin",2020-10-20,2020-11-19,Classic,Latin America,Alton Hunt,888,30,10804.0
3490,McCullough - Albertson,2020-04-06,2021-02-22,Elite Plus,North America,Ross Hines,9484,322,10750.5
2441,"Tromp, Gillespie and Pimpernel",2021-06-08,2022-06-07,Elite Plus,North America,Judy Jacobs,10720,364,10749.45
3574,Gottlieb - Huel,2020-02-17,2021-02-15,Elite Plus,Europe,Grant Cortez,10712,364,10741.43
6050,Gibson Group,2020-12-21,2021-12-20,Classic,Latin America,Sonja Griffin,10693,364,10722.38
695,"Hermann, Huel and Stiedemann",2020-11-27,2023-11-26,Elite Plus,Europe,Walter Sacha,32094,1094,10707.78
6937,Stanton-Bednar,2019-05-16,2020-05-15,Classic,Latin America,Celia Clayton,10691,365,10691.0
1734,Smitham Group,2021-02-01,2022-01-31,Classic,North America,Jerald James,10645,364,10674.24
2971,Schaden Group,2021-12-10,2022-12-09,Elite Plus,Europe,Alice Cole,10631,364,10660.21
6000,"Waugh, Gulgowski and Torphy",2021-02-08,2022-02-07,Classic,Latin America,Angelo Payne,10625,364,10654.19
177,Lebsack Inc,2021-01-19,2022-01-18,Classic,North America,Alton Hunt,10605,364,10634.13
7676,Reynolds Inc,2018-12-30,2019-12-29,Classic,North America,Judy Jacobs,10578,364,10607.06
338,Pouros - Ward,2021-05-05,2022-05-04,Elite Plus,North America,Karl Long,10561,364,10590.01
2018,Roob - Halvorson,2021-09-10,2021-10-10,Classic,North America,Marsha Aguilar,870,30,10585.0
6309,"Schuppe, Hegmann and Kerluke",2020-03-29,2021-03-29,Classic,North America,John Sacker,10582,365,10582.0
6282,Blanda - Kerluke,2021-11-07,2021-12-06,Classic,Latin America,Celia Clayton,840,29,10572.41
6865,Romaguera-Spinka,2019-06-22,2020-06-21,Classic,North America,Phil Baker,10500,365,10500.0
4050,Erdman Group,2021-08-16,2022-08-15,Elite Plus,North America,Judy Jacobs,10426,364,10454.64
4244,Pollich - MacGyver,2020-12-07,2021-12-06,Elite Plus,North America,Aloyna Gregory,10402,364,10430.58
6335,"Strosin, McGlynn and Emmerich",2021-06-06,2024-06-05,Elite Plus,North America,Ross Hines,31152,1095,10384.0
4809,Bashirian - Mante,2021-04-08,2021-05-08,Classic,Europe,Micheal Williams,853,30,10378.17
5896,Medhurst Group,2020-04-23,2021-04-22,Elite Plus,North America,Christopher Little,10349,364,10377.43
3911,Lynch - Ritchie,2020-04-29,2020-11-27,Classic,North America,Marshall Lawson,6015,212,10356.01
6986,Jacobi-Tremblay,2019-04-28,2020-04-27,Classic,North America,Dana Henderson,10356,365,10356.0
6247,"Schoen, Hudson and SchamBundelr",2020-07-28,2021-07-27,Elite Plus,North America,Tomas Glover,10324,364,10352.36
3885,Huels and Sons,2020-02-03,2021-02-02,Elite Plus,North America,Dana Henderson,10328,365,10328.0
1407,Cronin - Lehner,2020-10-29,2021-10-28,Elite Plus,North America,Karl Long,10298,364,10326.29
4494,Zemlak Group,2020-04-11,2021-04-10,Elite Plus,North America,Celia Clayton,10283,364,10311.25
3041,Tanner Inc,2022-02-07,2023-02-06,Elite Plus,North America,Karl Long,10265,364,10293.2
1466,Heathcote Inc,2021-08-13,2022-08-12,Elite Plus,North America,Patty Ingram,10257,364,10285.18
85,Cormier - Bergstrom,2021-01-22,2022-01-21,Elite Plus,Europe,Ramon Garcia,10245,364,10273.15
346,"Schmidt, Weissnat and Fritsch",2021-07-01,2022-05-15,Elite Plus,North America,Angelo Payne,8932,318,10252.14
1730,Smitham Group,2020-12-12,2021-12-11,Elite Plus,North America,Jerald James,10209,364,10237.05
1538,Mann - Hane,2020-08-23,2023-08-22,Elite Plus,Asia,Dana Henderson,30591,1094,10206.32
132,Benjamin Batterbond,2021-06-17,2021-07-17,Classic,North America,Ramon Garcia,837,30,10183.5
3542,"Lockman, Graham and Crist",2020-08-21,2021-08-20,Elite Plus,North America,Lonnie May,10143,364,10170.87
5021,Butler LLC,2021-04-16,2021-05-15,Classic,North America,Celia Clayton,808,29,10169.66
3275,Rutherford Inc,2021-07-28,2022-07-27,Elite Plus,North America,Judy Jacobs,10130,364,10157.83
674,"Goodwin, O'Reilly and Buckridge",2021-02-05,2022-02-04,Elite Plus,North America,Judy Jacobs,10128,364,10155.82
5436,"Larkin, Dickens and Simonis",2021-01-22,2022-02-21,Elite Plus,Asia,Tomas Glover,10964,395,10131.29
2996,Torphy Inc,2021-05-09,2022-10-19,Classic,Europe,Sonja Griffin,14628,528,10112.16
3889,Senger LLC,2020-07-26,2021-07-25,Classic,Latin America,Tomas Glover,10067,364,10094.66
4710,Padberg Inc,2020-01-17,2021-01-15,Elite Plus,North America,Phil Baker,10043,364,10070.59
7570,Konopelski Ltd,2018-07-16,2019-07-15,Classic,Europe,Lonnie May,9995,364,10022.46
1348,"Leffler, Robel and Gulgowski",2021-04-22,2022-04-21,Classic,North America,Sonja Griffin,9992,364,10019.45
2922,"Bartell, Cremin and Kuvalis",2020-08-17,2021-08-16,Classic,Latin America,Marsha Aguilar,9990,364,10017.45
588,Wiza LLC,2021-09-14,2022-09-14,Classic,Latin America,Walter Sacha,10017,365,10017.0
1750,Fay Inc,2020-07-16,2021-07-15,Elite Plus,Europe,Ross Hines,9987,364,10014.44
4195,"Upton, Steuber and Conn",2021-10-25,2024-10-24,Elite Plus,North America,Jerald James,30031,1095,10010.33
2596,O'Kon - Trantow,2020-10-19,2021-08-02,Classic,Asia,Tomas Glover,7859,287,9994.9
6338,Flatley - Tanner,2020-07-10,2021-07-09,Elite Plus,North America,Sonja Griffin,9967,364,9994.38
5565,Gislason LLC,2021-10-08,2022-10-07,Elite Plus,Asia,Marshall Lawson,9962,364,9989.37
3866,Douglas - Schaden,2020-05-07,2021-05-06,Elite Plus,North America,Cecelia Burgess,9957,364,9984.35
3310,"Mackerrel, Schroeder and Gutkowski",2020-05-15,2021-05-14,Elite Plus,North America,Tomas Glover,9943,364,9970.32
4665,Mohr LLC,2020-01-06,2021-01-05,Elite Plus,Asia,Celia Clayton,9970,365,9970.0
2374,Gorczany - Roob,2021-07-01,2022-06-30,Classic,Europe,Celia Clayton,9931,364,9958.28
517,Upton - Johnston,2021-05-29,2022-05-28,Elite Plus,North America,Alton Hunt,9927,364,9954.27
4443,Ponting - Jakubowski,2020-06-08,2021-06-07,Elite Plus,Europe,Alton Hunt,9916,364,9943.24
1657,Kuphal - Hirthe,2020-09-05,2021-09-04,Elite Plus,North America,Marsha Aguilar,9901,364,9928.2
2942,Quitzon Group,2021-06-12,2022-06-11,Elite Plus,Europe,Grant Cortez,9888,364,9915.16
6091,"Sauer, Marks and Hettinger",2020-05-11,2021-05-10,Classic,North America,Alton Hunt,9879,364,9906.14
1034,"Johnson, Farrell and Zieme",2021-01-19,2022-01-18,Elite Plus,North America,Aloyna Gregory,9853,364,9880.07
697,"White, Keeling and Jakubowski",2020-02-18,2021-02-17,Elite Plus,North America,Sonja Griffin,9859,365,9859.0
5182,Herzog LLC,2020-09-04,2021-09-03,Elite Plus,Europe,Phil Baker,9814,364,9840.96
2489,Schmidt - McClure,2021-07-17,2021-08-16,Classic,Latin America,Phil Baker,807,30,9818.5
4136,Reichert - Hirthe,2019-10-25,2020-10-24,Elite Plus,North America,Alice Cole,9801,365,9801.0
5654,"Leffler, Casper and Klocko",2021-07-14,2022-07-13,Classic,North America,Sonja Griffin,9773,364,9799.85
751,Sporer Group,2021-07-03,2022-07-02,Elite Plus,Europe,Christopher Little,9772,364,9798.85
5720,Feil - Breitenberg,2021-09-29,2022-10-15,Elite Plus,North America,Judy Jacobs,10226,381,9796.56
182,"Ortiz, Reilly and Aberly",2020-12-14,2022-12-13,Elite Plus,Europe,Alice Cole,19558,729,9792.41
2130,Gupta LLC,2022-03-01,2025-02-28,Elite Plus,North America,Marsha Aguilar,29328,1095,9776.0
2844,"Rath, Hoeger and Kunde",2020-11-22,2021-11-21,Classic,Latin America,Walter Sacha,9737,364,9763.75
1964,"Feil, Norman and Mayer",2022-04-16,2023-04-15,Elite Plus,Europe,Marshall Lawson,9666,364,9692.55
2187,Collins - Rosenbaum,2021-01-13,2023-01-12,Elite Plus,Europe,Ramon Garcia,19292,729,9659.23
4676,"Buckridge, Stoltenberg and Stiedemann",2021-10-04,2024-10-05,Elite Plus,Asia,Grant Cortez,28986,1097,9644.38
2403,"Tromp, Gillespie and Pimpernel",2020-06-12,2021-06-11,Elite Plus,North America,Judy Jacobs,9612,364,9638.41
5025,Butler LLC,2021-07-17,2021-08-16,Classic,North America,Celia Clayton,792,30,9636.0
3258,Reynolds - Goodwin,2021-01-04,2021-07-03,Elite Plus,North America,Cecelia Burgess,4746,180,9623.83
4951,Lesch - Johnston,2022-06-27,2023-06-26,Elite Plus,North America,Tomas Glover,9590,364,9616.35
3134,Frost - Rumsfeld,2021-10-15,2021-11-13,Classic,North America,Frankie Fletcher,763,29,9603.28
6598,Ondricka - Casper,2021-07-30,2022-07-29,Elite Plus,North America,Sonja Griffin,9570,364,9596.29
6519,Douglas - Kozey,2020-07-20,2021-07-20,Classic,North America,Karl Long,9588,365,9588.0
5426,"King, Crooks and Ankunding",2021-01-02,2021-02-01,Classic,Europe,Phil Baker,787,30,9575.17
4789,"Hermiston, Weimann and Lemke",2021-07-26,2023-10-24,Elite Plus,North America,Ross Hines,21484,820,9563.0
2539,Rutherford Group,2020-10-06,2020-11-05,Classic,Europe,Celia Clayton,786,30,9563.0
162,Schroeder - Larkin,2021-09-09,2022-09-08,Elite Plus,North America,Dana Henderson,9536,364,9562.2
1014,"Johnson, Schneider and Kub",2021-04-18,2022-04-17,Classic,Asia,Phil Baker,9520,364,9546.15
4856,Muller - Reichert,2021-03-10,2022-03-09,Classic,North America,John Sacker,9520,364,9546.15
5456,Jacobi - Bogisich,2021-07-21,2022-07-20,Elite Plus,North America,Frankie Fletcher,9503,364,9529.11
6399,"Quigley, Veum and Reilly",2020-08-03,2021-08-02,Elite Plus,North America,Angelo Payne,9492,364,9518.08
4714,Padberg Inc,2021-02-18,2021-08-17,Elite Plus,North America,Phil Baker,4689,180,9508.25
5658,Rodriguez - Metz,2022-08-12,2023-08-11,Elite Plus,North America,Jerald James,9467,364,9493.01
3037,Borer and Sons,2021-03-20,2024-03-19,Classic,North America,Aloyna Gregory,28453,1095,9484.33
3887,Huels and Sons,2020-11-04,2021-11-03,Elite Plus,North America,Dana Henderson,9438,364,9463.93
2339,Graham and Sons,2021-10-01,2024-09-30,Elite Plus,North America,Angelo Payne,28368,1095,9456.0
2360,"Veum, Pollich and Kuvalis",2020-02-02,2021-02-01,Elite Plus,Europe,Frankie Fletcher,9416,365,9416.0
1165,"Zamber, Gaverman and Hableton",2020-03-08,2021-03-08,Elite Plus,Europe,Lonnie May,9413,365,9413.0
860,"Stantner, Ponting and Rosenbaum",2020-07-05,2021-07-04,Classic,North America,Alice Cole,9382,364,9407.77
2525,Rosemont Inc,2021-07-31,2022-07-30,Elite Plus,Europe,Sonja Griffin,9381,364,9406.77
1966,Nikolaus - Bernier,2021-12-28,2022-12-27,Elite Plus,Europe,Tomas Glover,9380,364,9405.77
4571,Renner - Schiller,2021-04-20,2022-04-19,Elite Plus,North America,Judy Jacobs,9371,364,9396.74
704,"White, Keeling and Jakubowski",2021-05-21,2021-12-21,Elite Plus,North America,Sonja Griffin,5491,214,9365.49
885,Rohan - Sporer,2020-11-12,2021-11-11,Elite Plus,North America,Frankie Fletcher,9322,364,9347.61
3996,"Cummerata, Legros and Kohler",2020-05-01,2021-04-30,Elite Plus,Europe,Angelo Payne,9316,364,9341.59
5659,Rodriguez - Metz,2020-08-22,2021-08-21,Elite Plus,North America,Jerald James,9315,364,9340.59
237,Nader LLC,2020-08-01,2021-07-31,Elite Plus,Europe,Marshall Lawson,9309,364,9334.57
5842,"Mertz, Kihn and Murazik",2020-11-22,2021-11-21,Elite Plus,North America,Frankie Fletcher,9308,364,9333.57
2285,"Hintz, Bogan and Breitenberg",2022-10-04,2024-10-03,Elite Plus,Europe,Marsha Aguilar,18647,730,9323.5
4908,Kirlin - Simonis,2023-08-09,2023-11-08,Elite Plus,North America,Frankie Fletcher,2323,91,9317.53
2703,Schumm and Sons,2021-07-06,2022-07-05,Elite Plus,Asia,Marsha Aguilar,9291,364,9316.52
4098,Hartmann - Bergstrom,2020-10-18,2021-10-17,Classic,Europe,Sonja Griffin,9287,364,9312.51
2575,Grady Inc,2021-08-11,2022-08-10,Classic,North America,Aloyna Gregory,9284,364,9309.51
485,Lesch and Sons,2020-08-31,2021-08-30,Elite Plus,North America,Ross Hines,9276,364,9301.48
4296,"Jacobson, Raynor and Bechel",2021-10-04,2022-10-03,Classic,Europe,Angelo Payne,9271,364,9296.47
2559,Murray - Dicki,2021-06-22,2022-06-21,Elite Plus,North America,Christopher Little,9230,364,9255.36
1180,"Zamber, Gaverman and Hableton",2022-11-20,2023-11-19,Elite Plus,Europe,Lonnie May,9229,364,9254.35
2405,"Tromp, Gillespie and Pimpernel",2021-05-21,2021-07-08,Elite Plus,North America,Judy Jacobs,1212,48,9216.25
3719,Jones LLC,2021-09-07,2024-09-06,Elite Plus,North America,Lonnie May,27625,1095,9208.33
1029,"Johnson, Farrell and Zieme",2022-03-03,2023-02-12,Elite Plus,North America,Aloyna Gregory,8717,346,9195.68
630,"Goodwin, O'Reilly and Buckridge",2020-03-19,2021-03-19,Elite Plus,North America,Judy Jacobs,9194,365,9194.0
3175,Price - Greenholt,2021-03-19,2022-03-18,Classic,North America,Ross Hines,9167,364,9192.18
3917,Monahan - Ruecker,2020-03-04,2021-03-03,Elite Plus,North America,Judy Jacobs,9155,364,9180.15
1946,"Huels, Pollich and Jacobi",2020-11-06,2021-11-05,Elite Plus,North America,Karl Long,9150,364,9175.14
5388,Chechauski Inc,2021-10-29,2022-10-28,Elite Plus,North America,Christopher Little,9125,364,9150.07
6311,"Schuppe, Hegmann and Kerluke",2020-12-05,2021-05-15,Classic,North America,John Sacker,4034,161,9145.4
772,"Kunze, Jaskolski and Labadie",2020-11-08,2021-11-07,Classic,Europe,Walter Sacha,9110,364,9135.03
3043,Tanner Inc,2023-03-14,2024-03-13,Elite Plus,North America,Karl Long,9116,365,9116.0
713,Rogahn - Albertson,2021-08-08,2022-08-07,Elite Plus,Asia,Alice Cole,9079,364,9103.94
3624,Fay LLC,2021-12-28,2024-12-27,Classic,Europe,Lonnie May,27276,1095,9092.0
3999,"Cummerata, Legros and Kohler",2020-02-13,2021-02-11,Elite Plus,Europe,Angelo Payne,9067,364,9091.91
2820,Grady LLC,2021-09-29,2022-09-28,Classic,Latin America,Walter Sacha,9058,364,9082.88
161,Schroeder - Larkin,2021-10-20,2022-10-19,Elite Plus,North America,Dana Henderson,9055,364,9079.88
1518,Batz - Aufderhar,2021-05-18,2022-05-17,Elite Plus,North America,Frankie Fletcher,8956,364,8980.6
1887,"Shanahan, Hettinger and Butler",2021-07-07,2022-07-06,Elite Plus,Europe,Angelo Payne,8944,364,8968.57
5544,Oberbrunner Inc,2021-03-06,2024-06-02,Elite Plus,North America,Karl Long,29083,1184,8965.62
5912,"Harris, Crooks and Ferry",2021-01-12,2021-02-08,Classic,North America,Marsha Aguilar,663,27,8962.78
4085,"Bon, Smith and Kuhic",2020-08-30,2021-08-30,Classic,Latin America,Christopher Little,8958,365,8958.0
2758,Jast - Balistreri,2021-01-05,2022-01-04,Elite Plus,North America,Lonnie May,8932,364,8956.54
467,MacGyver - Bashirian,2020-09-24,2021-09-23,Elite Plus,Europe,Karl Long,8923,364,8947.51
5069,"Kulas, Grady and Bosco",2021-11-09,2022-11-08,Elite Plus,Asia,Micheal Williams,8918,364,8942.5
4483,Zemlak Group,2022-03-13,2022-09-11,Elite Plus,North America,Celia Clayton,4456,182,8936.48
4993,"Blick, O'Reilly and Pfannerstill",2020-06-20,2021-06-19,Elite Plus,North America,Judy Jacobs,8903,364,8927.46
2622,"Roob, Bogisich and Hegmann",2020-02-15,2021-02-14,Elite Plus,North America,Marsha Aguilar,8913,365,8913.0
677,"Goodwin, O'Reilly and Buckridge",2021-03-15,2022-03-14,Elite Plus,North America,Judy Jacobs,8884,364,8908.41
5588,"Keeling, Jakubowski and Crist",2020-11-08,2021-11-07,Elite Plus,North America,Aloyna Gregory,8863,364,8887.35
4053,Erdman Group,2021-06-29,2022-06-28,Elite Plus,North America,Judy Jacobs,8861,364,8885.34
2542,Rutherford Group,2020-10-21,2020-11-20,Classic,Europe,Celia Clayton,730,30,8881.67
351,"Schmidt, Weissnat and Fritsch",2021-08-22,2024-08-21,Elite Plus,North America,Angelo Payne,26618,1095,8872.67
3703,Rippin and Sons,2021-04-02,2022-04-01,Classic,North America,Aloyna Gregory,8848,364,8872.31
2320,Cassle and Sons,2021-04-01,2021-11-02,Elite Plus,North America,Angelo Payne,5201,215,8829.6
5360,Harvey - Metz,2021-01-03,2022-01-03,Classic,North America,Ross Hines,8825,365,8825.0
7474,"Frost, Agarwaliamson and Hane",2018-06-21,2019-06-20,Classic,North America,Frankie Fletcher,8799,364,8823.17
652,"Goodwin, O'Reilly and Buckridge",2020-11-06,2021-11-05,Elite Plus,North America,Judy Jacobs,8794,364,8818.16
2965,Kunze Group,2021-02-09,2022-02-08,Classic,North America,Grant Cortez,8788,364,8812.14
997,Larson - Bundel,2022-05-08,2023-05-07,Elite Plus,North America,Angelo Payne,8786,364,8810.14
1193,Osinski Group,2021-04-25,2022-04-24,Classic,North America,Christopher Little,8778,364,8802.12
7727,"Rumsfeld, Batz and Heaney",2018-06-07,2019-06-06,Elite Plus,North America,Celia Clayton,8778,364,8802.12
1599,"Canten, Agarwaliamson and Corkery",2022-03-15,2023-03-14,Elite Plus,North America,Lonnie May,8749,364,8773.04
4168,Smith - Rice,2020-04-27,2021-04-27,Elite Plus,Europe,Ross Hines,8766,365,8766.0
1379,Zieme Group,2021-09-13,2022-09-12,Elite Plus,North America,Alton Hunt,8738,364,8762.01
44,"Graham, Hayes and Frami",2021-08-25,2022-08-24,Classic,North America,Marsha Aguilar,8732,364,8755.99
1309,Stiedemann Group,2021-08-21,2022-08-20,Elite Plus,North America,Alice Cole,8730,364,8753.98
6487,"Russel, White and Koepp",2020-07-12,2021-07-11,Elite Plus,Europe,Ross Hines,8727,364,8750.98
4144,Reichert - Hirthe,2021-01-30,2022-01-29,Elite Plus,North America,Alice Cole,8701,364,8724.9
3203,Metz LLC,2020-12-02,2021-12-01,Elite Plus,North America,Marshall Lawson,8694,364,8717.88
2903,Ankunding Inc,2020-03-22,2021-03-21,Elite Plus,Asia,Celia Clayton,8670,364,8693.82
1501,Jast - Cassle,2021-08-06,2023-08-05,Classic,North America,Christopher Little,17349,729,8686.4
6596,Ondricka - Casper,2021-06-19,2022-06-18,Elite Plus,North America,Sonja Griffin,8660,364,8683.79
6646,"Oberbrunner, Ritchie and Labadie",2021-02-15,2022-02-14,Elite Plus,Europe,Cecelia Burgess,8658,364,8681.79
3700,Rippin and Sons,2021-03-09,2021-04-08,Classic,North America,Aloyna Gregory,713,30,8674.83
6397,"Quigley, Veum and Reilly",2019-11-11,2020-11-10,Elite Plus,North America,Angelo Payne,8668,365,8668.0
6149,"Dietrich, Larson and Murazik",2021-09-11,2022-09-10,Elite Plus,Europe,Christopher Little,8642,364,8665.74
3383,Dicki - Buckridge,2021-06-09,2023-06-08,Elite Plus,Asia,Aloyna Gregory,17305,729,8664.37
1087,Wuckert - Collier,2020-12-05,2021-12-04,Elite Plus,Europe,Angelo Payne,8633,364,8656.72
3244,Walsh - Dare,2021-08-25,2022-08-24,Elite Plus,North America,Celia Clayton,8631,364,8654.71
991,Kovacek - Torp,2021-05-17,2024-05-16,Classic,Europe,Grant Cortez,25964,1095,8654.67
545,Harvey and Sons,2021-12-05,2022-12-04,Elite Plus,Asia,Walter Sacha,8630,364,8653.71
3042,Tanner Inc,2022-05-21,2023-05-20,Elite Plus,North America,Karl Long,8629,364,8652.71
6558,"Bogan, Bogisich and Ernser",2021-06-12,2021-07-11,Classic,Latin America,Ramon Garcia,686,29,8634.14
1274,Zemlak - Cormier,2021-10-01,2022-10-01,Classic,Latin America,Phil Baker,8604,365,8604.0
124,Benjamin Batterbond,2021-04-25,2021-05-25,Classic,North America,Ramon Garcia,707,30,8601.83
7662,Jakubowski-Schultz,2018-12-24,2019-12-23,Classic,Europe,Walter Sacha,8571,364,8594.55
4139,Reichert - Hirthe,2020-01-23,2021-01-22,Elite Plus,North America,Alice Cole,8589,365,8589.0
4001,"Cummerata, Legros and Kohler",2021-03-19,2022-03-18,Elite Plus,Europe,Angelo Payne,8565,364,8588.53
1965,"Feil, Norman and Mayer",2023-07-03,2024-07-02,Elite Plus,Europe,Marshall Lawson,8584,365,8584.0
5490,Metz Inc,2021-07-26,2024-07-25,Elite Plus,North America,Patty Ingram,25712,1095,8570.67
1495,Sawayn - Ortiz,2020-02-28,2021-02-26,Elite Plus,Europe,Karl Long,8532,364,8555.44
2319,Cassle and Sons,2020-04-09,2021-04-08,Elite Plus,North America,Angelo Payne,8524,364,8547.42
3171,Grant Inc,2020-05-05,2021-05-04,Classic,Europe,Cecelia Burgess,8519,364,8542.4
875,"Barrows, Tromp and Bahringer",2020-03-31,2021-03-31,Classic,North America,Marsha Aguilar,8528,365,8528.0
1326,Stiedemann Group,2021-09-10,2023-09-09,Elite Plus,North America,Alice Cole,17029,729,8526.18
1497,Sawayn - Ortiz,2019-12-31,2020-12-29,Elite Plus,Europe,Karl Long,8488,364,8511.32
5419,"King, Crooks and Ankunding",2021-03-18,2021-04-17,Classic,Europe,Phil Baker,699,30,8504.5
4379,Schiller LLC,2021-01-06,2022-01-05,Elite Plus,North America,Angelo Payne,8471,364,8494.27
1370,Deckow LLC,2020-10-08,2021-09-03,Elite Plus,North America,Frankie Fletcher,7672,330,8485.7
5649,"Block, Windler and Schmidt",2020-12-27,2023-12-26,Elite Plus,Europe,Walter Sacha,25394,1094,8472.4
4940,Lesch - Johnston,2020-12-08,2021-06-09,Elite Plus,North America,Tomas Glover,4239,183,8454.84
2214,Bergstrom LLC,2021-04-27,2024-04-25,Elite Plus,Europe,Cecelia Burgess,25332,1094,8451.72
2735,Rohan - Heller,2021-01-21,2022-01-20,Elite Plus,North America,Alton Hunt,8418,364,8441.13
2383,"Hilll, Kohler and Brown",2021-04-08,2022-04-07,Elite Plus,Europe,Patty Ingram,8416,364,8439.12
5879,"Wolff, Kihn and Hagenes",2019-10-20,2020-10-19,Elite Plus,Europe,Lonnie May,8429,365,8429.0
2447,"Tromp, Gillespie and Pimpernel",2021-08-21,2022-08-20,Elite Plus,North America,Judy Jacobs,8398,364,8421.07
4965,Langosh Inc,2020-11-17,2023-11-16,Elite Plus,Europe,Cecelia Burgess,25235,1094,8419.36
2099,Stark - Moen,2021-07-09,2022-07-08,Elite Plus,Europe,Christopher Little,8396,364,8419.07
4855,Muller - Reichert,2020-11-22,2021-11-21,Classic,North America,John Sacker,8389,364,8412.05
6355,"Crist, Ondricka and DuBuque",2021-04-07,2022-04-06,Elite Plus,North America,Karl Long,8388,364,8411.04
2406,"Tromp, Gillespie and Pimpernel",2021-06-10,2021-07-28,Elite Plus,North America,Judy Jacobs,1105,48,8402.6
4551,Effertz Group,2021-06-04,2022-06-03,Elite Plus,North America,Ramon Garcia,8376,364,8399.01
6411,"Quigley, Veum and Reilly",2020-11-03,2021-11-02,Elite Plus,North America,Angelo Payne,8368,364,8390.99
1217,Rau Group,2020-05-24,2021-05-23,Elite Plus,Latin America,Sonja Griffin,8353,364,8375.95
3955,"Lang, Mitchell and Grant",2020-11-18,2021-11-17,Classic,North America,Celia Clayton,8351,364,8373.94
6189,"Dietrich, Larson and Murazik",2022-07-30,2023-05-29,Elite Plus,Europe,Christopher Little,6948,303,8369.7
2031,Kohler and Sons,2021-10-22,2022-10-21,Elite Plus,Europe,Ramon Garcia,8344,364,8366.92
2387,"Hilll, Kohler and Brown",2022-01-26,2023-01-25,Elite Plus,Europe,Patty Ingram,8308,364,8330.82
3579,Gottlieb - Huel,2021-06-06,2021-09-04,Elite Plus,Europe,Grant Cortez,2053,90,8326.06
6280,Blanda - Kerluke,2021-07-06,2021-08-05,Classic,Latin America,Celia Clayton,684,30,8322.0
719,Rogahn - Albertson,2021-05-07,2023-06-05,Elite Plus,Asia,Alice Cole,17265,759,8302.67
6015,Hyatt and Sons,2020-04-05,2021-04-04,Elite Plus,North America,Christopher Little,8271,364,8293.72
2307,Wiza Group,2020-12-14,2021-12-13,Elite Plus,Europe,Angelo Payne,8268,364,8290.71
4185,Kunde - Kautzer,2021-03-21,2022-03-20,Elite Plus,North America,Patty Ingram,8250,364,8272.66
2258,Beier Inc,2021-04-29,2022-04-28,Elite Plus,Europe,Walter Sacha,8237,364,8259.63
98,Aufderhar Group,2021-04-07,2022-04-06,Elite Plus,North America,Judy Jacobs,8232,364,8254.62
4066,"Goyette, Kerluke and Rempel",2021-05-03,2022-05-02,Elite Plus,North America,Aloyna Gregory,8225,364,8247.6
3361,"Hermann, Hilll and Klein",2021-03-06,2021-09-08,Elite Plus,North America,Cecelia Burgess,4197,186,8236.05
5002,Wehner and Sons,2020-02-06,2021-02-04,Elite Plus,North America,Lonnie May,8195,364,8217.51
5747,Hyatt - Schmitt,2020-10-09,2021-10-08,Elite Plus,Europe,Frankie Fletcher,8191,364,8213.5
5901,Medhurst Group,2021-08-10,2022-08-09,Elite Plus,North America,Christopher Little,8170,364,8192.45
7689,Wehner Group,2019-03-17,2020-03-16,Elite Plus,Europe,Alice Cole,8153,365,8153.0
1556,King - Satterfield,2020-10-04,2023-10-03,Classic,North America,Karl Long,24421,1094,8147.77
3259,Reynolds - Goodwin,2020-09-23,2021-03-25,Elite Plus,North America,Cecelia Burgess,4083,183,8143.69
2044,Ondricka - Sipes,2021-02-08,2022-02-07,Elite Plus,North America,Grant Cortez,8107,364,8129.27
5210,Mueller LLC,2021-09-03,2022-09-02,Elite Plus,Asia,Alice Cole,8106,364,8128.27
1977,Davis and Sons,2021-07-26,2022-07-25,Elite Plus,North America,Aloyna Gregory,8082,364,8104.2
6421,"Quigley, Veum and Reilly",2021-04-12,2022-04-11,Elite Plus,North America,Angelo Payne,8073,364,8095.18
3232,Vandervort - Upton,2020-10-24,2021-10-23,Elite Plus,North America,John Sacker,8066,364,8088.16
6188,"Dietrich, Larson and Murazik",2021-06-10,2022-06-09,Elite Plus,Europe,Christopher Little,8050,364,8072.12
2532,Jaskolski Group,2021-08-25,2024-08-24,Classic,North America,Walter Sacha,24098,1095,8032.67
5949,Schuster and Sons,2020-06-10,2021-06-09,Elite Plus,North America,John Sacker,7989,364,8010.95
316,Pagac Group,2021-08-03,2024-08-02,Elite Plus,North America,Karl Long,24030,1095,8010.0
6337,"Strosin, McGlynn and Emmerich",2021-10-12,2024-07-02,Elite Plus,North America,Ross Hines,21770,994,7994.01
1988,"Mills, Ziemann and Pfeffer",2021-03-01,2022-02-28,Elite Plus,North America,Celia Clayton,7963,364,7984.88
5939,Johnston Group,2021-05-25,2022-05-24,Elite Plus,North America,Frankie Fletcher,7953,364,7974.85
4525,Reynolds LLC,2020-11-13,2021-11-12,Elite Plus,North America,Marsha Aguilar,7952,364,7973.85
3197,Metz LLC,2019-09-13,2020-09-12,Elite Plus,North America,Marshall Lawson,7968,365,7968.0
24,Towne - Kub,2021-04-28,2021-05-27,Classic,Europe,Alton Hunt,633,29,7967.07
6518,Douglas - Kozey,2020-06-18,2020-10-17,Classic,North America,Karl Long,2640,121,7963.64
245,Nader LLC,2021-05-06,2022-05-05,Elite Plus,Europe,Marshall Lawson,7938,364,7959.81
3253,Reynolds - Goodwin,2020-11-15,2021-11-14,Elite Plus,North America,Cecelia Burgess,7922,364,7943.76
4147,Reichert - Hirthe,2022-01-06,2023-01-05,Elite Plus,North America,Alice Cole,7921,364,7942.76
3143,Prohaska and Sons,2021-05-28,2022-05-27,Classic,North America,Ross Hines,7918,364,7939.75
3132,Frost - Rumsfeld,2021-07-31,2021-08-30,Classic,North America,Frankie Fletcher,652,30,7932.67
332,Pouros - Ward,2020-10-24,2021-10-23,Elite Plus,North America,Karl Long,7910,364,7931.73
3395,Rippin Inc,2020-08-23,2021-08-22,Elite Plus,North America,Tomas Glover,7902,364,7923.71
2888,"Bernier, Metz and Fay",2020-10-04,2021-10-03,Elite Plus,North America,Grant Cortez,7890,364,7911.68
1266,Collins - Dooley,2021-10-01,2023-09-30,Classic,North America,Frankie Fletcher,15788,729,7904.83
2905,"Pollich, Haag and Padberg",2021-10-04,2022-10-03,Classic,Europe,Judy Jacobs,7873,364,7894.63
8201,"Prohaska, Kunze and Konopelski",2019-02-10,2020-02-09,Classic,Europe,Dana Henderson,7866,364,7887.61
1470,Heathcote Inc,2021-12-07,2022-12-06,Elite Plus,North America,Patty Ingram,7862,364,7883.6
388,Zboncak LLC,2020-03-20,2021-03-19,Elite Plus,North America,Marshall Lawson,7861,364,7882.6
392,Zboncak LLC,2020-04-06,2021-04-05,Elite Plus,North America,Marshall Lawson,7856,364,7877.58
1219,Rau Group,2020-12-27,2022-02-14,Classic,Latin America,Sonja Griffin,8921,414,7865.13
407,Zboncak LLC,2021-01-28,2022-01-27,Elite Plus,North America,Marshall Lawson,7826,364,7847.5
3788,Erdman and Sons,2021-01-21,2023-01-20,Elite Plus,Europe,Cecelia Burgess,15662,729,7841.74
5462,Jacobi - Bogisich,2022-04-08,2023-04-07,Elite Plus,North America,Frankie Fletcher,7815,364,7836.47
3141,Prohaska and Sons,2021-07-29,2021-08-28,Classic,North America,Ross Hines,644,30,7835.33
1408,Cronin - Lehner,2022-01-11,2023-01-10,Elite Plus,North America,Karl Long,7803,364,7824.44
6028,Roob - Mitchell,2020-12-27,2021-12-26,Classic,Europe,Celia Clayton,7793,364,7814.41
7675,Stark and Sons,2019-04-27,2020-04-26,Classic,North America,Phil Baker,7811,365,7811.0
4673,Mohr LLC,2021-05-24,2022-05-23,Elite Plus,Asia,Celia Clayton,7766,364,7787.34
708,"White, Keeling and Jakubowski",2021-11-14,2022-11-13,Elite Plus,North America,Sonja Griffin,7762,364,7783.32
2819,Grady LLC,2020-07-19,2021-07-18,Classic,Latin America,Walter Sacha,7758,364,7779.31
5661,Rodriguez - Metz,2022-09-08,2023-09-07,Elite Plus,North America,Jerald James,7758,364,7779.31
1515,Batz - Aufderhar,2020-05-01,2021-04-30,Elite Plus,North America,Frankie Fletcher,7757,364,7778.31
1312,Stiedemann Group,2022-03-31,2023-03-30,Elite Plus,North America,Alice Cole,7750,364,7771.29
5919,"Harris, Crooks and Ferry",2021-06-17,2022-06-16,Elite Plus,North America,Marsha Aguilar,7748,364,7769.29
513,Upton - Johnston,2021-04-11,2022-03-11,Elite Plus,North America,Alton Hunt,7102,334,7761.17
6530,Marquardt - McClure,2020-01-17,2020-02-23,Classic,North America,Angelo Payne,786,37,7753.78
3121,"Hermann, Crooks and Pollich",2021-11-30,2022-12-30,Elite Plus,Europe,Tomas Glover,8391,395,7753.71
658,"Goodwin, O'Reilly and Buckridge",2020-09-19,2021-09-18,Elite Plus,North America,Judy Jacobs,7722,364,7743.21
6626,Hartmann Group,2021-04-25,2022-04-24,Elite Plus,Asia,Walter Sacha,7711,364,7732.18
1548,Gutmann - Larkin,2021-05-25,2024-05-24,Classic,Europe,Aloyna Gregory,23177,1095,7725.67
4903,Kirlin - Simonis,2021-05-31,2022-05-30,Elite Plus,North America,Frankie Fletcher,7703,364,7724.16
5027,Butler LLC,2021-07-01,2022-06-30,Classic,North America,Celia Clayton,7702,364,7723.16
4161,Jerde - Hegmann,2021-07-19,2023-01-30,Classic,Latin America,Micheal Williams,11847,560,7721.71
3354,"Rosemont, Beatty and Wolff",2021-07-06,2022-07-05,Elite Plus,Asia,Jerald James,7692,364,7713.13
1401,Cronin - Lehner,2021-10-02,2022-10-01,Elite Plus,North America,Karl Long,7666,364,7687.06
5865,"Dicki, Bosco and Rempel",2020-08-11,2021-08-10,Elite Plus,North America,Grant Cortez,7660,364,7681.04
2513,"Leffler, Lesch and Halvorson",2023-08-03,2024-08-02,Elite Plus,North America,Ross Hines,7681,365,7681.0
935,Gupta - Agarwal,2020-08-27,2021-01-23,Elite Plus,North America,Walter Sacha,3133,149,7674.8
4718,Padberg Inc,2021-03-27,2022-03-26,Elite Plus,North America,Phil Baker,7645,364,7666.0
4358,Jerde - Raynor,2021-08-09,2022-08-08,Elite Plus,North America,Celia Clayton,7642,364,7662.99
6137,"Dietrich, Larson and Murazik",2020-02-10,2021-02-08,Elite Plus,Europe,Christopher Little,7640,364,7660.99
2876,"Bernier, Metz and Fay",2020-04-12,2021-04-11,Elite Plus,North America,Grant Cortez,7637,364,7657.98
3392,Rippin Inc,2020-12-04,2021-12-03,Elite Plus,North America,Tomas Glover,7633,364,7653.97
6538,Marquardt - McClure,2020-06-11,2020-07-12,Classic,North America,Angelo Payne,650,31,7653.23
6680,McKinnon - Jerde,2022-12-21,2025-12-20,Elite Plus,Latin America,Karl Long,22957,1095,7652.33
1367,Kozey and Sons,2021-12-23,2022-12-22,Elite Plus,Europe,Frankie Fletcher,7631,364,7651.96
5300,Nikolaus - Daniel,2022-06-18,2023-06-17,Elite Plus,Europe,John Sacker,7629,364,7649.96
1948,"Huels, Pollich and Jacobi",2020-09-25,2021-09-24,Elite Plus,North America,Karl Long,7625,364,7645.95
5623,"Stiedemann, Labadie and Prosacco",2020-07-29,2021-07-28,Elite Plus,North America,Ramon Garcia,7625,364,7645.95
850,Koepp Inc,2020-07-26,2021-07-25,Classic,North America,Ross Hines,7614,364,7634.92
1528,Tillman LLC,2020-09-19,2021-09-18,Elite Plus,Europe,Alton Hunt,7591,364,7611.85
3179,"Goldner, White and Bundel",2021-06-26,2022-06-25,Elite Plus,North America,Ramon Garcia,7585,364,7605.84
1439,"Schneider, Champlin and O'Connell",2020-01-27,2021-01-26,Elite Plus,North America,Micheal Williams,7605,365,7605.0
3050,Marks LLC,2020-07-19,2021-07-18,Elite Plus,Asia,Lonnie May,7576,364,7596.81
7633,Wuckert-Hegmann,2018-04-01,2018-04-30,Elite Plus,Latin America,Cecelia Burgess,603,29,7589.48
2567,Hegmann - Hartmann,2022-07-21,2023-07-20,Classic,Latin America,Grant Cortez,7562,364,7582.77
1453,Heathcote Inc,2020-04-01,2021-03-31,Elite Plus,North America,Patty Ingram,7559,364,7579.77
2890,"Bernier, Metz and Fay",2021-06-17,2022-06-16,Elite Plus,North America,Grant Cortez,7553,364,7573.75
406,Zboncak LLC,2021-03-02,2022-03-01,Elite Plus,North America,Marshall Lawson,7538,364,7558.71
1380,Zieme Group,2021-12-27,2022-12-26,Elite Plus,North America,Alton Hunt,7500,364,7520.6
5066,Collier - Skiles,2022-01-15,2022-10-24,Elite Plus,Europe,Sonja Griffin,5796,282,7501.91
4585,Renner - Schiller,2022-06-07,2023-06-06,Elite Plus,North America,Judy Jacobs,7473,364,7493.53
548,Harvey and Sons,2020-07-04,2022-09-30,Elite Plus,Asia,Walter Sacha,16790,818,7491.87
6161,"Dietrich, Larson and Murazik",2022-02-17,2023-02-16,Elite Plus,Europe,Christopher Little,7471,364,7491.52
4648,"Jaskolski, Raynor and Wehner",2020-12-04,2021-12-03,Elite Plus,North America,Grant Cortez,7464,364,7484.51
2445,"Tromp, Gillespie and Pimpernel",2021-06-10,2022-06-09,Elite Plus,North America,Judy Jacobs,7455,364,7475.48
6162,"Dietrich, Larson and Murazik",2023-01-23,2023-08-17,Elite Plus,Europe,Christopher Little,4211,206,7461.24
481,"Klocko, Runolfsson and Langosh",2021-02-20,2022-02-19,Elite Plus,North America,Ross Hines,7435,364,7455.43
1492,Sawayn - Ortiz,2021-04-01,2022-03-31,Elite Plus,Europe,Karl Long,7435,364,7455.43
1145,"Hahn, Nienow and Baumbach",2021-06-30,2022-06-29,Classic,Asia,Christopher Little,7432,364,7452.42
4566,"Butler, Veum and Pouros",2022-07-14,2023-07-13,Elite Plus,North America,Karl Long,7429,364,7449.41
3491,McCullough - Albertson,2020-09-18,2021-05-30,Elite Plus,North America,Ross Hines,5176,254,7437.95
5557,Runolfsson Group,2021-01-10,2022-01-09,Elite Plus,North America,Lonnie May,7408,364,7428.35
2512,"Leffler, Lesch and Halvorson",2022-10-29,2023-10-28,Elite Plus,North America,Ross Hines,7390,364,7410.3
2751,Jast - Balistreri,2020-08-10,2021-08-09,Elite Plus,North America,Lonnie May,7383,364,7403.28
4667,Mohr LLC,2020-06-30,2021-06-29,Elite Plus,Asia,Celia Clayton,7382,364,7402.28
3531,Graham Inc,2021-05-05,2022-05-04,Classic,North America,Frankie Fletcher,7378,364,7398.27
7704,Jerde-Hintz,2018-12-12,2019-12-11,Classic,North America,Judy Jacobs,7376,364,7396.26
3508,Muller and Sons,2021-03-15,2022-03-14,Classic,North America,Karl Long,7374,364,7394.26
6542,Schulist - Wyman,2020-12-03,2021-12-02,Classic,Europe,Aloyna Gregory,7362,364,7382.23
4756,Kemmer Group,2021-03-07,2022-03-06,Elite Plus,Asia,Judy Jacobs,7343,364,7363.17
5106,"Belfact, Wintheiser and Beatty",2021-07-04,2022-07-03,Elite Plus,North America,Lonnie May,7341,364,7361.17
5441,"Larkin, Dickens and Simonis",2020-10-15,2021-11-22,Elite Plus,Asia,Tomas Glover,8116,403,7350.72
5385,"Kautzer, Pagac and Kessler",2021-10-25,2022-10-25,Classic,North America,Karl Long,7349,365,7349.0
2309,"Daniel, MacGyver and Ernser",2022-09-08,2023-09-07,Classic,North America,Walter Sacha,7328,364,7348.13
6644,"Oberbrunner, Ritchie and Labadie",2020-01-23,2021-01-22,Elite Plus,Europe,Cecelia Burgess,7346,365,7346.0
204,"Avelona,, Jacuz and Mikhael",2020-08-30,2021-08-29,Classic,Asia,Patty Ingram,7315,364,7335.1
4636,"Watsica, Leannon and McCullough",2021-08-20,2021-09-19,Classic,North America,Phil Baker,602,30,7324.33
3583,Gottlieb - Huel,2021-04-19,2021-07-19,Elite Plus,Europe,Grant Cortez,1820,91,7300.0
6290,Kulas - Ryan,2021-06-02,2022-06-01,Elite Plus,North America,Christopher Little,7276,364,7295.99
225,Nader LLC,2019-09-30,2020-09-29,Elite Plus,Europe,Marshall Lawson,7292,365,7292.0
1209,"Rumsfeld, Bogan and Canten",2019-12-13,2020-12-11,Elite Plus,North America,John Sacker,7272,364,7291.98
6350,"Crist, Ondricka and DuBuque",2020-05-07,2021-05-06,Elite Plus,North America,Karl Long,7265,364,7284.96
2164,Parker - Daniel,2020-11-19,2024-11-18,Classic,North America,Cecelia Burgess,29121,1460,7280.25
966,Schiller - Lakin,2021-08-16,2022-08-15,Classic,Europe,Frankie Fletcher,7255,364,7274.93
7827,Gutkowski-Gislason,2019-02-19,2020-02-18,Elite Plus,Latin America,Micheal Williams,7252,364,7271.92
540,Harvey and Sons,2019-11-26,2020-11-25,Elite Plus,Asia,Walter Sacha,7264,365,7264.0
3970,"Hessel, Koss and Littel",2020-09-13,2021-09-12,Elite Plus,North America,Karl Long,7233,364,7252.87
2540,Rutherford Group,2020-11-26,2021-11-25,Classic,Europe,Celia Clayton,7229,364,7248.86
5291,Skiles Group,2021-04-07,2022-04-06,Elite Plus,North America,Lonnie May,7225,364,7244.85
664,"Goodwin, O'Reilly and Buckridge",2020-11-14,2021-11-13,Elite Plus,North America,Judy Jacobs,7222,364,7241.84
7084,Lemke Inc,2019-12-24,2020-12-23,Classic,North America,Walter Sacha,7233,365,7233.0
6371,Mackerrel LLC,2020-08-04,2021-08-03,Elite Plus,Europe,Aloyna Gregory,7192,364,7211.76
3408,Rowe LLC,2021-05-25,2022-05-24,Classic,Latin America,Christopher Little,7187,364,7206.74
6382,Satterfield and Sons,2021-05-28,2021-06-27,Classic,Latin America,Jerald James,592,30,7202.67
5663,Raynor - Gusikowski,2019-11-05,2020-11-04,Elite Plus,North America,Christopher Little,7196,365,7196.0
2158,"Kautzer, Bartell and Schmeler",2021-01-10,2022-01-09,Elite Plus,Asia,Jerald James,7170,364,7189.7
5567,Hableton - Hintz,2021-08-22,2022-08-21,Classic,North America,Marshall Lawson,7159,364,7178.67
4853,Muller - Reichert,2020-09-18,2021-09-17,Elite Plus,North America,John Sacker,7155,364,7174.66
4007,"Cummerata, Legros and Kohler",2021-06-14,2022-06-13,Classic,Europe,Angelo Payne,7153,364,7172.65
4554,Effertz Group,2022-06-22,2023-06-21,Elite Plus,North America,Ramon Garcia,7153,364,7172.65
2168,Hudson - Feil,2020-06-03,2021-06-02,Elite Plus,North America,Micheal Williams,7133,364,7152.6
944,Miller and Sons,2021-11-01,2022-01-25,Elite Plus,North America,Micheal Williams,1665,85,7149.71
4344,Weimann and Sons,2020-05-11,2021-05-10,Elite Plus,North America,Aloyna Gregory,7130,364,7149.59
4709,Lebsack - Turcotte,2021-08-25,2021-09-23,Classic,Europe,Christopher Little,568,29,7148.97
2900,Rippin - Langworth,2021-09-04,2022-09-03,Classic,Europe,Cecelia Burgess,7121,364,7140.56
6706,Smitham Inc,2021-04-05,2022-04-04,Elite Plus,North America,Frankie Fletcher,7117,364,7136.55
2475,Beahan and Sons,2022-07-20,2023-07-19,Elite Plus,Europe,Dana Henderson,7111,364,7130.54
220,"Ernser, D'Amore and Gulgowski",2023-03-30,2024-03-29,Elite Plus,Europe,Marsha Aguilar,7127,365,7127.0
2984,Schaden Group,2023-02-07,2024-02-06,Elite Plus,Europe,Alice Cole,7106,364,7125.52
3813,Ratke Inc,2021-02-13,2024-02-12,Elite Plus,Europe,Judy Jacobs,21356,1094,7125.17
2633,"Mayert, Murazik and Ernser",2021-01-17,2022-01-16,Elite Plus,North America,Jerald James,7099,364,7118.5
3878,Douglas - Schaden,2021-06-24,2022-03-17,Elite Plus,North America,Cecelia Burgess,5187,266,7117.5
379,Gislason Group,2021-04-26,2022-04-25,Classic,North America,Christopher Little,7097,364,7116.5
6345,"Kuvalis, Wintheiser and Gutmann",2020-07-07,2021-07-06,Elite Plus,North America,Dana Henderson,7090,364,7109.48
5607,Funk LLC,2020-07-11,2021-07-10,Elite Plus,Europe,Tomas Glover,7089,364,7108.48
4935,Lesch - Johnston,2019-12-15,2020-12-13,Elite Plus,North America,Tomas Glover,7089,364,7108.48
4902,Kirlin - Simonis,2020-06-10,2021-06-09,Elite Plus,North America,Frankie Fletcher,7080,364,7099.45
2308,"Daniel, MacGyver and Ernser",2020-04-24,2021-04-23,Classic,North America,Walter Sacha,7078,364,7097.45
2023,Roob - Halvorson,2021-07-09,2021-08-07,Classic,North America,Marsha Aguilar,563,29,7086.03
3872,Douglas - Schaden,2020-04-11,2021-04-10,Elite Plus,North America,Cecelia Burgess,7066,364,7085.41
1813,Schuster - Torp,2021-06-09,2024-06-08,Elite Plus,North America,Ramon Garcia,21209,1095,7069.67
3247,Reynolds - Goodwin,2021-05-06,2021-11-05,Elite Plus,North America,Cecelia Burgess,3542,183,7064.64
6471,"Schumm, Gerlach and Runolfsson",2019-11-26,2020-11-25,Elite Plus,Europe,Jerald James,7064,365,7064.0
5029,Butler LLC,2021-09-13,2021-10-12,Classic,North America,Celia Clayton,561,29,7060.86
1204,Ullrich - Greenfelder,2021-02-04,2021-08-04,Elite Plus,North America,Marsha Aguilar,3500,181,7058.01
5237,Stark LLC,2021-09-03,2022-09-03,Classic,North America,Micheal Williams,7049,365,7049.0
5745,"Veum, Chechauski and Botsford",2021-03-05,2022-03-04,Elite Plus,Europe,Celia Clayton,7019,364,7038.28
6459,Greenfelder - Schmitt,2020-11-18,2021-11-17,Elite Plus,North America,Alice Cole,7003,364,7022.24
4291,Douglas LLC,2021-10-16,2021-11-14,Classic,Latin America,Angelo Payne,557,29,7010.52
3237,Walsh - Dare,2020-09-27,2021-09-26,Elite Plus,North America,Celia Clayton,6991,364,7010.21
3047,Bayer - Miller,2020-11-06,2021-11-05,Classic,North America,Christopher Little,6987,364,7006.2
6663,Lindgren and Sons,2022-06-15,2023-06-14,Elite Plus,North America,Walter Sacha,6985,364,7004.19
2197,"Farrell, Fahey and Funk",2020-05-08,2021-05-07,Elite Plus,North America,Aloyna Gregory,6983,364,7002.18
2448,"Tromp, Gillespie and Pimpernel",2021-08-22,2022-08-21,Elite Plus,North America,Judy Jacobs,6974,364,6993.16
5713,Heaney - Dickinson,2021-05-09,2021-10-07,Elite Plus,North America,Judy Jacobs,2893,151,6993.01
6732,"Schiller, Wunsch and Streich",2020-07-03,2021-07-02,Classic,Latin America,Marsha Aguilar,6972,364,6991.15
4477,Zemlak Group,2020-04-12,2021-04-11,Elite Plus,North America,Celia Clayton,6946,364,6965.08
508,"Fay, Hauck and Oberbrunner",2020-05-28,2021-05-27,Classic,North America,Alton Hunt,6929,364,6948.04
1761,Hane - Oberbrunner,2019-08-30,2020-08-29,Elite Plus,Asia,Judy Jacobs,6941,365,6941.0
1800,Schuster - Torp,2020-08-21,2021-08-20,Elite Plus,North America,Ramon Garcia,6907,364,6925.98
4845,"Dibbert, Flatley and Mitchell",2021-05-10,2022-05-09,Elite Plus,Europe,Phil Baker,6895,364,6913.94
4362,Jerde - Raynor,2023-06-16,2024-06-15,Elite Plus,North America,Celia Clayton,6910,365,6910.0
565,"Shields, Durgan and Hettinger",2021-03-15,2022-03-14,Elite Plus,Europe,Celia Clayton,6889,364,6907.93
2269,"Kutch, Gerhold and Quitzon",2021-02-19,2024-02-19,Elite Plus,Europe,Karl Long,20702,1095,6900.67
3183,"Goldner, White and Bundel",2022-05-21,2023-05-20,Elite Plus,North America,Ramon Garcia,6869,364,6887.87
4209,King LLC,2020-10-22,2021-10-21,Elite Plus,Asia,Walter Sacha,6863,364,6881.85
5468,"Bashirian, Nader and Rosenbaum",2020-09-09,2021-09-08,Classic,North America,Marsha Aguilar,6862,364,6880.85
2028,Kohler and Sons,2021-05-05,2022-05-04,Elite Plus,Europe,Ramon Garcia,6849,364,6867.82
5504,Jacobson - Harber,2020-07-24,2021-07-23,Classic,North America,Alice Cole,6845,364,6863.8
5878,"Wolff, Kihn and Hagenes",2020-02-01,2021-01-31,Elite Plus,Europe,Lonnie May,6848,365,6848.0
5382,Dicki - Wilderman,2021-05-29,2022-05-28,Elite Plus,North America,John Sacker,6828,364,6846.76
8197,"Rath, Casper and Jerde",2019-05-12,2020-05-11,Classic,Europe,Lonnie May,6842,365,6842.0
5900,Medhurst Group,2021-05-30,2022-05-29,Elite Plus,North America,Christopher Little,6820,364,6838.74
5506,Jacobson - Harber,2021-02-17,2023-02-16,Classic,North America,Alice Cole,13628,729,6823.35
3150,"Gorczany, Wolf and Rodriguez",2020-12-06,2021-12-05,Classic,Europe,Alton Hunt,6801,364,6819.68
35,"Kessler, Steuber and Abbott",2020-07-19,2021-07-18,Classic,North America,Grant Cortez,6793,364,6811.66
3053,Marks LLC,2020-09-23,2021-09-22,Elite Plus,Asia,Lonnie May,6785,364,6803.64
4550,Effertz Group,2020-08-23,2021-08-22,Elite Plus,North America,Ramon Garcia,6779,364,6797.62
28,Weissnat and Sons,2021-05-16,2022-05-15,Classic,North America,Aloyna Gregory,6768,364,6786.59
7531,"Parker, Ledner and Kassulke",2019-02-14,2020-02-13,Classic,Europe,Cecelia Burgess,6749,364,6767.54
19,Towne - Kub,2020-12-27,2021-01-26,Classic,Europe,Alton Hunt,556,30,6764.67
6141,"Dietrich, Larson and Murazik",2022-07-23,2023-06-20,Elite Plus,Europe,Christopher Little,6150,332,6761.3
3469,Runte LLC,2021-07-21,2021-08-19,Classic,North America,Sonja Griffin,537,29,6758.79
3318,"Mackerrel, Schroeder and Gutkowski",2022-09-19,2023-09-18,Elite Plus,North America,Tomas Glover,6740,364,6758.52
4674,Mohr LLC,2021-08-27,2022-08-26,Elite Plus,Asia,Celia Clayton,6740,364,6758.52
2789,Harris LLC,2021-05-13,2022-06-12,Elite Plus,Asia,Ross Hines,7310,395,6754.81
6369,"Bosco, Pagac and Mackerrel",2020-09-17,2021-09-16,Classic,Europe,Judy Jacobs,6733,364,6751.5
1743,"Auer, Jones and Agarwal",2021-02-26,2022-02-25,Elite Plus,Europe,Alice Cole,6731,364,6749.49
3048,Bayer - Miller,2020-09-23,2020-11-01,Classic,North America,Christopher Little,721,39,6747.82
764,"Kunze, Jaskolski and Labadie",2020-02-01,2021-01-31,Classic,Europe,Walter Sacha,6744,365,6744.0
4990,Ortiz - Ponting,2020-07-22,2021-09-20,Elite Plus,Europe,Aloyna Gregory,7850,425,6741.76
6021,Johnson LLC,2021-12-10,2022-12-10,Classic,Europe,Phil Baker,6741,365,6741.0
1706,Schumm - Feil,2021-11-16,2021-12-15,Classic,Latin America,Patty Ingram,535,29,6733.62
6140,"Dietrich, Larson and Murazik",2021-09-30,2022-09-29,Elite Plus,Europe,Christopher Little,6712,364,6730.44
4528,Reynolds LLC,2021-09-22,2022-01-21,Elite Plus,North America,Marsha Aguilar,2230,121,6726.86
4597,Renner - Schiller,2023-02-27,2024-02-27,Elite Plus,North America,Judy Jacobs,6719,365,6719.0
2625,"Mayert, Murazik and Ernser",2020-01-14,2020-07-14,Elite Plus,North America,Jerald James,3350,182,6718.41
3035,Cassle - Hirthe,2020-11-09,2021-11-08,Classic,Asia,Christopher Little,6699,364,6717.4
164,King Group,2021-08-08,2024-08-07,Classic,North America,Angelo Payne,20147,1095,6715.67
5488,Metz Inc,2021-10-09,2024-10-07,Elite Plus,North America,Patty Ingram,20123,1094,6713.8
5166,Fahey and Sons,2021-07-31,2022-07-30,Classic,Asia,Judy Jacobs,6692,364,6710.38
3263,Reynolds - Goodwin,2021-08-06,2022-08-05,Elite Plus,North America,Cecelia Burgess,6691,364,6709.38
554,Harvey and Sons,2021-06-10,2022-12-31,Elite Plus,Asia,Walter Sacha,10429,569,6689.96
1655,Kuphal - Hirthe,2020-11-07,2021-11-06,Elite Plus,North America,Marsha Aguilar,6664,364,6682.31
747,Sporer Group,2021-09-27,2022-10-04,Elite Plus,Europe,Christopher Little,6803,372,6674.99
2897,"Bernier, Metz and Fay",2021-11-02,2022-11-01,Elite Plus,North America,Grant Cortez,6655,364,6673.28
1463,Heathcote Inc,2021-03-19,2022-03-18,Elite Plus,North America,Patty Ingram,6652,364,6670.27
579,Schinner LLC,2021-05-19,2022-05-18,Elite Plus,North America,Marshall Lawson,6651,364,6669.27
418,Zboncak LLC,2021-06-28,2024-06-28,Elite Plus,North America,Marshall Lawson,20018,1096,6666.58
5768,Cassle - Mosciski,2021-05-13,2024-05-11,Elite Plus,North America,Christopher Little,19964,1094,6660.75
5440,"Larkin, Dickens and Simonis",2020-11-19,2021-11-19,Elite Plus,Asia,Tomas Glover,6657,365,6657.0
6054,Lockman LLC,2020-03-02,2021-03-01,Elite Plus,North America,Aloyna Gregory,6633,364,6651.22
5331,"Erdman, Schaden and Bechel",2021-08-23,2022-07-14,Elite Plus,Europe,Celia Clayton,5913,325,6640.75
224,"Johns, Walsh and Gorczany",2021-11-02,2022-11-01,Elite Plus,North America,Dana Henderson,6621,364,6639.19
3494,McCullough - Albertson,2020-06-01,2021-02-04,Elite Plus,North America,Ross Hines,4511,248,6639.17
2791,McKinnon - Fay,2021-01-24,2022-01-23,Elite Plus,North America,Alice Cole,6616,364,6634.18
5055,Collier - Skiles,2021-03-31,2022-03-30,Elite Plus,Europe,Sonja Griffin,6613,364,6631.17
1161,Rosenbaum - Hermiston,2020-11-16,2022-10-24,Elite Plus,North America,Grant Cortez,12812,707,6614.4
1950,"Huels, Pollich and Jacobi",2020-09-10,2021-09-09,Elite Plus,North America,Karl Long,6590,364,6608.1
3598,Jakubowski LLC,2021-05-15,2021-06-14,Classic,Latin America,Judy Jacobs,543,30,6606.5
5447,"Larkin, Dickens and Simonis",2021-11-12,2022-03-13,Elite Plus,Asia,Tomas Glover,2190,121,6606.2
910,"Lesch, Bernhard and Hills",2021-02-08,2022-02-08,Classic,Europe,Jerald James,6571,365,6571.0
3147,Aufderhar LLC,2020-09-17,2021-09-16,Elite Plus,North America,Micheal Williams,6548,364,6565.99
4531,Reynolds LLC,2021-09-23,2022-09-22,Elite Plus,North America,Marsha Aguilar,6546,364,6563.98
1387,"Wisoky, Feest and Hegmann",2021-02-01,2022-01-31,Classic,North America,Karl Long,6543,364,6560.98
3034,Cassle - Hirthe,2021-04-07,2022-08-06,Elite Plus,Asia,Christopher Little,8725,486,6552.73
7672,Reynolds Inc,2019-02-20,2020-02-19,Classic,North America,Judy Jacobs,6527,364,6544.93
3075,O'Kon - Weber,2020-07-12,2021-07-11,Elite Plus,North America,Grant Cortez,6525,364,6542.93
6243,Ward - Towne,2020-10-05,2021-03-04,Elite Plus,Europe,Karl Long,2688,150,6540.8
689,Schulist - Hills,2021-07-15,2024-07-14,Elite Plus,Asia,Alice Cole,19559,1095,6519.67
4650,"Jaskolski, Raynor and Wehner",2021-10-15,2022-10-14,Elite Plus,North America,Grant Cortez,6501,364,6518.86
117,"Gerhold, Moen and D'Amore",2021-05-01,2022-04-30,Classic,Latin America,Judy Jacobs,6500,364,6517.86
3199,Metz LLC,2019-09-14,2020-09-13,Elite Plus,North America,Marshall Lawson,6495,365,6495.0
5494,Parker and Sons,2021-05-24,2022-05-23,Elite Plus,Europe,Grant Cortez,6476,364,6493.79
3094,O'Kon - Weber,2021-12-28,2023-12-27,Elite Plus,North America,Grant Cortez,12954,729,6485.88
2636,"Mayert, Murazik and Ernser",2022-01-28,2023-01-27,Elite Plus,North America,Jerald James,6467,364,6484.77
1991,Wiza - Robel,2020-09-13,2021-09-12,Classic,North America,Frankie Fletcher,6459,364,6476.74
2119,Bundel and Sons,2022-10-31,2023-10-30,Elite Plus,Europe,Alton Hunt,6450,364,6467.72
5018,Butler LLC,2021-07-17,2021-08-16,Classic,North America,Celia Clayton,531,30,6460.5
1222,Rau Group,2021-04-27,2022-04-26,Classic,Latin America,Sonja Griffin,6438,364,6455.69
771,"Kunze, Jaskolski and Labadie",2021-01-06,2022-01-05,Classic,Europe,Walter Sacha,6437,364,6454.68
1944,"Huels, Pollich and Jacobi",2020-09-17,2021-09-16,Elite Plus,North America,Karl Long,6428,364,6445.66
4539,Murray - Kris,2021-01-17,2023-01-16,Elite Plus,Latin America,Celia Clayton,12870,729,6443.83
753,Sporer Group,2021-09-09,2022-09-08,Elite Plus,Europe,Christopher Little,6425,364,6442.65
3745,Raynor Group,2021-12-06,2022-12-05,Elite Plus,Europe,Marshall Lawson,6423,364,6440.65
2321,Cassle and Sons,2022-02-11,2024-02-10,Elite Plus,North America,Angelo Payne,12841,729,6429.31
5096,Hettinger - Reilly,2021-07-03,2022-07-03,Classic,Latin America,Cecelia Burgess,6416,365,6416.0
6038,"Pollich, Dicki and Albertson",2021-06-13,2021-07-13,Classic,North America,Walter Sacha,527,30,6411.83
457,Leuschke Group,2021-07-23,2022-07-22,Elite Plus,North America,Grant Cortez,6391,364,6408.56
3548,"Bode, Agarwal and Deckow",2020-09-14,2021-09-13,Elite Plus,Europe,Celia Clayton,6389,364,6406.55
5960,Schuster and Sons,2021-07-16,2022-07-15,Classic,North America,John Sacker,6378,364,6395.52
1726,Smitham Group,2019-11-02,2020-11-01,Elite Plus,North America,Jerald James,6390,365,6390.0
3086,O'Kon - Weber,2021-04-04,2021-07-05,Elite Plus,North America,Grant Cortez,1607,92,6375.6
2179,Haag and Sons,2020-06-23,2021-06-23,Classic,Latin America,Micheal Williams,6374,365,6374.0
2700,"Little, Bernhard and Wuckert",2021-08-02,2022-08-01,Classic,Europe,Ross Hines,6343,364,6360.43
3523,Howe - Gleichner,2021-04-15,2022-04-14,Elite Plus,North America,Grant Cortez,6333,364,6350.4
4985,Sawayn - Jaskolski,2020-12-15,2022-12-14,Elite Plus,Europe,Celia Clayton,12669,729,6343.19
4639,"Campbelll, Schroeder and Harber",2021-03-11,2022-03-10,Classic,North America,Tomas Glover,6324,364,6341.37
1221,Rau Group,2021-01-29,2021-05-01,Elite Plus,Latin America,Sonja Griffin,1597,92,6335.92
1189,"Nienow, Bosco and Nolan",2021-11-23,2022-03-05,Elite Plus,North America,Judy Jacobs,1770,102,6333.82
1651,Kuphal - Hirthe,2020-10-12,2021-10-11,Elite Plus,North America,Marsha Aguilar,6313,364,6330.34
5887,"Wolff, Kihn and Hagenes",2022-02-23,2023-02-22,Elite Plus,Europe,Lonnie May,6312,364,6329.34
4063,Prohaska and Sons,2020-04-25,2021-04-24,Classic,Asia,Ross Hines,6305,364,6322.32
440,Graham and Sons,2021-01-18,2021-02-17,Classic,Latin America,Angelo Payne,519,30,6314.5
1174,"Zamber, Gaverman and Hableton",2021-05-18,2021-11-03,Elite Plus,Europe,Lonnie May,2922,169,6310.83
6726,Bogisich and Sons,2021-05-17,2023-05-16,Classic,Asia,Grant Cortez,12604,729,6310.64
411,Zboncak LLC,2021-07-08,2022-07-07,Elite Plus,North America,Marshall Lawson,6292,364,6309.29
4961,Langosh Inc,2020-03-01,2020-09-30,Elite Plus,Europe,Cecelia Burgess,3681,213,6307.82
931,Gupta - Agarwal,2021-04-23,2022-04-22,Elite Plus,North America,Walter Sacha,6284,364,6301.26
1978,Davis and Sons,2021-07-08,2022-07-07,Elite Plus,North America,Aloyna Gregory,6272,364,6289.23
2967,Kunze Group,2021-10-27,2022-07-09,Classic,North America,Grant Cortez,4390,255,6283.73
361,Yost - Hettinger,2021-03-14,2021-04-13,Classic,Latin America,Frankie Fletcher,515,30,6265.83
1208,Ullrich - Greenfelder,2021-06-03,2021-12-02,Elite Plus,North America,Marsha Aguilar,3121,182,6259.15
6425,"Quigley, Veum and Reilly",2021-06-16,2022-06-15,Elite Plus,North America,Angelo Payne,6234,364,6251.13
5794,"Hilll, Friesen and O'Connell",2020-07-14,2021-07-13,Elite Plus,North America,Marsha Aguilar,6229,364,6246.11
4827,Graham Group,2021-03-06,2021-06-05,Classic,North America,Ramon Garcia,1557,91,6245.11
1420,Hessel - McDermott,2021-11-20,2023-11-19,Classic,Latin America,Cecelia Burgess,12468,729,6242.55
2060,Bosco - Adams,2021-08-07,2022-08-28,Classic,Europe,Christopher Little,6593,386,6234.31
2246,D'Amore Group,2021-05-06,2021-06-05,Classic,North America,Karl Long,512,30,6229.33
4849,Muller - Reichert,2020-07-11,2020-09-21,Classic,North America,John Sacker,1228,72,6225.28
2051,Herzog - Donnelly,2020-08-10,2022-08-09,Elite Plus,North America,Phil Baker,12425,729,6221.02
5963,Gaverman - Boyer,2021-05-09,2022-05-08,Classic,Asia,Judy Jacobs,6198,364,6215.03
4123,Bundel - Hagenes,2021-04-10,2026-04-09,Elite Plus,Asia,Dana Henderson,31075,1825,6215.0
4251,"Chechauski, Huels and Kunze",2020-11-16,2021-05-15,Classic,North America,Lonnie May,3063,180,6211.08
1483,"Cummings, Pollich and Hoppe",2020-09-27,2021-09-26,Elite Plus,North America,Ross Hines,6179,364,6195.98
2553,"Cummerata, Greenholt and Rogahn",2021-11-09,2022-11-08,Elite Plus,North America,Frankie Fletcher,6178,364,6194.97
1779,Waugh Inc,2020-11-17,2021-11-16,Classic,Latin America,Dana Henderson,6161,364,6177.93
4339,"Aufderhar, Harvey and O'Keefe",2020-02-19,2020-09-01,Classic,North America,Jerald James,3296,195,6169.44
5676,Crona - Dickens,2020-07-20,2021-07-19,Elite Plus,North America,Patty Ingram,6149,364,6165.89
1177,"Zamber, Gaverman and Hableton",2022-02-15,2023-02-14,Elite Plus,Europe,Lonnie May,6148,364,6164.89
5526,Baumbach - Simonis,2020-03-30,2021-03-31,Classic,North America,Ross Hines,6179,366,6162.12
6,Towne - Kub,2020-05-25,2021-05-24,Classic,Europe,Alton Hunt,6145,364,6161.88
868,"Stantner, Ponting and Rosenbaum",2021-05-13,2021-06-12,Classic,North America,Alice Cole,506,30,6156.33
1502,Cassin - Trantow,2021-04-20,2022-04-20,Classic,North America,Celia Clayton,6156,365,6156.0
3397,Rippin Inc,2021-09-21,2021-11-28,Elite Plus,North America,Tomas Glover,1146,68,6151.32
3339,"Gupta,Agarwal and Nolan",2021-04-14,2021-05-11,Classic,Asia,Tomas Glover,455,27,6150.93
4184,Kunde - Kautzer,2021-04-12,2024-04-11,Elite Plus,North America,Patty Ingram,18448,1095,6149.33
6058,Lockman LLC,2020-07-06,2021-07-05,Elite Plus,North America,Aloyna Gregory,6129,364,6145.84
5054,Collier - Skiles,2020-10-30,2021-10-29,Elite Plus,Europe,Sonja Griffin,6126,364,6142.83
1981,Davis and Sons,2021-09-17,2022-09-16,Elite Plus,North America,Aloyna Gregory,6121,364,6137.82
2102,Stark - Moen,2022-01-07,2023-01-06,Elite Plus,Europe,Christopher Little,6121,364,6137.82
2989,Schaden Group,2020-12-15,2021-12-14,Classic,Europe,Alice Cole,6119,364,6135.81
243,Nader LLC,2021-05-20,2022-05-19,Elite Plus,Europe,Marshall Lawson,6116,364,6132.8
5959,Schuster and Sons,2021-05-12,2022-05-11,Elite Plus,North America,John Sacker,6103,364,6119.77
7510,Hudson Group,2018-12-23,2019-12-22,Classic,North America,Patty Ingram,6097,364,6113.75
2098,Stark - Moen,2021-04-22,2022-04-21,Elite Plus,Europe,Christopher Little,6091,364,6107.73
4600,Renner - Schiller,2023-02-09,2024-02-09,Elite Plus,North America,Judy Jacobs,6106,365,6106.0
5854,Weissnat Group,2021-06-24,2022-06-23,Elite Plus,North America,Patty Ingram,6084,364,6100.71
2647,"Hyatt, Johns and Lowe",2021-02-18,2023-02-17,Elite Plus,North America,Jerald James,12181,729,6098.85
5735,Kessler - Fahey,2021-08-15,2021-09-14,Classic,Latin America,Christopher Little,501,30,6095.5
1485,"Cummings, Pollich and Hoppe",2021-06-09,2022-06-08,Elite Plus,North America,Ross Hines,6077,364,6093.7
3249,Reynolds - Goodwin,2020-01-16,2021-01-15,Elite Plus,North America,Cecelia Burgess,6092,365,6092.0
3557,"Bode, Agarwal and Deckow",2021-06-09,2021-07-08,Classic,Europe,Celia Clayton,484,29,6091.72
1668,"Bernier, West and Pimpernel",2020-06-22,2020-07-23,Classic,Latin America,Lonnie May,517,31,6087.26
1047,"Johnson, Farrell and Zieme",2022-08-03,2023-01-15,Elite Plus,North America,Aloyna Gregory,2751,165,6085.55
1703,Schumm - Feil,2021-06-03,2021-07-03,Classic,Latin America,Patty Ingram,500,30,6083.33
1352,Mohr - Streich,2021-12-06,2022-12-05,Elite Plus,North America,Dana Henderson,6063,364,6079.66
5434,Schmitt - Zieme,2020-11-25,2021-11-24,Elite Plus,Asia,Walter Sacha,6063,364,6079.66
5871,"Dicki, Bosco and Rempel",2021-08-13,2022-08-12,Elite Plus,North America,Grant Cortez,6059,364,6075.65
6590,Ondricka - Casper,2020-11-13,2021-11-12,Elite Plus,North America,Sonja Griffin,6055,364,6071.63
3130,Frost - Rumsfeld,2021-06-19,2021-07-19,Classic,North America,Frankie Fletcher,498,30,6059.0
3600,Jakubowski LLC,2021-08-18,2021-09-17,Classic,Latin America,Judy Jacobs,498,30,6059.0
4078,"Osinski, Farrell and Kutch",2021-04-20,2022-04-19,Elite Plus,Europe,Marsha Aguilar,6039,364,6055.59
1722,Wuckert - Miller,2021-04-06,2022-04-05,Classic,Latin America,Walter Sacha,6039,364,6055.59
1187,"Nienow, Bosco and Nolan",2020-09-19,2021-09-18,Elite Plus,North America,Judy Jacobs,6033,364,6049.57
4618,Ankunding - Frami,2021-08-30,2022-08-29,Classic,North America,Celia Clayton,6032,364,6048.57
4760,Kemmer Group,2020-11-29,2021-02-26,Elite Plus,Asia,Judy Jacobs,1474,89,6045.06
3644,Lakin - Glover,2020-03-09,2021-03-08,Elite Plus,North America,Phil Baker,6028,364,6044.56
1692,"Purdy, Hableton and Thiel",2020-07-25,2021-07-24,Classic,North America,Alton Hunt,6021,364,6037.54
2600,Stehr and Sons,2022-07-19,2023-07-18,Classic,Latin America,Phil Baker,6019,364,6035.54
1215,Douglas - Zamber,2020-09-20,2021-09-19,Elite Plus,Europe,Ross Hines,6017,364,6033.53
7887,Campbelll-Donnelly,2019-02-25,2020-02-25,Elite Plus,North America,Patty Ingram,6028,365,6028.0
706,"White, Keeling and Jakubowski",2022-01-14,2023-01-13,Elite Plus,North America,Sonja Griffin,6011,364,6027.51
5653,"Leffler, Casper and Klocko",2020-10-02,2021-10-01,Elite Plus,North America,Sonja Griffin,6010,364,6026.51
3394,Rippin Inc,2020-08-05,2021-08-04,Elite Plus,North America,Tomas Glover,6006,364,6022.5
6391,"Quigley, Veum and Reilly",2019-12-09,2020-12-08,Elite Plus,North America,Angelo Payne,6018,365,6018.0
2154,"Kautzer, Mante and Agarwal",2019-10-14,2020-10-13,Elite Plus,North America,Jerald James,6017,365,6017.0
1643,Weissnat - Kessler,2021-09-12,2023-09-11,Elite Plus,Europe,Lonnie May,11994,729,6005.23
5773,Cassle - Mosciski,2021-09-07,2023-03-08,Elite Plus,North America,Christopher Little,8996,547,6002.82
6066,"Kub, Murphy and Pagac",2021-05-19,2022-05-18,Elite Plus,North America,Ross Hines,5983,364,5999.44
121,Benjamin Batterbond,2020-12-01,2020-12-31,Classic,North America,Ramon Garcia,493,30,5998.17
6684,Reichel - Leannon,2021-02-12,2022-02-11,Elite Plus,Latin America,Celia Clayton,5981,364,5997.43
6628,"Frost, Olson and Schmeler",2020-08-28,2021-08-27,Elite Plus,Asia,Grant Cortez,5976,364,5992.42
5525,Baumbach - Simonis,2020-01-07,2021-01-07,Classic,North America,Ross Hines,6005,366,5988.59
6665,Lindgren and Sons,2020-05-12,2021-05-11,Elite Plus,North America,Walter Sacha,5972,364,5988.41
324,"Hessel, Langworth and Abtel",2021-08-25,2024-08-24,Elite Plus,North America,Dana Henderson,17964,1095,5988.0
348,"Schmidt, Weissnat and Fritsch",2021-10-09,2022-10-08,Elite Plus,North America,Angelo Payne,5971,364,5987.4
1972,Davis and Sons,2020-11-28,2021-11-27,Elite Plus,North America,Aloyna Gregory,5966,364,5982.39
6461,Oberbrunner Inc,2020-11-23,2021-11-22,Elite Plus,Europe,Karl Long,5962,364,5978.38
4579,Renner - Schiller,2022-07-14,2023-07-13,Elite Plus,North America,Judy Jacobs,5956,364,5972.36
302,O'Keefe - Skiles,2021-07-19,2023-01-17,Elite Plus,Europe,Sonja Griffin,8950,547,5972.12
3296,Rosemont - Lind,2021-06-18,2022-06-17,Elite Plus,Asia,Cecelia Burgess,5950,364,5966.35
2677,Lowe Inc,2022-01-15,2023-01-14,Elite Plus,North America,Marshall Lawson,5948,364,5964.34
6406,"Quigley, Veum and Reilly",2021-01-21,2022-01-20,Elite Plus,North America,Angelo Payne,5947,364,5963.34
2173,Hudson - Feil,2021-05-26,2022-05-25,Elite Plus,North America,Micheal Williams,5945,364,5961.33
5205,"McGlynn, Wuckert and Marvin",2020-10-10,2021-10-09,Classic,North America,Celia Clayton,5941,364,5957.32
1244,Purdy Inc,2021-10-02,2022-10-01,Classic,Europe,Sonja Griffin,5941,364,5957.32
166,Frami Group,2019-10-21,2020-10-20,Elite Plus,North America,John Sacker,5954,365,5954.0
4382,Denesik and Sons,2019-11-15,2020-11-14,Elite Plus,Europe,Karl Long,5949,365,5949.0
2152,Luettgen LLC,2021-04-05,2022-02-16,Elite Plus,North America,Frankie Fletcher,5162,317,5943.63
5933,Johnston Group,2020-08-29,2021-08-28,Elite Plus,North America,Frankie Fletcher,5921,364,5937.27
235,Nader LLC,2020-02-06,2021-02-04,Elite Plus,Europe,Marshall Lawson,5919,364,5935.26
3123,Heaney LLC,2021-06-05,2022-06-04,Elite Plus,North America,Karl Long,5912,364,5928.24
2806,Mosciski - Prosacco,2020-11-04,2021-11-03,Elite Plus,North America,Aloyna Gregory,5907,364,5923.23
4482,Zemlak Group,2021-01-24,2022-01-23,Elite Plus,North America,Celia Clayton,5905,364,5921.22
6174,"Dietrich, Larson and Murazik",2023-04-25,2023-07-25,Elite Plus,Europe,Christopher Little,1474,91,5912.2
5457,Jacobi - Bogisich,2021-08-19,2022-08-18,Elite Plus,North America,Frankie Fletcher,5891,364,5907.18
6291,Kulas - Ryan,2021-01-20,2022-01-19,Elite Plus,North America,Christopher Little,5887,364,5903.17
5030,Rolfson - Mann,2020-04-12,2021-04-11,Elite Plus,Europe,Tomas Glover,5886,364,5902.17
3918,Monahan - Ruecker,2021-02-11,2022-02-10,Elite Plus,North America,Judy Jacobs,5884,364,5900.16
5438,"Larkin, Dickens and Simonis",2020-10-28,2021-10-27,Elite Plus,Asia,Tomas Glover,5882,364,5898.16
1264,Collins - Dooley,2020-10-28,2021-10-27,Classic,North America,Frankie Fletcher,5878,364,5894.15
1901,"Koepp, Schumm and Macejkovic",2020-07-16,2021-07-15,Elite Plus,Europe,Angelo Payne,5870,364,5886.13
3974,"Hessel, Koss and Littel",2021-10-28,2022-10-27,Classic,North America,Karl Long,5869,364,5885.12
6470,Crist - Pagac,2020-04-29,2021-04-29,Classic,Europe,Tomas Glover,5885,365,5885.0
3968,"Hessel, Koss and Littel",2021-02-21,2022-01-29,Elite Plus,North America,Karl Long,5514,342,5884.82
422,Zboncak LLC,2021-12-10,2024-09-08,Elite Plus,North America,Marshall Lawson,16139,1003,5873.12
4906,Kirlin - Simonis,2022-07-14,2023-07-13,Elite Plus,North America,Frankie Fletcher,5845,364,5861.06
6377,Mackerrel LLC,2021-10-15,2022-10-14,Elite Plus,Europe,Aloyna Gregory,5843,364,5859.05
2107,Bundel and Sons,2021-08-29,2021-11-28,Elite Plus,Europe,Alton Hunt,1460,91,5856.04
2471,Beahan and Sons,2020-05-08,2021-05-07,Elite Plus,Europe,Dana Henderson,5832,364,5848.02
1375,Zieme Group,2021-07-31,2021-08-19,Elite Plus,North America,Alton Hunt,304,19,5840.0
253,Nader LLC,2022-07-23,2023-01-21,Elite Plus,Europe,Marshall Lawson,2904,182,5823.96
5686,Gupta Group,2021-11-02,2023-01-01,Elite Plus,Europe,Cecelia Burgess,6781,425,5823.68
320,"Hessel, Langworth and Abtel",2020-08-26,2021-08-25,Elite Plus,North America,Dana Henderson,5805,364,5820.95
3324,Feil - Dickens,2020-07-30,2021-07-30,Classic,Asia,Christopher Little,5805,365,5805.0
3820,"SchamBundelr, Kirlin and Schuppe",2020-11-05,2021-11-04,Classic,Latin America,Ross Hines,5788,364,5803.9
1163,Rosenbaum - Hermiston,2021-07-25,2022-09-15,Elite Plus,North America,Grant Cortez,6628,417,5801.49
4224,Boone Inc,2021-05-19,2022-05-18,Elite Plus,Asia,Marshall Lawson,5785,364,5800.89
4668,Mohr LLC,2020-08-07,2021-08-06,Elite Plus,Asia,Celia Clayton,5785,364,5800.89
3869,Douglas - Schaden,2021-06-11,2022-01-22,Elite Plus,North America,Cecelia Burgess,3574,225,5797.82
4368,Belfact LLC,2021-05-19,2022-05-18,Elite Plus,North America,John Sacker,5776,364,5791.87
2443,"Tromp, Gillespie and Pimpernel",2021-08-11,2022-08-10,Elite Plus,North America,Judy Jacobs,5771,364,5786.85
6454,Frost Group,2021-03-17,2022-03-16,Classic,North America,Angelo Payne,5768,364,5783.85
6573,Homenick - Homenick,2020-12-11,2021-12-10,Classic,Latin America,Alton Hunt,5767,364,5782.84
3402,Ziemann - Weber,2021-09-26,2021-10-25,Classic,Europe,Christopher Little,459,29,5777.07
5463,Jacobi - Bogisich,2022-08-02,2023-08-01,Elite Plus,North America,Frankie Fletcher,5758,364,5773.82
5446,"Larkin, Dickens and Simonis",2021-08-24,2022-08-23,Elite Plus,Asia,Tomas Glover,5757,364,5772.82
5072,Considine and Sons,2021-06-05,2023-06-04,Elite Plus,Europe,Micheal Williams,11527,729,5771.41
2509,"Leffler, Lesch and Halvorson",2020-12-16,2022-09-09,Elite Plus,North America,Ross Hines,9989,632,5768.96
1098,Wuckert - Collier,2021-04-13,2022-04-12,Elite Plus,Europe,Angelo Payne,5750,364,5765.8
4793,"Daniel, Roberts and Weimann",2021-04-21,2022-04-20,Classic,Latin America,Christopher Little,5748,364,5763.79
1777,Hane - Oberbrunner,2021-02-18,2022-02-17,Elite Plus,Asia,Judy Jacobs,5748,364,5763.79
1374,Zieme Group,2020-11-02,2021-11-01,Elite Plus,North America,Alton Hunt,5748,364,5763.79
6351,"Crist, Ondricka and DuBuque",2020-01-26,2021-01-24,Elite Plus,North America,Karl Long,5746,364,5761.79
5861,"Dicki, Bosco and Rempel",2020-07-31,2021-07-30,Elite Plus,North America,Grant Cortez,5744,364,5759.78
6310,"Schuppe, Hegmann and Kerluke",2020-03-27,2021-03-27,Classic,North America,John Sacker,5753,365,5753.0
5050,Collier - Skiles,2020-08-24,2021-08-23,Elite Plus,Europe,Sonja Griffin,5735,364,5750.76
6486,"Russel, White and Koepp",2020-07-01,2021-06-30,Elite Plus,Europe,Ross Hines,5725,364,5740.73
3919,Monahan - Ruecker,2020-10-11,2021-10-10,Elite Plus,North America,Judy Jacobs,5716,364,5731.7
945,Miller and Sons,2020-09-26,2021-09-25,Elite Plus,North America,Micheal Williams,5707,364,5722.68
2773,Lindgren LLC,2021-08-30,2022-08-29,Classic,Europe,Marsha Aguilar,5706,364,5721.68
4194,"Upton, Steuber and Conn",2021-10-29,2024-10-28,Elite Plus,North America,Jerald James,17165,1095,5721.67
2138,"Swaniawski, Orn and Smitham",2021-10-01,2022-10-12,Elite Plus,Europe,Celia Clayton,5889,376,5716.72
6302,Kulas - Ryan,2020-11-23,2021-11-22,Classic,North America,Christopher Little,5695,364,5710.65
4583,Renner - Schiller,2022-02-11,2023-02-10,Elite Plus,North America,Judy Jacobs,5695,364,5710.65
2193,Chechauski Inc,2019-11-01,2020-10-30,Elite Plus,North America,Christopher Little,5681,364,5696.61
2329,Graham and Sons,2019-12-10,2020-12-10,Classic,North America,Angelo Payne,5707,366,5691.41
1111,Bradtke - Goyette,2020-11-20,2021-11-19,Classic,Europe,Christopher Little,5675,364,5690.59
667,"Goodwin, O'Reilly and Buckridge",2021-01-16,2022-01-15,Elite Plus,North America,Judy Jacobs,5673,364,5688.59
6559,"Bogan, Bogisich and Ernser",2021-05-14,2021-06-13,Classic,Latin America,Ramon Garcia,467,30,5681.83
1136,"Hahn, Nienow and Baumbach",2020-12-21,2021-12-20,Classic,Asia,Christopher Little,5664,364,5679.56
2010,"Altenwerth, Beahan and Buckridge",2021-04-10,2021-05-09,Classic,Latin America,Ross Hines,451,29,5676.38
2074,Gleason and Sons,2021-03-28,2022-03-27,Elite Plus,North America,John Sacker,5650,364,5665.52
465,Thiel - Butler,2023-06-05,2024-06-04,Elite Plus,Europe,Dana Henderson,5664,365,5664.0
414,Zboncak LLC,2021-09-24,2024-09-24,Elite Plus,North America,Marshall Lawson,17001,1096,5661.83
591,Brown - Daniel,2021-11-27,2024-11-26,Elite Plus,Europe,Celia Clayton,16977,1095,5659.0
1935,Tillman - Kuvalis,2021-05-02,2022-05-01,Classic,North America,Patty Ingram,5641,364,5656.5
4424,"Zemlak, Steuber and Rempel",2021-08-14,2022-08-13,Elite Plus,North America,Karl Long,5640,364,5655.49
2496,Agarwaliamson - Mayert,2023-05-11,2024-05-10,Elite Plus,Europe,Dana Henderson,5650,365,5650.0
1122,"Hahn, Nienow and Baumbach",2021-03-22,2022-03-21,Classic,Asia,Christopher Little,5634,364,5649.48
4218,Cummings and Sons,2021-12-31,2023-12-30,Elite Plus,Europe,Marsha Aguilar,11278,729,5646.74
6618,Hartmann Group,2020-07-08,2021-07-07,Elite Plus,Asia,Walter Sacha,5631,364,5646.47
1513,"Schmeler, Schmitt and Frami",2021-02-19,2022-02-18,Classic,North America,Walter Sacha,5631,364,5646.47
610,Osinski LLC,2021-02-09,2022-02-08,Classic,North America,Frankie Fletcher,5630,364,5645.47
4475,Zemlak Group,2022-06-16,2022-12-15,Elite Plus,North America,Celia Clayton,2812,182,5639.45
474,Pimpernel - Gaylord,2021-03-09,2022-03-08,Elite Plus,Latin America,Ross Hines,5623,364,5638.45
1317,Stiedemann Group,2021-02-14,2022-02-13,Elite Plus,North America,Alice Cole,5622,364,5637.45
2438,"Tromp, Gillespie and Pimpernel",2021-08-26,2022-08-25,Elite Plus,North America,Judy Jacobs,5622,364,5637.45
5886,"Wolff, Kihn and Hagenes",2021-11-21,2022-11-20,Elite Plus,Europe,Lonnie May,5615,364,5630.43
5678,Crona - Dickens,2021-11-09,2022-11-08,Elite Plus,North America,Patty Ingram,5612,364,5627.42
5857,Weissnat Group,2021-05-20,2022-05-19,Elite Plus,North America,Patty Ingram,5609,364,5624.41
3653,"Skiles, Powlowski and Bartell",2021-08-19,2022-08-18,Elite Plus,North America,Patty Ingram,5607,364,5622.4
4446,Ponting - Jakubowski,2021-01-03,2022-01-02,Elite Plus,Europe,Alton Hunt,5596,364,5611.37
393,Zboncak LLC,2020-07-14,2021-07-13,Elite Plus,North America,Marshall Lawson,5587,364,5602.35
3457,Effertz Inc,2021-09-06,2022-09-05,Classic,Europe,Christopher Little,5586,364,5601.35
6356,"Crist, Ondricka and DuBuque",2020-12-03,2021-12-02,Elite Plus,North America,Karl Long,5585,364,5600.34
3065,"Stroman, McGlynn and Luettgen",2020-10-31,2021-10-30,Classic,North America,Alice Cole,5578,364,5593.32
602,"Belfact, Balistreri and Kreiger",2020-09-12,2021-09-11,Elite Plus,North America,Tomas Glover,5576,364,5591.32
5186,Herzog LLC,2021-06-30,2022-06-29,Elite Plus,Europe,Phil Baker,5571,364,5586.3
100,"Oberbrunner, Hahn and Kemmer",2021-04-23,2022-10-23,Classic,Latin America,Patty Ingram,8383,548,5583.57
169,Frami Group,2021-01-26,2022-01-25,Elite Plus,North America,John Sacker,5568,364,5583.3
63,Marks and Sons,2020-11-19,2021-11-18,Elite Plus,Europe,Karl Long,5565,364,5580.29
2547,Johnston LLC,2021-07-20,2022-07-20,Classic,Europe,Micheal Williams,5579,365,5579.0
5873,"Dicki, Bosco and Rempel",2021-11-20,2022-11-19,Elite Plus,North America,Grant Cortez,5560,364,5575.27
4335,White Inc,2020-12-03,2021-12-02,Elite Plus,North America,Grant Cortez,5556,364,5571.26
6841,SchoStantner Group,2019-06-23,2020-06-22,Classic,North America,Alice Cole,5571,365,5571.0
6668,Lindgren and Sons,2020-08-28,2021-08-27,Elite Plus,North America,Walter Sacha,5555,364,5570.26
6473,"Schumm, Gerlach and Runolfsson",2020-12-07,2021-12-06,Elite Plus,Europe,Jerald James,5553,364,5568.26
4520,Harris LLC,2020-11-04,2022-05-04,Classic,Latin America,Ross Hines,8325,546,5565.25
2757,Jast - Balistreri,2021-02-16,2022-02-15,Elite Plus,North America,Lonnie May,5546,364,5561.24
4254,Shanahan Group,2021-03-07,2022-03-06,Classic,Latin America,Marshall Lawson,5545,364,5560.23
2652,"Hyatt, Johns and Lowe",2021-02-13,2022-02-12,Elite Plus,North America,Jerald James,5543,364,5558.23
5920,"Harris, Crooks and Ferry",2021-08-30,2022-08-29,Elite Plus,North America,Marsha Aguilar,5541,364,5556.22
6237,"Stark, Murray and Rogahn",2020-12-09,2021-12-08,Elite Plus,Europe,Celia Clayton,5539,364,5554.22
3731,Stehr LLC,2021-02-18,2022-02-17,Elite Plus,Asia,Tomas Glover,5539,364,5554.22
427,Zboncak LLC,2021-04-11,2024-04-11,Elite Plus,North America,Marshall Lawson,16677,1096,5553.93
7757,Gaylord LLC,2018-08-24,2019-08-23,Classic,North America,Walter Sacha,5538,364,5553.21
473,Pimpernel - Gaylord,2020-03-31,2021-03-30,Elite Plus,Latin America,Ross Hines,5532,364,5547.2
6443,Streich - Kiehn,2020-05-06,2021-05-05,Classic,North America,Celia Clayton,5531,364,5546.2
643,"Goodwin, O'Reilly and Buckridge",2020-01-15,2021-01-13,Elite Plus,North America,Judy Jacobs,5530,364,5545.19
3409,"Bogisich, Osinski and Gusikowski",2021-11-19,2022-11-18,Classic,North America,Dana Henderson,5528,364,5543.19
1908,Osinski - Kilback,2019-12-09,2020-12-08,Elite Plus,Europe,Angelo Payne,5543,365,5543.0
1959,"Feil, Norman and Mayer",2021-07-03,2022-07-02,Elite Plus,Europe,Marshall Lawson,5513,364,5528.15
2816,Mosciski - Prosacco,2021-07-10,2022-07-09,Elite Plus,North America,Aloyna Gregory,5504,364,5519.12
4950,Lesch - Johnston,2021-10-12,2022-10-11,Elite Plus,North America,Tomas Glover,5498,364,5513.1
2862,"Barton, Heidenreich and Witting",2021-08-05,2022-08-04,Elite Plus,Europe,Jerald James,5497,364,5512.1
1121,"Hahn, Nienow and Baumbach",2021-02-15,2022-02-14,Classic,Asia,Christopher Little,5489,364,5504.08
349,"Schmidt, Weissnat and Fritsch",2021-07-26,2024-07-25,Elite Plus,North America,Angelo Payne,16503,1095,5501.0
6376,Mackerrel LLC,2021-12-07,2022-12-06,Elite Plus,Europe,Aloyna Gregory,5478,364,5493.05
2695,"Kilback, Lockman and Okuneva",2020-04-13,2021-04-12,Elite Plus,Europe,Tomas Glover,5476,364,5491.04
1517,Batz - Aufderhar,2021-07-09,2022-07-08,Elite Plus,North America,Frankie Fletcher,5475,364,5490.04
6103,Stoltenberg - Kassulke,2021-07-29,2023-07-28,Elite Plus,North America,Karl Long,10962,729,5488.52
829,Schimmel LLC,2022-09-23,2023-09-22,Elite Plus,North America,Ramon Garcia,5467,364,5482.02
4510,Zemlak Group,2022-04-22,2022-12-19,Elite Plus,North America,Celia Clayton,3618,241,5479.54
933,Gupta - Agarwal,2020-09-24,2023-09-23,Elite Plus,North America,Walter Sacha,16415,1094,5476.67
6052,Gibson Group,2021-03-18,2021-04-17,Classic,Latin America,Sonja Griffin,450,30,5475.0
4046,Erdman Group,2021-07-11,2022-07-10,Elite Plus,North America,Judy Jacobs,5459,364,5474.0
1028,"Johnson, Farrell and Zieme",2021-02-25,2022-02-24,Elite Plus,North America,Aloyna Gregory,5451,364,5465.98
4596,Renner - Schiller,2023-03-30,2024-03-29,Elite Plus,North America,Judy Jacobs,5464,365,5464.0
4544,Heidenreich - O'Hara,2020-06-22,2021-06-21,Elite Plus,North America,Lonnie May,5449,364,5463.97
2469,"Hintz, McDermott and Walsh",2022-04-22,2023-04-21,Elite Plus,Europe,Phil Baker,5449,364,5463.97
3525,Howe - Gleichner,2021-06-22,2022-06-21,Elite Plus,North America,Grant Cortez,5438,364,5452.94
7334,Zieme-Hermann,2018-12-03,2019-12-02,Classic,Europe,Grant Cortez,5435,364,5449.93
4883,Johns LLC,2021-12-19,2022-12-18,Elite Plus,North America,Lonnie May,5431,364,5445.92
6469,Crist - Pagac,2021-07-30,2023-07-29,Classic,Europe,Tomas Glover,10871,729,5442.96
5240,"Lowe, Weimann and Mertz",2020-04-05,2021-04-04,Elite Plus,Asia,Marsha Aguilar,5423,364,5437.9
5402,"Marks, Daniel and Larson",2021-12-22,2023-12-21,Classic,Latin America,Marsha Aguilar,10850,729,5432.44
1992,Wiza - Robel,2020-12-16,2021-12-15,Classic,North America,Frankie Fletcher,5417,364,5431.88
7310,West-Witting,2019-02-06,2020-02-05,Classic,North America,Celia Clayton,5416,364,5430.88
1915,Gupta - Hessel,2021-08-21,2022-08-20,Elite Plus,Europe,Angelo Payne,5415,364,5429.88
2,Hyatt Group,2021-01-30,2024-01-29,Elite Plus,Latin America,Grant Cortez,16266,1094,5426.96
6705,Smitham Inc,2021-03-08,2022-03-07,Elite Plus,North America,Frankie Fletcher,5410,364,5424.86
430,"Hermann, Bernier and Watsica",2021-04-24,2022-04-23,Classic,Europe,Cecelia Burgess,5401,364,5415.84
5694,Dietrich - Klocko,2021-10-26,2022-10-25,Elite Plus,Asia,Angelo Payne,5400,364,5414.84
4580,Renner - Schiller,2022-01-30,2023-01-29,Elite Plus,North America,Judy Jacobs,5397,364,5411.83
6481,Greenholt LLC,2020-10-15,2023-10-14,Elite Plus,Europe,Alton Hunt,16210,1094,5408.27
2106,"Block, Gerhold and Pollich",2021-06-13,2022-06-12,Elite Plus,Europe,Alton Hunt,5387,364,5401.8
5486,Metz Inc,2021-11-25,2024-11-24,Elite Plus,North America,Patty Ingram,16187,1095,5395.67
709,"White, Keeling and Jakubowski",2021-10-14,2022-10-13,Elite Plus,North America,Sonja Griffin,5378,364,5392.77
3876,Douglas - Schaden,2021-03-25,2021-12-16,Elite Plus,North America,Cecelia Burgess,3929,266,5391.3
2986,Schaden Group,2020-10-16,2021-02-15,Elite Plus,Europe,Alice Cole,1802,122,5391.23
2096,Stark - Moen,2023-06-05,2024-06-04,Elite Plus,Europe,Christopher Little,5388,365,5388.0
715,Rogahn - Albertson,2022-08-03,2023-08-02,Elite Plus,Asia,Alice Cole,5369,364,5383.75
301,O'Keefe - Skiles,2021-03-19,2022-12-18,Elite Plus,Europe,Sonja Griffin,9425,639,5383.61
1246,Purdy Inc,2021-10-16,2021-11-15,Classic,Europe,Sonja Griffin,442,30,5377.67
3611,Schimmel - Weber,2021-07-05,2021-08-04,Classic,Latin America,Tomas Glover,442,30,5377.67
1770,Hane - Oberbrunner,2021-04-18,2021-11-30,Elite Plus,Asia,Judy Jacobs,3327,226,5373.25
5753,Hyatt - Schmitt,2022-08-19,2023-08-18,Elite Plus,Europe,Frankie Fletcher,5356,364,5370.71
3739,McClure LLC,2021-07-20,2022-07-19,Classic,Asia,Lonnie May,5353,364,5367.71
2941,Quitzon Group,2021-07-14,2022-07-13,Elite Plus,Europe,Grant Cortez,5353,364,5367.71
2958,Barton - Jerde,2020-08-14,2021-10-13,Classic,Latin America,Frankie Fletcher,6248,425,5365.93
25,Towne - Kub,2021-05-09,2021-06-08,Classic,Latin America,Alton Hunt,441,30,5365.5
23,Towne - Kub,2021-02-04,2021-03-06,Classic,Europe,Alton Hunt,441,30,5365.5
1062,Frost - Wehner,2021-05-23,2022-05-22,Elite Plus,Europe,Judy Jacobs,5345,364,5359.68
7608,Bayer LLC,2018-10-10,2019-10-09,Classic,North America,Cecelia Burgess,5341,364,5355.67
3534,Crist Group,2021-01-11,2022-01-10,Elite Plus,Asia,Walter Sacha,5327,364,5341.63
3211,Stantner and Sons,2021-03-21,2023-10-20,Classic,North America,Ramon Garcia,13800,943,5341.46
103,Bechel - Luettgen,2021-04-14,2022-10-14,Classic,Latin America,Jerald James,8011,548,5335.79
1116,"Hahn, Nienow and Baumbach",2019-11-23,2020-11-23,Classic,Asia,Christopher Little,5342,366,5327.4
9,Towne - Kub,2021-05-27,2021-08-07,Classic,Europe,Alton Hunt,1050,72,5322.92
2037,Ondricka - Sipes,2020-09-16,2023-11-17,Elite Plus,North America,Grant Cortez,16866,1157,5320.73
39,"Lind, Turcotte and Kozey",2021-11-01,2024-10-31,Elite Plus,Latin America,Ross Hines,15946,1095,5315.33
3039,Tanner Inc,2021-03-12,2022-03-11,Elite Plus,North America,Karl Long,5298,364,5312.55
6396,"Quigley, Veum and Reilly",2019-11-05,2020-11-04,Elite Plus,North America,Angelo Payne,5306,365,5306.0
2493,Schmidt - McClure,2021-07-25,2021-08-23,Classic,Latin America,Phil Baker,421,29,5298.79
3076,O'Kon - Weber,2020-10-30,2021-10-29,Elite Plus,North America,Grant Cortez,5284,364,5298.52
4512,Zemlak Group,2021-03-26,2022-03-25,Elite Plus,North America,Celia Clayton,5279,364,5293.5
5010,Butler LLC,2020-12-12,2021-01-11,Classic,North America,Celia Clayton,435,30,5292.5
62,Lind and Sons,2020-01-28,2021-01-27,Elite Plus,Europe,Karl Long,5292,365,5292.0
6617,Purdy LLC,2021-06-29,2022-06-28,Classic,North America,Ross Hines,5272,364,5286.48
4428,Rath Group,2020-03-11,2021-03-10,Elite Plus,North America,Frankie Fletcher,5270,364,5284.48
1175,"Zamber, Gaverman and Hableton",2021-08-30,2022-02-15,Elite Plus,Europe,Lonnie May,2446,169,5282.78
4767,Jerde - Jacobi,2021-05-28,2022-05-27,Classic,Europe,Frankie Fletcher,5266,364,5280.47
3281,Russel - Botsford,2021-01-02,2022-01-01,Elite Plus,Asia,Patty Ingram,5259,364,5273.45
4171,Smith - Rice,2021-01-28,2022-01-27,Elite Plus,Europe,Ross Hines,5258,364,5272.45
3639,"Shields, Kassulke and Purdy",2021-07-08,2023-07-07,Elite Plus,Europe,Dana Henderson,10516,729,5265.21
7544,"O'Connell, Agarwalms and Windler",2019-06-16,2020-06-15,Classic,North America,Alton Hunt,5264,365,5264.0
5313,"Quigley, Champlin and Ondricka",2020-10-23,2021-10-22,Classic,North America,Angelo Payne,5242,364,5256.4
5270,Schmeler - Ankunding,2022-07-17,2023-07-16,Elite Plus,North America,John Sacker,5229,364,5243.37
6762,Davis - Hyatt,2021-01-14,2022-01-13,Classic,Latin America,Lonnie May,5228,364,5242.36
6178,"Dietrich, Larson and Murazik",2020-12-30,2021-12-29,Elite Plus,Europe,Christopher Little,5228,364,5242.36
183,"Ortiz, Reilly and Aberly",2020-11-26,2022-11-25,Elite Plus,Europe,Alice Cole,10468,729,5241.18
3162,Krajcik - Bundel,2020-11-11,2021-11-10,Elite Plus,Europe,Marsha Aguilar,5224,364,5238.35
3113,"Breitenberg, Stroman and Heaney",2020-11-05,2021-11-04,Elite Plus,North America,Karl Long,5220,364,5234.34
3453,Effertz Inc,2020-12-19,2021-12-18,Classic,Europe,Christopher Little,5211,364,5225.32
1178,"Zamber, Gaverman and Hableton",2021-10-29,2022-10-28,Elite Plus,Europe,Lonnie May,5211,364,5225.32
5870,"Dicki, Bosco and Rempel",2021-11-29,2022-11-28,Elite Plus,North America,Grant Cortez,5206,364,5220.3
394,Zboncak LLC,2020-12-19,2021-12-18,Elite Plus,North America,Marshall Lawson,5206,364,5220.3
1429,"West, Toy and Cummings",2020-10-26,2021-10-25,Elite Plus,North America,Grant Cortez,5202,364,5216.29
1510,"Schmeler, Schmitt and Frami",2020-06-27,2021-06-26,Classic,North America,Walter Sacha,5200,364,5214.29
5610,Funk LLC,2020-08-22,2021-08-21,Elite Plus,Europe,Tomas Glover,5198,364,5212.28
8183,West-Marks,2018-12-13,2019-12-12,Classic,North America,Phil Baker,5197,364,5211.28
2699,"Kilback, Lockman and Okuneva",2021-01-18,2021-10-19,Elite Plus,Europe,Tomas Glover,3912,274,5211.24
7205,Gorczany-Lind,2018-07-12,2018-07-23,Classic,Europe,Celia Clayton,157,11,5209.55
6548,"Brekke, Goodwin and Purdy",2021-12-05,2024-12-04,Elite Plus,North America,Celia Clayton,15613,1095,5204.33
953,Keeling - Koelpin,2021-02-22,2022-02-21,Elite Plus,North America,Lonnie May,5189,364,5203.26
5904,"Schmitt, Grady and Dickens",2021-04-21,2022-04-20,Elite Plus,North America,Angelo Payne,5186,364,5200.25
6694,"Volkman, Krajcik and Volkman",2021-01-20,2022-02-19,Elite Plus,Europe,Judy Jacobs,5627,395,5199.63
5715,Feil - Breitenberg,2020-06-18,2021-06-17,Elite Plus,North America,Judy Jacobs,5182,364,5196.24
3329,"Orn, Ruecker and Hegmann",2021-08-12,2022-08-12,Classic,North America,Walter Sacha,5187,365,5187.0
3239,Walsh - Dare,2021-04-03,2022-04-02,Elite Plus,North America,Celia Clayton,5172,364,5186.21
4062,Prohaska and Sons,2020-02-11,2021-02-09,Elite Plus,Asia,Ross Hines,5170,364,5184.2
4089,"Schulist, Abtel and Wilderman",2021-09-17,2021-10-17,Classic,Europe,Ross Hines,426,30,5183.0
778,Ponting LLC,2021-08-06,2022-08-05,Elite Plus,North America,Marsha Aguilar,5166,364,5180.19
6581,Ondricka - Casper,2020-04-25,2021-04-24,Elite Plus,North America,Sonja Griffin,5155,364,5169.16
1980,Davis and Sons,2021-07-09,2022-07-08,Elite Plus,North America,Aloyna Gregory,5154,364,5168.16
2090,Donnelly and Sons,2021-04-04,2022-04-04,Classic,North America,Walter Sacha,5165,365,5165.0
5483,Metz Inc,2020-12-10,2021-09-19,Elite Plus,North America,Patty Ingram,4004,283,5164.17
803,Schimmel LLC,2020-09-10,2021-09-09,Elite Plus,North America,Ramon Garcia,5144,364,5158.13
5235,Stark LLC,2020-09-18,2021-09-17,Classic,North America,Micheal Williams,5142,364,5156.13
6641,"Oberbrunner, Ritchie and Labadie",2022-04-22,2023-04-21,Elite Plus,Europe,Cecelia Burgess,5138,364,5152.12
5221,Aufderhar and Sons,2021-11-15,2021-12-14,Classic,Latin America,Alton Hunt,409,29,5147.76
4860,Muller - Reichert,2021-03-24,2021-04-22,Classic,North America,John Sacker,409,29,5147.76
22,Towne - Kub,2021-06-01,2021-06-30,Classic,Europe,Alton Hunt,409,29,5147.76
4119,Dickinson Inc,2021-02-26,2022-02-25,Elite Plus,North America,Patty Ingram,5131,364,5145.1
4880,Stamm -Truman,2020-11-23,2021-11-22,Classic,Europe,Sonja Griffin,5129,364,5143.09
6148,"Dietrich, Larson and Murazik",2020-11-29,2021-11-28,Elite Plus,Europe,Christopher Little,5124,364,5138.08
160,Schroeder - Larkin,2021-11-24,2022-11-23,Elite Plus,North America,Dana Henderson,5124,364,5138.08
5897,Medhurst Group,2020-06-01,2021-05-31,Elite Plus,North America,Christopher Little,5122,364,5136.07
1184,Leannon and Sons,2021-12-16,2022-12-15,Elite Plus,North America,Celia Clayton,5115,364,5129.05
4672,Mohr LLC,2020-10-26,2021-10-25,Elite Plus,Asia,Celia Clayton,5114,364,5128.05
6924,"Keeling, Jacobson and Boyer",2019-07-19,2020-07-18,Classic,North America,Jerald James,5112,365,5112.0
1020,Koss - Streich,2021-05-18,2021-06-17,Classic,North America,Karl Long,420,30,5110.0
2064,Gleason and Sons,2020-10-10,2021-10-09,Elite Plus,North America,John Sacker,5093,364,5106.99
527,Orn - Brown,2020-11-26,2021-11-25,Classic,Europe,Walter Sacha,5093,364,5106.99
2720,Halvorson and Sons,2021-02-15,2022-02-14,Classic,Latin America,Marshall Lawson,5090,364,5103.98
4165,Lebsack - Batz,2020-12-06,2023-12-05,Elite Plus,Europe,Phil Baker,15290,1094,5101.33
4630,"Watsica, Leannon and McCullough",2020-10-09,2021-10-08,Classic,North America,Phil Baker,5084,364,5097.97
2296,Wiza and Sons,2022-07-26,2022-08-25,Elite Plus,Europe,Christopher Little,419,30,5097.83
5553,"Wyman, Harber and Jakubowski",2021-08-26,2022-08-25,Elite Plus,North America,Marshall Lawson,5077,364,5090.95
2188,Collins - Rosenbaum,2020-10-21,2022-10-20,Elite Plus,Europe,Ramon Garcia,10164,729,5088.97
5297,Nikolaus - Daniel,2021-07-10,2022-07-09,Elite Plus,Europe,John Sacker,5074,364,5087.94
2280,"Hintz, Bogan and Breitenberg",2021-12-14,2024-12-13,Elite Plus,Europe,Marsha Aguilar,15243,1095,5081.0
1855,Grant LLC,2020-06-03,2021-06-02,Elite Plus,North America,Karl Long,5066,364,5079.92
3252,Reynolds - Goodwin,2021-03-20,2022-03-19,Elite Plus,North America,Cecelia Burgess,5059,364,5072.9
541,Harvey and Sons,2021-01-17,2022-01-16,Elite Plus,Asia,Walter Sacha,5058,364,5071.9
6160,"Dietrich, Larson and Murazik",2020-10-29,2021-10-28,Elite Plus,Europe,Christopher Little,5054,364,5067.88
375,Gislason Group,2021-07-21,2022-07-20,Classic,North America,Christopher Little,5054,364,5067.88
5290,Skiles Group,2021-05-16,2022-05-15,Elite Plus,North America,Lonnie May,5053,364,5066.88
4568,"Lynch, Kassulke and Blanda",2021-03-02,2022-03-01,Elite Plus,North America,Karl Long,5045,364,5058.86
5584,"Keeling, Jakubowski and Crist",2019-12-24,2020-12-23,Elite Plus,North America,Aloyna Gregory,5056,365,5056.0
5052,Collier - Skiles,2020-11-30,2021-11-29,Elite Plus,Europe,Sonja Griffin,5037,364,5050.84
1536,Mann - Hane,2020-11-05,2023-11-04,Elite Plus,Asia,Dana Henderson,15130,1094,5047.94
1798,Schuster - Torp,2020-05-31,2021-05-30,Elite Plus,North America,Ramon Garcia,5033,364,5046.83
5164,Fahey and Sons,2020-10-09,2020-11-08,Classic,Asia,Judy Jacobs,414,30,5037.0
1024,Koss - Streich,2021-10-05,2022-10-04,Classic,North America,Karl Long,5021,364,5034.79
1537,Mann - Hane,2020-06-27,2021-06-26,Elite Plus,Asia,Dana Henderson,5018,364,5031.79
2297,Wiza and Sons,2020-09-21,2021-09-20,Elite Plus,Europe,Christopher Little,5018,364,5031.79
76,Toy - Butler,2021-09-12,2024-09-11,Classic,North America,Aloyna Gregory,15087,1095,5029.0
5371,"Kutch, Larson and Boone",2021-09-24,2024-08-22,Elite Plus,North America,Grant Cortez,14645,1063,5028.62
5639,"Stiedemann, Labadie and Prosacco",2021-11-28,2022-11-27,Elite Plus,North America,Ramon Garcia,5013,364,5026.77
1242,Purdy Inc,2021-09-16,2021-10-16,Classic,Europe,Sonja Griffin,413,30,5024.83
3532,Crist Group,2020-05-02,2021-05-01,Elite Plus,Asia,Walter Sacha,5009,364,5022.76
3953,"Lang, Mitchell and Grant",2020-03-19,2021-03-19,Classic,North America,Celia Clayton,5020,365,5020.0
7111,Zieme-Hermann,2019-03-21,2020-03-20,Classic,Europe,Grant Cortez,5020,365,5020.0
1503,Deckow and Sons,2020-09-11,2021-09-10,Classic,North America,Celia Clayton,4999,364,5012.73
2253,Hoeger Group,2021-02-12,2022-02-11,Elite Plus,Europe,Ramon Garcia,4999,364,5012.73
7312,Reichel-Heidenreich,2018-06-23,2019-06-22,Classic,Europe,Patty Ingram,4999,364,5012.73
3805,Ferry Inc,2021-01-21,2022-02-19,Elite Plus,Asia,Karl Long,5409,394,5010.88
962,Mosciski and Sons,2020-08-06,2021-08-06,Classic,Europe,Judy Jacobs,5009,365,5009.0
1767,Hane - Oberbrunner,2020-12-30,2022-02-03,Elite Plus,Asia,Judy Jacobs,5489,400,5008.71
6614,Purdy LLC,2019-11-24,2020-11-23,Classic,North America,Ross Hines,5006,365,5006.0
2181,Collins - Rosenbaum,2020-09-12,2022-09-11,Elite Plus,Europe,Ramon Garcia,9997,729,5005.36
4083,"Osinski, Farrell and Kutch",2021-06-21,2022-06-20,Elite Plus,Europe,Marsha Aguilar,4979,364,4992.68
4792,"Daniel, Roberts and Weimann",2020-02-13,2021-02-12,Classic,Latin America,Christopher Little,4992,365,4992.0
4466,Zemlak Group,2020-11-09,2020-12-20,Elite Plus,North America,Celia Clayton,560,41,4985.37
2934,Homenick - Jacobi,2021-06-16,2022-06-15,Classic,North America,Celia Clayton,4968,364,4981.65
2014,"Altenwerth, Beahan and Buckridge",2021-04-16,2022-10-15,Classic,Latin America,Ross Hines,7461,547,4978.55
5026,Butler LLC,2021-09-23,2022-09-23,Classic,North America,Celia Clayton,4978,365,4978.0
6758,Reilly LLC,2021-03-13,2022-03-12,Classic,Europe,Frankie Fletcher,4964,364,4977.64
6492,"Russel, White and Koepp",2021-07-10,2022-04-18,Elite Plus,Europe,Ross Hines,3844,282,4975.39
6277,Blanda - Kerluke,2021-04-01,2022-03-31,Classic,Latin America,Celia Clayton,4956,364,4969.62
5944,"Howe, Stiedemann and Larson",2020-03-31,2021-03-31,Elite Plus,North America,Jerald James,4967,365,4967.0
4393,Kilback - Kuphal,2021-09-24,2021-10-24,Classic,North America,Ramon Garcia,408,30,4964.0
1853,Hintz and Sons,2021-01-17,2021-07-19,Elite Plus,North America,Cecelia Burgess,2488,183,4962.4
7750,"Rumsfeld, Batz and Heaney",2018-06-07,2019-06-06,Elite Plus,North America,Celia Clayton,4947,364,4960.59
3577,Gottlieb - Huel,2021-04-05,2021-07-04,Elite Plus,Europe,Grant Cortez,1222,90,4955.89
6207,"Dietrich, Larson and Murazik",2021-01-30,2022-01-29,Elite Plus,Europe,Christopher Little,4939,364,4952.57
4606,Renner - Schiller,2023-03-05,2024-03-04,Elite Plus,North America,Judy Jacobs,4950,365,4950.0
6560,"Bogan, Bogisich and Ernser",2021-08-19,2021-09-17,Classic,Latin America,Ramon Garcia,393,29,4946.38
7018,Bon Ltd,2019-08-29,2020-08-28,Elite Plus,Latin America,Walter Sacha,4945,365,4945.0
6759,Corkery - Tanner,2021-08-20,2022-02-17,Elite Plus,Europe,Patty Ingram,2449,181,4938.59
1738,"Auer, Jones and Agarwal",2020-04-08,2021-04-07,Elite Plus,Europe,Alice Cole,4925,364,4938.53
5298,Nikolaus - Daniel,2021-09-23,2022-09-22,Elite Plus,Europe,John Sacker,4925,364,4938.53
5500,"Koss, Kub and Hartmann",2021-05-02,2021-05-31,Classic,Latin America,Ramon Garcia,392,29,4933.79
4348,Weimann and Sons,2021-04-29,2022-04-28,Elite Plus,North America,Aloyna Gregory,4920,364,4933.52
3202,Metz LLC,2020-12-04,2021-12-03,Elite Plus,North America,Marshall Lawson,4918,364,4931.51
6507,SchamBundelr - Huels,2022-06-05,2023-06-04,Elite Plus,Europe,John Sacker,4918,364,4931.51
1441,"Schneider, Champlin and O'Connell",2019-09-29,2020-09-28,Elite Plus,North America,Micheal Williams,4931,365,4931.0
4973,"Kuhlman, Schulist and Wisozk",2021-05-05,2022-05-04,Classic,Latin America,Dana Henderson,4910,364,4923.49
2556,Murray - Dicki,2021-07-01,2022-06-30,Elite Plus,North America,Christopher Little,4903,364,4916.47
5893,"Gleichner, Nikolaus and Raynor",2021-04-06,2021-05-05,Classic,North America,Frankie Fletcher,390,29,4908.62
2200,"Purdy, Howe and Cassin",2019-10-31,2020-04-30,Elite Plus,Europe,Marshall Lawson,2446,182,4905.44
522,"O'Conner, Klocko and Davis",2021-11-23,2022-11-22,Elite Plus,North America,Christopher Little,4891,364,4904.44
5736,Kessler - Fahey,2021-09-03,2021-10-03,Classic,Latin America,Christopher Little,403,30,4903.17
1998,Wiza - Robel,2021-06-01,2021-07-01,Classic,North America,Frankie Fletcher,403,30,4903.17
1475,"Cummings, Pollich and Hoppe",2021-11-16,2022-11-15,Elite Plus,North America,Ross Hines,4886,364,4899.42
6157,"Dietrich, Larson and Murazik",2022-09-15,2023-04-09,Elite Plus,Europe,Christopher Little,2759,206,4888.52
2299,Wiza and Sons,2020-11-07,2022-05-08,Elite Plus,Europe,Christopher Little,7325,547,4887.8
207,"Avelona,, Jacuz and Mikhael",2021-07-10,2024-07-09,Classic,Asia,Patty Ingram,14638,1095,4879.33
1549,Koss Inc,2020-05-15,2021-05-16,Classic,North America,Christopher Little,4887,366,4873.65
555,Harvey and Sons,2021-11-24,2023-02-15,Elite Plus,Asia,Walter Sacha,5976,448,4868.84
5363,Bosco and Sons,2021-05-12,2022-05-12,Classic,Latin America,Karl Long,4868,365,4868.0
2609,Metz - Sporer,2021-09-04,2024-09-03,Classic,North America,Grant Cortez,14593,1095,4864.33
1724,Smitham Group,2019-09-30,2020-09-29,Elite Plus,North America,Jerald James,4862,365,4862.0
3904,Kreiger - Russel,2021-05-30,2022-05-29,Elite Plus,North America,Phil Baker,4842,364,4855.3
1089,Wuckert - Collier,2022-10-06,2023-05-06,Elite Plus,Europe,Angelo Payne,2816,212,4848.3
4736,"Gutkowski, Windler and Kunze",2021-11-22,2022-11-21,Classic,Latin America,Celia Clayton,4827,364,4840.26
6586,Ondricka - Casper,2020-12-24,2021-12-23,Elite Plus,North America,Sonja Griffin,4826,364,4839.26
3056,Marks LLC,2021-09-07,2022-09-06,Elite Plus,Asia,Lonnie May,4820,364,4833.24
3149,Aufderhar LLC,2021-05-31,2022-05-30,Elite Plus,North America,Micheal Williams,4815,364,4828.23
6619,Hartmann Group,2020-05-30,2021-05-29,Elite Plus,Asia,Walter Sacha,4811,364,4824.22
3057,Marks LLC,2021-09-13,2022-09-12,Elite Plus,Asia,Lonnie May,4804,364,4817.2
1449,"Schneider, Champlin and O'Connell",2019-11-30,2020-11-29,Elite Plus,North America,Micheal Williams,4815,365,4815.0
4627,Vandervort LLC,2021-04-01,2022-04-01,Classic,Europe,Christopher Little,4815,365,4815.0
3704,"Fay, White and Ziemann",2020-09-09,2021-09-08,Classic,North America,Patty Ingram,4801,364,4814.19
2805,Mosciski - Prosacco,2020-11-23,2021-11-22,Elite Plus,North America,Aloyna Gregory,4801,364,4814.19
2767,Jast - Balistreri,2022-04-23,2023-01-22,Elite Plus,North America,Lonnie May,3605,274,4802.28
4805,Barrows - King,2021-05-08,2022-05-07,Classic,Europe,Marsha Aguilar,4784,364,4797.14
1557,"Heaney, Robel and Simonis",2020-03-23,2021-03-22,Elite Plus,North America,Grant Cortez,4780,364,4793.13
4135,Hilpert - Kub,2021-02-16,2022-02-15,Classic,North America,Marsha Aguilar,4779,364,4792.13
3986,Kunze and Sons,2020-08-20,2021-08-19,Elite Plus,North America,Aloyna Gregory,4779,364,4792.13
1283,"Trantow, Dickens and Rogahn",2021-03-03,2022-03-02,Elite Plus,North America,Celia Clayton,4779,364,4792.13
4299,Weber Inc,2021-04-29,2023-04-28,Classic,Latin America,Ramon Garcia,9568,729,4790.56
2599,Stehr and Sons,2020-07-31,2021-07-30,Classic,Latin America,Phil Baker,4777,364,4790.12
4800,Rice - Waelchi,2020-05-23,2021-05-22,Classic,North America,Celia Clayton,4776,364,4789.12
3590,Gottlieb - Huel,2021-11-24,2022-02-21,Elite Plus,Europe,Grant Cortez,1167,89,4786.01
603,"Belfact, Balistreri and Kreiger",2020-05-06,2021-05-05,Elite Plus,North America,Tomas Glover,4764,364,4777.09
6150,"Dietrich, Larson and Murazik",2023-01-05,2023-07-30,Elite Plus,Europe,Christopher Little,2694,206,4773.35
3088,O'Kon - Weber,2021-07-31,2023-07-30,Elite Plus,North America,Grant Cortez,9531,729,4772.04
2127,Gupta LLC,2021-08-27,2024-12-12,Elite Plus,North America,Marsha Aguilar,15722,1203,4770.18
1066,Cassin - Tillman,2021-05-06,2022-05-05,Elite Plus,Europe,Karl Long,4753,364,4766.06
1123,"Hahn, Nienow and Baumbach",2021-02-17,2022-02-16,Classic,Asia,Christopher Little,4752,364,4765.05
2814,Mosciski - Prosacco,2021-08-23,2022-08-22,Elite Plus,North America,Aloyna Gregory,4750,364,4763.05
3648,Lakin - Glover,2021-02-23,2024-02-23,Elite Plus,North America,Phil Baker,14286,1095,4762.0
6671,McKinnon - Jerde,2020-09-22,2021-09-21,Elite Plus,Latin America,Karl Long,4746,364,4759.04
3461,Barrows LLC,2021-03-01,2022-02-28,Elite Plus,North America,Grant Cortez,4743,364,4756.03
4562,"Butler, Veum and Pouros",2020-07-18,2021-07-17,Elite Plus,North America,Karl Long,4739,364,4752.02
3452,Gutkowski - Sauer,2020-09-27,2021-09-26,Elite Plus,Europe,Dana Henderson,4729,364,4741.99
6328,"Strosin, McGlynn and Emmerich",2020-10-03,2021-10-02,Elite Plus,North America,Ross Hines,4729,364,4741.99
5503,"Koss, Kub and Hartmann",2021-07-16,2022-07-15,Classic,Europe,Ramon Garcia,4726,364,4738.98
4350,Weimann and Sons,2021-06-22,2022-06-21,Classic,North America,Aloyna Gregory,4722,364,4734.97
4634,"Watsica, Leannon and McCullough",2021-07-08,2021-08-07,Classic,North America,Phil Baker,389,30,4732.83
3218,Vandervort - Upton,2020-02-19,2021-02-18,Elite Plus,North America,John Sacker,4731,365,4731.0
206,"Avelona,, Jacuz and Mikhael",2020-10-08,2021-10-07,Elite Plus,Asia,Patty Ingram,4712,364,4724.95
3357,Hammes and Sons,2020-12-02,2021-12-01,Elite Plus,Europe,Karl Long,4712,364,4724.95
1940,"Huels, Pollich and Jacobi",2020-09-15,2021-09-14,Elite Plus,North America,Karl Long,4709,364,4721.94
2687,Lesch Inc,2021-04-25,2022-04-25,Classic,Europe,Karl Long,4718,365,4718.0
470,Johnson - Kulas,2021-07-11,2022-07-10,Classic,Europe,Marshall Lawson,4698,364,4710.91
3576,Gottlieb - Huel,2020-08-05,2021-05-05,Elite Plus,Europe,Grant Cortez,3523,273,4710.24
6688,Reichel - Leannon,2022-04-30,2023-04-29,Elite Plus,Latin America,Celia Clayton,4690,364,4702.88
145,Schaden LLC,2022-06-04,2022-12-03,Classic,Latin America,Christopher Little,2345,182,4702.88
6156,"Dietrich, Larson and Murazik",2023-02-08,2023-08-27,Elite Plus,Europe,Christopher Little,2576,200,4701.2
6462,Oberbrunner Inc,2020-10-28,2021-10-27,Elite Plus,Europe,Karl Long,4686,364,4698.87
4017,"Bode, Bartoletti and Schultz",2020-02-03,2021-02-02,Elite Plus,North America,John Sacker,4698,365,4698.0
5404,"Collier, Ortiz and Marquardt",2020-07-15,2021-07-14,Classic,North America,Ramon Garcia,4674,364,4686.84
3592,Bundel Inc,2021-02-13,2022-02-12,Classic,Europe,Grant Cortez,4669,364,4681.83
2375,Nader Group,2019-11-06,2020-11-05,Classic,Asia,Lonnie May,4681,365,4681.0
6155,"Dietrich, Larson and Murazik",2022-02-02,2023-02-01,Elite Plus,Europe,Christopher Little,4668,364,4680.82
3174,Grant Inc,2021-04-29,2022-04-29,Classic,Europe,Cecelia Burgess,4677,365,4677.0
479,"Klocko, Runolfsson and Langosh",2020-06-17,2021-06-16,Elite Plus,North America,Ross Hines,4664,364,4676.81
699,"White, Keeling and Jakubowski",2020-09-22,2021-09-21,Elite Plus,North America,Sonja Griffin,4663,364,4675.81
4385,Denesik and Sons,2020-11-09,2021-11-08,Elite Plus,Europe,Karl Long,4661,364,4673.8
5473,Kertzmann - Langworth,2021-08-10,2022-08-09,Elite Plus,North America,Marshall Lawson,4660,364,4672.8
2404,"Tromp, Gillespie and Pimpernel",2020-07-17,2021-07-16,Elite Plus,North America,Judy Jacobs,4656,364,4668.79
3322,Legros - Klocko,2020-12-07,2022-04-08,Elite Plus,North America,Patty Ingram,6221,487,4662.56
4549,Effertz Group,2020-05-12,2021-05-11,Elite Plus,North America,Ramon Garcia,4649,364,4661.77
4071,"Gulgowski, Lang and Mosciski",2021-10-27,2022-01-25,Elite Plus,Asia,Cecelia Burgess,1149,90,4659.83
6158,"Dietrich, Larson and Murazik",2021-02-05,2022-02-04,Elite Plus,Europe,Christopher Little,4644,364,4656.76
4169,Smith - Rice,2019-12-13,2020-12-12,Elite Plus,Europe,Ross Hines,4650,365,4650.0
226,Nader LLC,2020-02-15,2021-02-14,Elite Plus,Europe,Marshall Lawson,4647,365,4647.0
6642,"Oberbrunner, Ritchie and Labadie",2020-02-27,2021-02-26,Elite Plus,Europe,Cecelia Burgess,4647,365,4647.0
862,"Stantner, Ponting and Rosenbaum",2021-06-24,2022-06-23,Classic,North America,Alice Cole,4632,364,4644.73
3483,Runte LLC,2021-08-08,2022-08-07,Classic,North America,Sonja Griffin,4631,364,4643.72
3682,"Schmitt, Purdy and Reichel",2022-06-05,2023-06-04,Elite Plus,North America,Christopher Little,4631,364,4643.72
6835,Rosenbaum-Ziemann,2019-09-22,2020-09-21,Classic,North America,Walter Sacha,4640,365,4640.0
4661,"Rodriguez, Miller and Johnston",2021-07-04,2022-05-03,Elite Plus,Asia,Aloyna Gregory,3849,303,4636.58
5301,Nikolaus - Daniel,2022-05-13,2023-05-12,Elite Plus,Europe,John Sacker,4622,364,4634.7
2304,Wiza and Sons,2021-08-29,2022-08-28,Elite Plus,Europe,Christopher Little,4617,364,4629.68
3390,Rippin Inc,2021-05-31,2021-11-02,Elite Plus,North America,Tomas Glover,1965,155,4627.26
5834,"Tremblay, Schroeder and Cassle",2020-01-29,2021-01-28,Elite Plus,North America,Sonja Griffin,4625,365,4625.0
60,Lind and Sons,2021-03-09,2022-03-08,Elite Plus,Europe,Karl Long,4612,364,4624.67
2276,"Kutch, Gerhold and Quitzon",2023-09-14,2024-09-13,Elite Plus,Europe,Karl Long,4624,365,4624.0
5608,Funk LLC,2020-08-22,2021-08-21,Elite Plus,Europe,Tomas Glover,4605,364,4617.65
4625,Vandervort LLC,2020-02-17,2021-02-16,Classic,Europe,Christopher Little,4616,365,4616.0
963,Mosciski and Sons,2021-08-17,2022-08-16,Classic,Europe,Judy Jacobs,4599,364,4611.63
5163,Fahey and Sons,2020-09-06,2020-10-06,Classic,Asia,Judy Jacobs,379,30,4611.17
2426,"Tromp, Gillespie and Pimpernel",2021-04-19,2022-04-18,Elite Plus,North America,Judy Jacobs,4596,364,4608.63
2632,"Mayert, Murazik and Ernser",2020-09-30,2021-03-30,Elite Plus,North America,Jerald James,2283,181,4603.84
4086,"Bon, Smith and Kuhic",2021-08-27,2022-08-26,Classic,Latin America,Christopher Little,4591,364,4603.61
4020,"Bode, Bartoletti and Schultz",2021-04-12,2022-04-11,Elite Plus,North America,John Sacker,4579,364,4591.58
4067,"Goyette, Kerluke and Rempel",2021-04-27,2022-04-26,Classic,North America,Aloyna Gregory,4579,364,4591.58
104,"Hayes, Wilderman and Cremin",2020-06-04,2021-06-04,Classic,Latin America,Alton Hunt,4589,365,4589.0
4730,"Hyatt, Mante and D'Amore",2021-07-09,2022-07-09,Classic,Asia,Dana Henderson,4589,365,4589.0
711,Rogahn - Albertson,2020-06-09,2021-06-08,Elite Plus,Asia,Alice Cole,4573,364,4585.56
3170,Grant Inc,2020-08-17,2021-08-16,Classic,Europe,Cecelia Burgess,4572,364,4584.56
5278,Hills LLC,2020-03-03,2021-03-02,Elite Plus,Europe,Angelo Payne,4567,364,4579.55
3192,Wolf - Weber,2021-05-03,2022-05-02,Elite Plus,North America,Alton Hunt,4560,364,4572.53
137,Benjamin Batterbond,2021-11-08,2021-12-07,Classic,North America,Ramon Garcia,363,29,4568.79
5755,Hyatt - Schmitt,2023-11-26,2024-11-25,Elite Plus,Europe,Frankie Fletcher,4561,365,4561.0
5772,Cassle - Mosciski,2022-02-25,2024-02-24,Elite Plus,North America,Christopher Little,9093,729,4552.74
5102,"Belfact, Wintheiser and Beatty",2020-09-29,2021-09-28,Elite Plus,North America,Lonnie May,4539,364,4551.47
1120,"Hahn, Nienow and Baumbach",2020-12-24,2021-12-23,Classic,Asia,Christopher Little,4537,364,4549.46
1099,Wuckert - Collier,2021-05-25,2022-05-24,Elite Plus,Europe,Angelo Payne,4535,364,4547.46
3323,Legros - Klocko,2020-11-14,2022-03-16,Elite Plus,North America,Patty Ingram,6065,487,4545.64
1739,"Auer, Jones and Agarwal",2020-03-01,2021-02-28,Elite Plus,Europe,Alice Cole,4532,364,4544.45
5014,Butler LLC,2020-12-24,2021-01-23,Classic,North America,Celia Clayton,373,30,4538.17
7893,Harvey PLC,2019-09-22,2020-09-21,Classic,North America,Christopher Little,4538,365,4538.0
328,Pouros - Ward,2019-09-29,2020-09-28,Elite Plus,North America,Karl Long,4534,365,4534.0
4602,Renner - Schiller,2023-05-20,2024-05-19,Elite Plus,North America,Judy Jacobs,4527,365,4527.0
3216,Vandervort - Upton,2019-11-28,2020-11-27,Elite Plus,North America,John Sacker,4521,365,4521.0
1753,Chechauski LLC,2020-10-18,2021-10-17,Elite Plus,North America,John Sacker,4508,364,4520.38
4945,Lesch - Johnston,2022-08-30,2023-08-29,Elite Plus,North America,Tomas Glover,4507,364,4519.38
7586,Reynolds Inc,2018-06-13,2019-06-12,Classic,North America,Judy Jacobs,4504,364,4516.37
542,Harvey and Sons,2021-03-06,2022-03-05,Elite Plus,Asia,Walter Sacha,4503,364,4515.37
7032,Boyle LLC,2018-09-04,2019-09-03,Classic,Europe,Grant Cortez,4502,364,4514.37
6450,Streich - Kiehn,2021-04-27,2022-04-26,Classic,North America,Celia Clayton,4502,364,4514.37
3412,Waelchi - Botsford,2021-01-22,2021-02-21,Classic,Latin America,Walter Sacha,371,30,4513.83
319,Rumsfeld and Sons,2020-11-30,2021-11-29,Classic,Latin America,Lonnie May,4496,364,4508.35
2143,"Bayer, Adams and Hilll",2021-08-19,2022-08-18,Elite Plus,Europe,Celia Clayton,4494,364,4506.35
5053,Collier - Skiles,2020-10-15,2021-10-14,Elite Plus,Europe,Sonja Griffin,4491,364,4503.34
1156,"Kirlin, Streich and Wolff",2020-05-23,2021-05-22,Classic,Asia,Grant Cortez,4489,364,4501.33
2582,"Marks, Russel and Hudson",2021-04-15,2022-04-14,Elite Plus,North America,Alice Cole,4484,364,4496.32
2940,Quitzon Group,2020-04-11,2021-04-10,Elite Plus,Europe,Grant Cortez,4484,364,4496.32
3345,Adams Group,2021-06-07,2022-06-06,Elite Plus,North America,Marsha Aguilar,4474,364,4486.29
2144,"Bayer, Adams and Hilll",2021-06-14,2022-06-13,Elite Plus,Europe,Celia Clayton,4474,364,4486.29
217,"Ernser, D'Amore and Gulgowski",2022-08-13,2023-08-12,Elite Plus,Europe,Marsha Aguilar,4466,364,4478.27
4964,Langosh Inc,2020-09-16,2023-09-15,Elite Plus,Europe,Cecelia Burgess,13421,1094,4477.76
1633,Greenholt - Farrell,2020-11-11,2021-11-10,Elite Plus,Asia,Grant Cortez,4465,364,4477.27
4904,Kirlin - Simonis,2020-08-18,2021-08-17,Elite Plus,North America,Frankie Fletcher,4461,364,4473.26
5908,"Harris, Crooks and Ferry",2020-06-06,2021-06-06,Classic,North America,Marsha Aguilar,4472,365,4472.0
5092,"Rogahn, Steuber and Harvey",2021-07-01,2024-06-30,Classic,North America,Aloyna Gregory,13393,1095,4464.33
4854,Muller - Reichert,2020-02-04,2020-11-14,Classic,North America,John Sacker,3472,284,4462.25
5190,"Klein, Emmerich and Farrell",2020-08-27,2021-08-26,Elite Plus,Europe,Lonnie May,4450,364,4462.23
637,"Goodwin, O'Reilly and Buckridge",2020-02-27,2021-02-26,Elite Plus,North America,Judy Jacobs,4460,365,4460.0
3350,Ferry and Sons,2022-04-09,2023-04-08,Elite Plus,Europe,Sonja Griffin,4447,364,4459.22
6561,"Bogan, Bogisich and Ernser",2021-06-22,2021-07-22,Classic,Latin America,Ramon Garcia,366,30,4453.0
1139,"Hahn, Nienow and Baumbach",2022-02-08,2022-04-05,Classic,Asia,Christopher Little,683,56,4451.7
4142,Reichert - Hirthe,2019-11-06,2020-11-05,Elite Plus,North America,Alice Cole,4447,365,4447.0
4632,"Watsica, Leannon and McCullough",2021-04-09,2021-05-08,Classic,North America,Phil Baker,353,29,4442.93
2714,Mertz - Boone,2020-10-02,2021-10-01,Classic,Europe,Alton Hunt,4424,364,4436.15
2315,"Reynolds, Beier and Agarwalms",2021-07-27,2022-07-26,Classic,Europe,Ross Hines,4419,364,4431.14
4437,Rath Group,2021-12-18,2022-12-17,Elite Plus,North America,Frankie Fletcher,4418,364,4430.14
3304,"Norman, Beer and Kassulke",2020-10-05,2021-10-04,Classic,Latin America,Angelo Payne,4416,364,4428.13
3690,Rippin and Sons,2020-04-07,2021-04-07,Classic,North America,Aloyna Gregory,4425,365,4425.0
6767,"Kautzer, Haag andTruman",2019-03-24,2020-03-23,Classic,North America,Ross Hines,4422,365,4422.0
2201,"Purdy, Howe and Cassin",2020-07-19,2021-07-19,Classic,Europe,Marshall Lawson,4422,365,4422.0
5543,Goldner Inc,2021-09-06,2022-10-06,Classic,Latin America,Aloyna Gregory,4779,395,4416.04
2576,"Waters, Wyman and Abbott",2020-03-08,2021-03-08,Classic,Latin America,Phil Baker,4412,365,4412.0
8014,Murphy-Rosemont,2019-08-29,2020-08-28,Classic,North America,Lonnie May,4409,365,4409.0
4430,Rath Group,2020-11-22,2021-11-21,Elite Plus,North America,Frankie Fletcher,4393,364,4405.07
5917,"Harris, Crooks and Ferry",2021-06-14,2021-07-14,Classic,North America,Marsha Aguilar,362,30,4404.33
2825,Hyatt Group,2021-06-24,2022-06-23,Classic,North America,Grant Cortez,4392,364,4404.07
1852,Hintz and Sons,2020-10-16,2021-04-14,Elite Plus,North America,Cecelia Burgess,2170,180,4400.28
5000,"Blick, O'Reilly and Pfannerstill",2021-09-04,2024-09-03,Elite Plus,North America,Judy Jacobs,13199,1095,4399.67
757,Sporer Group,2021-08-02,2022-08-01,Elite Plus,Europe,Christopher Little,4385,364,4397.05
5242,"Lowe, Weimann and Mertz",2021-06-06,2022-06-05,Elite Plus,Asia,Marsha Aguilar,4383,364,4395.04
3145,Prohaska and Sons,2021-06-30,2021-07-30,Classic,North America,Ross Hines,361,30,4392.17
6164,"Dietrich, Larson and Murazik",2021-11-27,2022-11-26,Elite Plus,Europe,Christopher Little,4379,364,4391.03
6600,Ondricka - Casper,2021-09-26,2022-09-25,Elite Plus,North America,Sonja Griffin,4372,364,4384.01
334,Pouros - Ward,2020-12-30,2021-07-01,Elite Plus,North America,Karl Long,2198,183,4383.99
7501,Hermiston Group,2019-07-23,2020-07-22,Classic,North America,Angelo Payne,4378,365,4378.0
1693,"Purdy, Hableton and Thiel",2021-01-10,2022-01-09,Classic,North America,Alton Hunt,4357,364,4368.97
1652,Kuphal - Hirthe,2020-11-15,2021-11-14,Elite Plus,North America,Marsha Aguilar,4356,364,4367.97
3169,Huel LLC,2021-09-01,2022-08-31,Elite Plus,Europe,Marshall Lawson,4354,364,4365.96
4087,"Schulist, Abtel and Wilderman",2020-08-05,2021-08-04,Classic,Europe,Ross Hines,4353,364,4364.96
6001,O'Connell - Lehner,2021-08-22,2024-08-21,Elite Plus,North America,Karl Long,13087,1095,4362.33
6531,Marquardt - McClure,2020-04-01,2020-05-08,Classic,North America,Angelo Payne,442,37,4360.27
2428,"Tromp, Gillespie and Pimpernel",2021-05-03,2021-10-25,Elite Plus,North America,Judy Jacobs,2090,175,4359.14
3717,Jones LLC,2021-06-18,2024-06-17,Elite Plus,North America,Lonnie May,13063,1095,4354.33
5872,"Dicki, Bosco and Rempel",2021-08-08,2022-08-07,Elite Plus,North America,Grant Cortez,4342,364,4353.93
5552,"Wyman, Harber and Jakubowski",2020-12-20,2021-12-19,Elite Plus,North America,Marshall Lawson,4338,364,4349.92
5859,"Dicki, Bosco and Rempel",2020-10-20,2021-12-07,Elite Plus,North America,Grant Cortez,4921,413,4349.07
5319,"Erdman, Schaden and Bechel",2020-05-31,2021-06-12,Elite Plus,Europe,Celia Clayton,4488,377,4345.15
1835,Schuster - Torp,2021-06-02,2022-06-01,Elite Plus,North America,Ramon Garcia,4333,364,4344.9
1869,"Kassulke, Fritsch and Lebsack",2021-09-03,2024-09-02,Elite Plus,North America,Jerald James,13031,1095,4343.67
5277,Hills LLC,2021-05-22,2024-05-21,Classic,Europe,Angelo Payne,13028,1095,4342.67
7382,"O'Connell, Agarwalms and Windler",2019-05-29,2020-05-28,Classic,North America,Alton Hunt,4342,365,4342.0
2915,Parker - Runolfsson,2020-02-01,2021-01-30,Elite Plus,Asia,Sonja Griffin,4329,364,4340.89
256,Nader LLC,2021-03-09,2022-09-15,Elite Plus,Europe,Marshall Lawson,6583,555,4329.36
3117,Howell Inc,2021-03-12,2024-03-11,Classic,Latin America,Grant Cortez,12987,1095,4329.0
5343,O'Reilly LLC,2020-12-18,2021-12-17,Classic,Latin America,Sonja Griffin,4315,364,4326.85
6119,"Romaguera, Hilll and Hayes",2022-02-04,2024-10-03,Elite Plus,North America,Ross Hines,11513,972,4323.3
6087,"Schroeder, Crist and Wilderman",2021-04-01,2022-03-31,Classic,North America,Christopher Little,4311,364,4322.84
1850,Goodwin and Sons,2021-02-02,2022-02-01,Elite Plus,North America,Angelo Payne,4309,364,4320.84
2680,Lowe Inc,2023-05-25,2024-05-23,Elite Plus,North America,Marshall Lawson,4308,364,4319.84
2361,"Veum, Pollich and Kuvalis",2019-12-01,2020-11-30,Elite Plus,Europe,Frankie Fletcher,4319,365,4319.0
6576,"Agarwalms, Jerde and Cormier",2021-05-09,2022-05-08,Elite Plus,Latin America,Alton Hunt,4302,364,4313.82
6505,SchamBundelr - Huels,2021-04-18,2022-04-17,Elite Plus,Europe,John Sacker,4302,364,4313.82
2423,"Tromp, Gillespie and Pimpernel",2021-01-05,2021-06-22,Elite Plus,North America,Judy Jacobs,1985,168,4312.65
1313,Stiedemann Group,2022-06-17,2023-06-16,Elite Plus,North America,Alice Cole,4298,364,4309.81
1134,"Hahn, Nienow and Baumbach",2020-12-28,2021-12-27,Classic,Asia,Christopher Little,4296,364,4307.8
547,Harvey and Sons,2020-08-01,2022-10-28,Elite Plus,Asia,Walter Sacha,9654,818,4307.71
8153,Albertson-Belfact,2019-11-26,2020-11-25,Elite Plus,Asia,Grant Cortez,4306,365,4306.0
5325,"Erdman, Schaden and Bechel",2021-08-01,2022-06-22,Elite Plus,Europe,Celia Clayton,3834,325,4305.88
7623,Ullrich-Zamber,2018-02-13,2019-02-12,Classic,Latin America,Cecelia Burgess,4292,364,4303.79
586,SchoStantner - Ritchie,2020-12-14,2021-12-13,Elite Plus,Asia,Celia Clayton,4286,364,4297.77
3902,Kreiger - Russel,2021-04-02,2022-04-01,Elite Plus,North America,Phil Baker,4284,364,4295.77
2435,"Tromp, Gillespie and Pimpernel",2021-08-27,2022-08-26,Elite Plus,North America,Judy Jacobs,4284,364,4295.77
6125,Romaguera - Ziemann,2021-08-15,2021-09-13,Classic,Europe,Ramon Garcia,341,29,4291.9
6740,"Pfeffer, Stamm and Lindgren",2021-03-06,2022-03-05,Elite Plus,Europe,Lonnie May,4280,364,4291.76
2626,"Mayert, Murazik and Ernser",2020-11-22,2021-05-22,Elite Plus,North America,Jerald James,2126,181,4287.24
2726,"Gammendor, Hintz and Zboncak",2021-04-01,2022-03-31,Classic,Asia,Grant Cortez,4275,364,4286.74
2170,Hudson - Feil,2021-02-04,2022-02-03,Elite Plus,North America,Micheal Williams,4275,364,4286.74
3539,"O'Connell, Stehr and Schuppe",2021-05-03,2022-05-02,Elite Plus,Asia,Grant Cortez,4271,364,4282.73
1496,Sawayn - Ortiz,2020-05-02,2021-03-01,Elite Plus,Europe,Karl Long,3553,303,4280.02
5614,Funk LLC,2021-08-04,2022-08-03,Elite Plus,Europe,Tomas Glover,4268,364,4279.73
2916,Parker - Runolfsson,2021-05-18,2022-05-17,Elite Plus,Asia,Sonja Griffin,4260,364,4271.7
3212,Batz - Simonis,2020-06-22,2021-06-22,Classic,Europe,Marshall Lawson,4270,365,4270.0
2006,Bradtke and Sons,2021-06-11,2022-06-10,Classic,North America,Sonja Griffin,4258,364,4269.7
1592,"Fisher, Mann and Klocko",2021-08-07,2022-08-06,Classic,Latin America,Aloyna Gregory,4258,364,4269.7
4527,Reynolds LLC,2020-12-10,2021-04-10,Elite Plus,North America,Marsha Aguilar,1412,121,4259.34
4465,Zemlak Group,2020-03-09,2021-01-25,Elite Plus,North America,Celia Clayton,3757,322,4258.71
6370,Mackerrel LLC,2020-09-07,2021-09-06,Elite Plus,Europe,Aloyna Gregory,4244,364,4255.66
2701,Schumm and Sons,2020-05-20,2021-05-19,Elite Plus,Asia,Marsha Aguilar,4234,364,4245.63
6255,Bechel Inc,2022-02-20,2023-02-19,Elite Plus,Europe,Walter Sacha,4232,364,4243.63
251,Nader LLC,2022-01-26,2022-10-27,Elite Plus,Europe,Marshall Lawson,3185,274,4242.79
5752,Hyatt - Schmitt,2022-09-01,2023-08-31,Elite Plus,Europe,Frankie Fletcher,4224,364,4235.6
2568,"Labadie, Sipes and Ritchie",2020-10-27,2021-10-26,Classic,Asia,Karl Long,4220,364,4231.59
5670,Pagac - Fay,2019-12-28,2020-12-27,Elite Plus,North America,Cecelia Burgess,4231,365,4231.0
4869,Schuppe - Lynch,2020-08-03,2021-08-02,Classic,North America,Micheal Williams,4218,364,4229.59
6389,Stanton - Fadel,2020-05-19,2021-05-18,Elite Plus,Europe,Marshall Lawson,4218,364,4229.59
1611,Hessel Group,2021-09-07,2023-09-06,Classic,Latin America,Grant Cortez,8446,729,4228.79
943,Miller and Sons,2020-08-27,2021-08-26,Elite Plus,North America,Micheal Williams,4214,364,4225.58
143,Schaden LLC,2021-01-13,2021-02-12,Classic,Latin America,Christopher Little,347,30,4221.83
1997,Wiza - Robel,2021-08-11,2021-09-10,Classic,North America,Frankie Fletcher,347,30,4221.83
1620,Mauston and Sons,2019-11-17,2020-11-16,Classic,North America,Aloyna Gregory,4221,365,4221.0
1551,Satterfield and Sons,2022-12-04,2023-12-03,Elite Plus,Latin America,Jerald James,4207,364,4218.56
3286,"Farrell, Legros and Murray",2021-08-04,2022-08-04,Classic,Europe,Judy Jacobs,4218,365,4218.0
5420,"King, Crooks and Ankunding",2021-02-09,2021-03-08,Classic,Europe,Phil Baker,312,27,4217.78
3676,"Schmitt, Purdy and Reichel",2021-06-14,2022-06-13,Elite Plus,North America,Christopher Little,4206,364,4217.55
5992,Stehr and Sons,2021-03-26,2021-12-23,Classic,North America,Phil Baker,3142,272,4216.29
4540,Schulist Group,2020-04-03,2021-04-03,Elite Plus,Europe,Ramon Garcia,4216,365,4216.0
1100,Wuckert - Collier,2021-03-18,2022-05-29,Elite Plus,Europe,Angelo Payne,5045,437,4213.79
4290,Luettgen - Klein,2020-11-02,2021-11-01,Classic,Latin America,Jerald James,4202,364,4213.54
1614,Mohr - Hartmann,2021-05-16,2021-11-15,Classic,Europe,Jerald James,2112,183,4212.46
2660,"D'Amore, Bechel and Bechel",2019-12-20,2020-12-19,Classic,North America,Patty Ingram,4212,365,4212.0
3941,Jenkins Group,2021-08-11,2022-08-10,Classic,Latin America,Lonnie May,4199,364,4210.54
2056,Swift - Auer,2021-06-20,2023-06-19,Classic,Latin America,Christopher Little,8402,729,4206.76
2347,Hessel LLC,2020-03-23,2021-03-22,Elite Plus,North America,Judy Jacobs,4194,364,4205.52
680,"Goodwin, O'Reilly and Buckridge",2020-12-28,2021-12-27,Elite Plus,North America,Judy Jacobs,4190,364,4201.51
2796,Franecki Inc,2020-09-09,2021-09-08,Elite Plus,North America,Celia Clayton,4189,364,4200.51
1458,Heathcote Inc,2020-10-05,2021-10-04,Elite Plus,North America,Patty Ingram,4187,364,4198.5
2100,Stark - Moen,2022-09-04,2023-09-03,Elite Plus,Europe,Christopher Little,4184,364,4195.49
3241,Walsh - Dare,2021-02-16,2022-02-15,Elite Plus,North America,Celia Clayton,4184,364,4195.49
1302,Stiedemann Group,2019-10-30,2020-10-29,Elite Plus,North America,Alice Cole,4194,365,4194.0
2732,"Morissette, Purdy and Mraz",2020-12-17,2023-12-16,Elite Plus,Europe,Christopher Little,12570,1094,4193.83
6704,Smitham Inc,2021-02-05,2021-05-04,Elite Plus,North America,Frankie Fletcher,1011,88,4193.35
4896,Muller - Spinka,2020-01-06,2021-01-04,Classic,North America,Marsha Aguilar,4177,364,4188.48
2245,D'Amore Group,2021-03-28,2022-03-27,Classic,North America,Karl Long,4175,364,4186.47
851,Koepp Inc,2020-09-21,2021-09-20,Classic,North America,Ross Hines,4167,364,4178.45
7407,Sauer Ltd,2018-12-02,2019-12-01,Classic,Europe,Phil Baker,4166,364,4177.45
7495,"Wintheiser, Howe and Wisoky",2018-05-30,2019-05-29,Classic,North America,John Sacker,4166,364,4177.45
4888,"Cassin, Casper and Cremin",2021-08-13,2022-08-12,Classic,North America,Sonja Griffin,4162,364,4173.43
2646,"Hyatt, Johns and Lowe",2021-05-20,2023-05-19,Elite Plus,North America,Jerald James,8335,729,4173.22
3575,Gottlieb - Huel,2020-04-24,2021-04-23,Elite Plus,Europe,Grant Cortez,4161,364,4172.43
4876,Cummings - Kuphal,2019-10-22,2020-10-22,Classic,Europe,Angelo Payne,4182,366,4170.57
461,Thiel - Butler,2021-05-13,2022-05-12,Elite Plus,Europe,Dana Henderson,4159,364,4170.43
1558,"Heaney, Robel and Simonis",2020-05-03,2021-05-02,Elite Plus,North America,Grant Cortez,4156,364,4167.42
1713,Erdman - Kozey,2021-11-23,2024-11-22,Elite Plus,North America,Christopher Little,12493,1095,4164.33
6285,Kulas - Ryan,2020-02-01,2021-01-30,Elite Plus,North America,Christopher Little,4150,364,4161.4
1278,"Trantow, Dickens and Rogahn",2022-03-24,2023-03-23,Elite Plus,North America,Celia Clayton,4150,364,4161.4
6630,"Frost, Olson and Schmeler",2021-11-18,2022-11-17,Elite Plus,Asia,Grant Cortez,4143,364,4154.38
6316,Schumm - Bergstrom,2020-06-17,2021-06-16,Classic,North America,Tomas Glover,4143,364,4154.38
8060,Flatley Ltd,2019-09-30,2020-06-08,Elite Plus,North America,Alton Hunt,2868,252,4154.05
3465,Runte LLC,2020-10-23,2021-10-22,Classic,North America,Sonja Griffin,4142,364,4153.38
1956,"Feil, Norman and Mayer",2020-06-15,2021-06-14,Elite Plus,Europe,Marshall Lawson,4139,364,4150.37
859,Muller and Sons,2021-06-16,2022-06-15,Classic,Latin America,Karl Long,4138,364,4149.37
4172,Smith - Rice,2021-01-23,2022-01-22,Elite Plus,Europe,Ross Hines,4126,364,4137.34
3958,"Gaylord, Fay and Frost",2021-04-24,2022-04-23,Elite Plus,Asia,Phil Baker,4120,364,4131.32
2294,Wiza and Sons,2020-08-18,2021-08-17,Elite Plus,Europe,Christopher Little,4119,364,4130.32
2353,Beahan LLC,2021-04-24,2022-04-23,Classic,Latin America,Celia Clayton,4112,364,4123.3
702,"White, Keeling and Jakubowski",2021-01-27,2021-10-28,Elite Plus,North America,Sonja Griffin,3093,274,4120.24
1873,"Wehner, Klocko and Legros",2021-07-25,2022-07-24,Elite Plus,North America,Cecelia Burgess,4103,364,4114.27
960,Wunsch LLC,2021-01-16,2024-01-15,Classic,Europe,Sonja Griffin,12299,1094,4103.41
3894,Kreiger - Russel,2020-02-16,2021-02-14,Elite Plus,North America,Phil Baker,4090,364,4101.24
6585,Ondricka - Casper,2020-01-15,2021-01-13,Elite Plus,North America,Sonja Griffin,4090,364,4101.24
1434,"West, Toy and Cummings",2021-12-02,2022-12-01,Classic,North America,Grant Cortez,4077,364,4088.2
2858,"Barton, Heidenreich and Witting",2020-01-07,2021-01-06,Elite Plus,Europe,Jerald James,4088,365,4088.0
2620,Dooley Group,2020-10-30,2021-10-29,Classic,Europe,Alton Hunt,4076,364,4087.2
1258,"Bashirian, MacGyver and Gleichner",2020-08-16,2021-08-15,Classic,Latin America,Frankie Fletcher,4074,364,4085.19
3198,Metz LLC,2019-09-15,2020-09-14,Elite Plus,North America,Marshall Lawson,4085,365,4085.0
3669,Beer - Belfact,2021-02-21,2022-02-20,Classic,Europe,Cecelia Burgess,4071,364,4082.18
2883,"Bernier, Metz and Fay",2020-11-04,2021-11-03,Elite Plus,North America,Grant Cortez,4058,364,4069.15
4429,Rath Group,2020-04-02,2021-04-01,Elite Plus,North America,Frankie Fletcher,4058,364,4069.15
5927,Johnston Group,2020-05-09,2021-05-08,Elite Plus,North America,Frankie Fletcher,4057,364,4068.15
1357,Sporer - Bednar,2020-10-04,2021-10-03,Elite Plus,Europe,Walter Sacha,4054,364,4065.14
7630,Ferry PLC,2017-12-27,2018-12-26,Classic,North America,Celia Clayton,4053,364,4064.13
6539,Marquardt - McClure,2020-07-22,2020-08-22,Classic,North America,Angelo Payne,345,31,4062.1
887,Reichel - Trantow,2021-11-10,2023-11-09,Elite Plus,North America,Ramon Garcia,8108,729,4059.56
4493,Zemlak Group,2022-04-21,2022-10-20,Elite Plus,North America,Celia Clayton,2023,182,4057.12
7685,"Bartell, Barrows and Mayert",2018-10-30,2019-10-29,Classic,North America,Aloyna Gregory,4045,364,4056.11
5189,"Padberg, Oberbrunner and Toy",2021-05-12,2022-05-11,Elite Plus,Asia,Micheal Williams,4041,364,4052.1
3879,Douglas - Schaden,2021-04-29,2022-01-20,Elite Plus,North America,Cecelia Burgess,2951,266,4049.3
3029,Gammendor - Frost,2021-08-09,2022-08-08,Elite Plus,Europe,Frankie Fletcher,4037,364,4048.09
1588,Renner - Kozey,2022-01-25,2023-01-24,Elite Plus,North America,Dana Henderson,4037,364,4048.09
7393,Hegmann and Sons,2018-12-22,2019-12-21,Classic,North America,Christopher Little,4036,364,4047.09
2902,Watsica and Sons,2021-12-27,2022-12-26,Elite Plus,North America,Lonnie May,4035,364,4046.09
2048,Ondricka - Sipes,2021-08-17,2024-03-07,Elite Plus,North America,Grant Cortez,10330,933,4041.21
3897,Kreiger - Russel,2020-06-17,2021-06-16,Elite Plus,North America,Phil Baker,4029,364,4040.07
746,Sporer Group,2020-08-16,2021-08-15,Elite Plus,Europe,Christopher Little,4029,364,4040.07
6702,Smitham Inc,2020-06-18,2021-06-17,Elite Plus,North America,Frankie Fletcher,4027,364,4038.06
5449,Russel Group,2021-06-08,2022-06-07,Elite Plus,North America,Christopher Little,4025,364,4036.06
2776,Jast Group,2020-10-04,2021-10-03,Elite Plus,North America,Phil Baker,4024,364,4035.05
416,Zboncak LLC,2021-05-01,2024-05-01,Elite Plus,North America,Marshall Lawson,12109,1096,4032.65
6592,Ondricka - Casper,2020-12-10,2021-12-09,Elite Plus,North America,Sonja Griffin,4020,364,4031.04
2710,Mertz - Boone,2021-06-25,2022-06-24,Elite Plus,Europe,Alton Hunt,4018,364,4029.04
5561,Gislason LLC,2021-02-01,2022-01-31,Elite Plus,Asia,Marshall Lawson,4017,364,4028.04
5884,"Wolff, Kihn and Hagenes",2021-12-05,2022-12-04,Elite Plus,Europe,Lonnie May,4015,364,4026.03
188,"Greenfelder, Okuneva and Bundel",2021-12-05,2022-12-04,Classic,Asia,Celia Clayton,4011,364,4022.02
1088,Wuckert - Collier,2022-02-04,2023-02-03,Elite Plus,Europe,Angelo Payne,4009,364,4020.01
6549,"Brekke, Goodwin and Purdy",2021-06-10,2024-06-09,Elite Plus,North America,Celia Clayton,12058,1095,4019.33
2416,"Tromp, Gillespie and Pimpernel",2021-02-26,2021-11-25,Elite Plus,North America,Judy Jacobs,2994,272,4017.68
6128,Larson - Walsh,2021-01-04,2022-01-03,Classic,North America,Marsha Aguilar,4005,364,4016.0
3905,Kreiger - Russel,2021-07-30,2022-07-29,Elite Plus,North America,Phil Baker,4003,364,4014.0
6757,Reilly LLC,2021-04-19,2022-04-18,Classic,Europe,Frankie Fletcher,3997,364,4007.98
4478,Zemlak Group,2021-02-21,2022-02-20,Elite Plus,North America,Celia Clayton,3995,364,4005.98
3694,Rippin and Sons,2020-04-03,2021-04-03,Classic,North America,Aloyna Gregory,4001,365,4001.0
1159,Rosenbaum - Hermiston,2019-05-05,2022-06-18,Elite Plus,North America,Grant Cortez,12496,1140,4000.91
1097,Wuckert - Collier,2020-10-31,2022-01-11,Elite Plus,Europe,Angelo Payne,4790,437,4000.8
3100,Shields Inc,2021-01-09,2023-01-08,Classic,Europe,Ramon Garcia,7968,729,3989.47
5757,"Waugh, Herzog and Tremblay",2021-05-14,2022-05-13,Elite Plus,Europe,Marsha Aguilar,3978,364,3988.93
5095,Agarwalms - Nitzsche,2020-02-22,2021-02-20,Elite Plus,Europe,Grant Cortez,3976,364,3986.92
5569,Hableton - Hintz,2021-08-19,2022-08-18,Classic,North America,Marshall Lawson,3971,364,3981.91
2238,D'Amore Group,2020-05-20,2020-12-23,Classic,North America,Karl Long,2366,217,3979.68
4055,Christiansen and Sons,2020-08-02,2021-08-01,Elite Plus,North America,Lonnie May,3960,364,3970.88
4065,"Goyette, Kerluke and Rempel",2020-09-14,2021-09-13,Elite Plus,North America,Aloyna Gregory,3957,364,3967.87
3695,Rippin and Sons,2020-01-17,2021-01-16,Classic,North America,Aloyna Gregory,3966,365,3966.0
2368,Beahan Inc,2020-01-02,2021-01-01,Classic,North America,Ross Hines,3963,365,3963.0
3767,Mitchell LLC,2021-07-05,2023-07-04,Elite Plus,Europe,Marsha Aguilar,7914,729,3962.43
3118,Collins - Rosenbaum,2021-06-06,2024-06-05,Classic,Europe,Ramon Garcia,11868,1095,3956.0
5890,"Gleichner, Nikolaus and Raynor",2020-05-10,2021-05-09,Classic,North America,Frankie Fletcher,3937,364,3947.82
3865,Douglas - Schaden,2020-04-30,2021-04-29,Elite Plus,North America,Cecelia Burgess,3935,364,3945.81
4115,"Botsford, Goodwin and Weber",2020-07-14,2021-07-13,Elite Plus,North America,Alton Hunt,3931,364,3941.8
2134,"Satterfield, Beier and Gottlieb",2021-01-20,2022-01-19,Elite Plus,Europe,Aloyna Gregory,3929,364,3939.79
4513,Zemlak Group,2022-04-16,2022-12-13,Elite Plus,North America,Celia Clayton,2601,241,3939.27
4873,Mitchell - Boyer,2021-10-26,2022-10-25,Elite Plus,Europe,Grant Cortez,3925,364,3935.78
2131,Gupta LLC,2022-02-07,2025-02-06,Elite Plus,North America,Marsha Aguilar,11803,1095,3934.33
3188,Wolf - Weber,2020-01-17,2021-01-15,Elite Plus,North America,Alton Hunt,3916,364,3926.76
510,Upton - Johnston,2019-12-25,2020-12-24,Elite Plus,North America,Alton Hunt,3926,365,3926.0
5170,"Cronin, Frost and Ratke",2021-02-22,2023-02-21,Elite Plus,North America,Judy Jacobs,7831,729,3920.87
1562,"Grimes, Kshlerin and Connelly",2020-11-22,2023-11-21,Elite Plus,Europe,Cecelia Burgess,11747,1094,3919.25
4826,Graham Group,2021-02-23,2021-05-23,Classic,North America,Ramon Garcia,955,89,3916.57
7625,Koss-Towne,2018-03-08,2019-03-07,Classic,North America,Dana Henderson,3905,364,3915.73
5119,"Thiel, Klocko and Hilpert",2020-10-28,2021-10-27,Elite Plus,Europe,Grant Cortez,3900,364,3910.71
2760,Jast - Balistreri,2021-08-17,2022-02-17,Elite Plus,North America,Lonnie May,1971,184,3909.86
4246,Kshlerin - Rolfson,2020-10-15,2021-10-14,Elite Plus,North America,Aloyna Gregory,3898,364,3908.71
1141,"Hahn, Nienow and Baumbach",2022-03-29,2022-05-24,Classic,Asia,Christopher Little,599,56,3904.2
1610,Hessel Group,2021-08-07,2021-09-06,Classic,Latin America,Grant Cortez,320,30,3893.33
1160,Rosenbaum - Hermiston,2020-08-28,2022-08-05,Elite Plus,North America,Grant Cortez,7540,707,3892.64
4705,Satterfield LLC,2020-12-29,2021-12-28,Elite Plus,Europe,Jerald James,3881,364,3891.66
734,Morissette Group,2021-03-18,2023-07-27,Elite Plus,Asia,Ross Hines,9165,861,3885.28
2465,"Hintz, McDermott and Walsh",2020-06-14,2021-06-13,Elite Plus,Europe,Phil Baker,3873,364,3883.64
4724,Robel Group,2020-02-09,2021-02-08,Elite Plus,Latin America,Aloyna Gregory,3882,365,3882.0
189,Schoen LLC,2020-04-12,2021-04-11,Elite Plus,Asia,Karl Long,3870,364,3880.63
595,Gibson Group,2021-04-16,2022-04-15,Elite Plus,Europe,Sonja Griffin,3865,364,3875.62
932,Gupta - Agarwal,2022-04-25,2023-04-24,Elite Plus,North America,Walter Sacha,3865,364,3875.62
494,"Barton, Cassle and Stamm",2020-05-07,2021-05-07,Elite Plus,North America,Marsha Aguilar,3875,365,3875.0
484,"Klocko, Runolfsson and Langosh",2021-04-26,2022-04-25,Elite Plus,North America,Ross Hines,3862,364,3872.61
1534,Tillman LLC,2021-04-13,2022-04-12,Elite Plus,Europe,Alton Hunt,3855,364,3865.59
904,"Lesch, Bernhard and Hills",2020-11-15,2023-02-28,Elite Plus,Europe,Jerald James,8839,835,3863.75
4741,Jaskolski - Auer,2021-07-23,2022-07-22,Elite Plus,Europe,Aloyna Gregory,3851,364,3861.58
7192,Cole-Towne,2019-05-30,2020-05-29,Classic,North America,Marshall Lawson,3860,365,3860.0
2295,Wiza and Sons,2021-05-31,2022-05-30,Elite Plus,Europe,Christopher Little,3848,364,3858.57
2630,"Mayert, Murazik and Ernser",2021-05-23,2022-05-22,Elite Plus,North America,Jerald James,3845,364,3855.56
5432,Schmitt - Zieme,2021-02-07,2022-03-24,Elite Plus,Asia,Walter Sacha,4330,410,3854.76
1859,Grant LLC,2021-06-13,2022-06-12,Elite Plus,North America,Karl Long,3844,364,3854.56
4884,Johns LLC,2021-09-06,2022-09-05,Elite Plus,North America,Lonnie May,3844,364,3854.56
4080,"Osinski, Farrell and Kutch",2020-04-29,2021-04-29,Elite Plus,Europe,Marsha Aguilar,3842,365,3842.0
5295,Nikolaus - Daniel,2020-06-06,2021-06-05,Elite Plus,Europe,John Sacker,3830,364,3840.52
2755,Jast - Balistreri,2020-05-14,2021-05-13,Elite Plus,North America,Lonnie May,3828,364,3838.52
3693,Rippin and Sons,2020-05-23,2021-05-23,Classic,North America,Aloyna Gregory,3838,365,3838.0
5230,Stark LLC,2020-03-09,2021-03-09,Classic,North America,Micheal Williams,3837,365,3837.0
3006,Gammendor - Frost,2020-03-13,2021-03-13,Elite Plus,Europe,Frankie Fletcher,3832,365,3832.0
5435,"Larkin, Dickens and Simonis",2021-02-14,2022-03-16,Elite Plus,Asia,Tomas Glover,4145,395,3830.19
4316,Wolff - Harvey,2021-12-08,2022-12-07,Elite Plus,Asia,Marsha Aguilar,3815,364,3825.48
934,Gupta - Agarwal,2020-07-22,2020-12-18,Elite Plus,North America,Walter Sacha,1556,149,3811.68
7258,"Gusikowski, Mertz and Abbott",2019-04-09,2020-04-08,Classic,North America,Tomas Glover,3806,365,3806.0
6504,"Dooley, Borer and Hodkiewicz",2021-03-08,2022-03-07,Classic,Asia,Tomas Glover,3793,364,3803.42
7990,"Legros, Nader and Frost",2019-09-23,2020-09-22,Classic,North America,Marshall Lawson,3803,365,3803.0
4553,Effertz Group,2022-08-15,2023-08-14,Elite Plus,North America,Ramon Garcia,3789,364,3799.41
3352,"Rosemont, Beatty and Wolff",2021-05-16,2022-06-15,Elite Plus,Asia,Jerald James,4105,395,3793.23
6430,Purdy - Russel,2020-09-27,2021-09-26,Elite Plus,Latin America,Ross Hines,3781,364,3791.39
7798,Campbelll LLC,2019-02-07,2020-02-06,Classic,North America,Christopher Little,3779,364,3789.38
3921,Monahan - Ruecker,2021-03-08,2022-03-07,Elite Plus,North America,Judy Jacobs,3776,364,3786.37
2578,"Marks, Russel and Hudson",2020-03-14,2021-03-13,Elite Plus,North America,Alice Cole,3775,364,3785.37
7149,Kiehn PLC,2019-09-12,2020-09-11,Classic,North America,Ramon Garcia,3785,365,3785.0
5836,"Tremblay, Schroeder and Cassle",2020-03-23,2021-03-23,Elite Plus,North America,Sonja Griffin,3785,365,3785.0
1012,"Collier, Conn and Dooley",2020-08-05,2021-08-04,Classic,North America,Grant Cortez,3761,364,3771.33
823,Schimmel LLC,2021-06-06,2022-06-05,Elite Plus,North America,Ramon Garcia,3761,364,3771.33
170,Frami Group,2020-09-03,2021-09-02,Elite Plus,North America,John Sacker,3760,364,3770.33
1656,Kuphal - Hirthe,2020-12-10,2021-12-09,Elite Plus,North America,Marsha Aguilar,3754,364,3764.31
1797,Streich - Turcotte,2021-09-19,2022-09-18,Classic,Europe,Tomas Glover,3754,364,3764.31
495,"Barton, Cassle and Stamm",2020-05-12,2021-05-11,Elite Plus,North America,Marsha Aguilar,3753,364,3763.31
7600,Wuckert-Hane,2018-05-02,2019-05-01,Classic,North America,Sonja Griffin,3753,364,3763.31
1583,Lemke Inc,2021-01-25,2022-01-24,Classic,Asia,Walter Sacha,3750,364,3760.3
2802,King - Toy,2021-11-11,2022-11-11,Classic,Europe,John Sacker,3757,365,3757.0
1356,Mohr - Streich,2021-08-25,2022-08-24,Elite Plus,North America,Dana Henderson,3745,364,3755.29
5272,Schmeler - Ankunding,2022-04-19,2023-04-18,Elite Plus,North America,John Sacker,3745,364,3755.29
5492,Parker and Sons,2021-05-17,2022-05-16,Elite Plus,Europe,Grant Cortez,3743,364,3753.28
6742,"Pfeffer, Stamm and Lindgren",2022-02-08,2023-02-07,Elite Plus,Europe,Lonnie May,3743,364,3753.28
5305,Nikolaus - Daniel,2021-08-08,2023-07-09,Elite Plus,Europe,John Sacker,7194,700,3751.16
3573,Gottlieb - Huel,2020-06-18,2021-03-18,Elite Plus,Europe,Grant Cortez,2805,273,3750.27
857,Heidenreich and Sons,2021-05-08,2021-06-07,Classic,North America,Jerald James,308,30,3747.33
1360,Pouros - Gillespie,2021-03-20,2022-03-19,Classic,Latin America,Marshall Lawson,3736,364,3746.26
4545,Heidenreich - O'Hara,2020-01-27,2021-01-25,Elite Plus,North America,Lonnie May,3735,364,3745.26
6669,McKinnon - Jerde,2020-10-07,2021-10-06,Elite Plus,Latin America,Karl Long,3735,364,3745.26
4910,Kirlin - Simonis,2023-03-15,2023-09-14,Elite Plus,North America,Frankie Fletcher,1875,183,3739.75
3406,Rowe LLC,2021-06-13,2021-07-13,Classic,Latin America,Christopher Little,307,30,3735.17
754,Sporer Group,2021-06-12,2022-06-11,Elite Plus,Europe,Christopher Little,3722,364,3732.23
1541,Mann - Hane,2020-12-04,2021-12-03,Elite Plus,Asia,Dana Henderson,3719,364,3729.22
2251,Hoeger Group,2021-04-19,2022-04-18,Elite Plus,Europe,Ramon Garcia,3717,364,3727.21
6266,Bechel Inc,2023-02-09,2024-02-09,Elite Plus,Europe,Walter Sacha,3727,365,3727.0
566,Belfact and Sons,2020-12-01,2023-11-30,Classic,Latin America,Walter Sacha,11165,1094,3725.07
2446,"Tromp, Gillespie and Pimpernel",2021-09-12,2022-09-11,Elite Plus,North America,Judy Jacobs,3713,364,3723.2
6252,"Schoen, Hudson and SchamBundelr",2021-10-05,2022-10-04,Elite Plus,North America,Tomas Glover,3712,364,3722.2
3646,Lakin - Glover,2021-01-27,2024-01-27,Elite Plus,North America,Phil Baker,11161,1095,3720.33
2605,Gaverman - Erdman,2020-08-18,2023-08-17,Elite Plus,Asia,Phil Baker,11128,1094,3712.72
1659,Kuphal - Hirthe,2021-09-14,2022-09-13,Elite Plus,North America,Marsha Aguilar,3695,364,3705.15
5284,"Rutherford, Kessler and Reichel",2021-03-08,2022-03-07,Classic,Latin America,Jerald James,3690,364,3700.14
3068,"Stroman, McGlynn and Luettgen",2021-06-06,2021-07-06,Classic,North America,Alice Cole,304,30,3698.67
2421,"Tromp, Gillespie and Pimpernel",2021-01-04,2021-06-21,Elite Plus,North America,Judy Jacobs,1702,168,3697.8
1508,Legros and Sons,2021-08-01,2022-07-31,Classic,Latin America,Lonnie May,3686,364,3696.13
4061,Prohaska and Sons,2020-03-18,2021-03-17,Elite Plus,Asia,Ross Hines,3682,364,3692.12
6616,Purdy LLC,2020-05-20,2021-04-19,Classic,North America,Ross Hines,3377,334,3690.43
6378,Koelpin Group,2020-08-03,2021-08-02,Classic,Latin America,Grant Cortez,3679,364,3689.11
5378,Dicki - Wilderman,2022-10-03,2023-10-02,Elite Plus,North America,John Sacker,3678,364,3688.1
1645,Weissnat - Kessler,2021-08-10,2023-08-09,Elite Plus,Europe,Lonnie May,7363,729,3686.55
1053,"Johnson, Farrell and Zieme",2022-06-14,2022-11-26,Elite Plus,North America,Aloyna Gregory,1665,165,3683.18
4208,King LLC,2020-10-16,2020-12-05,Elite Plus,Asia,Walter Sacha,504,50,3679.2
2584,"Marks, Russel and Hudson",2022-06-07,2024-06-05,Elite Plus,North America,Alice Cole,7347,729,3678.54
774,Agarwaliamson - Wuckert,2020-07-10,2021-07-10,Elite Plus,Europe,Sonja Griffin,3678,365,3678.0
221,"Ernser, D'Amore and Gulgowski",2023-04-28,2024-04-27,Elite Plus,Europe,Marsha Aguilar,3676,365,3676.0
1135,"Hahn, Nienow and Baumbach",2021-09-11,2022-02-19,Classic,Asia,Christopher Little,1621,161,3674.94
2086,Murphy - Bahringer,2022-03-20,2024-10-09,Elite Plus,Latin America,Christopher Little,9402,934,3674.23
5980,Stehr and Sons,2020-07-13,2021-07-12,Elite Plus,North America,Phil Baker,3662,364,3672.06
6334,"Strosin, McGlynn and Emmerich",2021-03-17,2024-03-16,Elite Plus,North America,Ross Hines,11015,1095,3671.67
7644,Gorczany-Lind,2018-12-24,2019-07-11,Classic,Europe,Celia Clayton,2001,199,3670.18
2079,"Fahey, Collins and Labadie",2022-07-30,2023-07-29,Classic,Latin America,Cecelia Burgess,3660,364,3670.05
3287,Murazik - Ankunding,2021-01-15,2022-01-14,Classic,Latin America,Celia Clayton,3652,364,3662.03
1472,"Cummings, Pollich and Hoppe",2020-12-15,2021-12-14,Elite Plus,North America,Ross Hines,3649,364,3659.02
7770,"Grady, Yost and Weber",2018-07-07,2019-07-06,Classic,Latin America,Ramon Garcia,3648,364,3658.02
48,Hirthe - Mueller,2020-06-09,2021-06-08,Classic,Latin America,Marsha Aguilar,3647,364,3657.02
2702,Schumm and Sons,2021-08-08,2022-08-07,Elite Plus,Asia,Marsha Aguilar,3647,364,3657.02
306,O'Keefe - Skiles,2022-06-26,2022-12-25,Elite Plus,Europe,Sonja Griffin,1822,182,3654.01
1232,Fadel LLC,2020-08-27,2021-08-26,Elite Plus,North America,Alice Cole,3643,364,3653.01
7265,Bashirian Group,2019-03-21,2020-03-20,Classic,North America,Marshall Lawson,3652,365,3652.0
6605,"Simonis, Boone and Swift",2021-07-01,2021-07-30,Classic,North America,Cecelia Burgess,290,29,3650.0
5929,Johnston Group,2020-04-24,2021-04-23,Elite Plus,North America,Frankie Fletcher,3637,364,3646.99
6090,"Sauer, Marks and Hettinger",2019-12-09,2020-12-09,Classic,North America,Alton Hunt,3656,366,3646.01
4745,"Stoltenberg, Batz and Heidenreich",2021-02-16,2022-02-15,Elite Plus,Europe,Walter Sacha,3636,364,3645.99
5442,"Larkin, Dickens and Simonis",2021-02-18,2022-03-28,Elite Plus,Asia,Tomas Glover,4025,403,3645.47
2063,Miller Inc,2021-03-09,2022-03-08,Classic,Europe,Alice Cole,3635,364,3644.99
1137,"Hahn, Nienow and Baumbach",2022-02-11,2022-04-08,Classic,Asia,Christopher Little,559,56,3643.48
1641,Weissnat - Kessler,2021-07-10,2023-07-09,Elite Plus,Europe,Lonnie May,7263,729,3636.48
4781,"Hermiston, Weimann and Lemke",2021-12-26,2022-12-25,Elite Plus,North America,Ross Hines,3626,364,3635.96
802,Schimmel LLC,2021-04-18,2022-04-17,Elite Plus,North America,Ramon Garcia,3626,364,3635.96
979,"Lubowitz, Franecki and Schuster",2021-11-14,2022-05-13,Elite Plus,Latin America,John Sacker,1792,180,3633.78
3059,Marks LLC,2021-09-03,2022-09-02,Elite Plus,Asia,Lonnie May,3620,364,3629.95
6346,Veum Group,2021-06-04,2022-06-03,Elite Plus,North America,Angelo Payne,3620,364,3629.95
6060,Lockman LLC,2021-04-06,2022-04-05,Elite Plus,North America,Aloyna Gregory,3619,364,3628.94
2781,Jaskolski Group,2020-10-31,2021-10-30,Classic,North America,Walter Sacha,3614,364,3623.93
6595,Ondricka - Casper,2021-06-06,2022-06-05,Elite Plus,North America,Sonja Griffin,3614,364,3623.93
1904,"Koepp, Schumm and Macejkovic",2021-10-17,2022-10-16,Elite Plus,Europe,Angelo Payne,3613,364,3622.93
5984,Stehr and Sons,2020-06-27,2021-06-26,Elite Plus,North America,Phil Baker,3613,364,3622.93
3740,Zemlak Group,2021-02-14,2022-02-13,Classic,North America,Celia Clayton,3611,364,3620.92
1277,Canten - Koelpin,2021-06-10,2023-06-09,Classic,Latin America,Judy Jacobs,7228,729,3618.96
2082,Hahn - Gleichner,2021-04-20,2022-04-19,Classic,North America,Sonja Griffin,3604,364,3613.9
4526,Reynolds LLC,2021-03-14,2021-11-11,Elite Plus,North America,Marsha Aguilar,2395,242,3612.29
4557,"Erdman, Bode and Beier",2021-02-22,2022-02-21,Elite Plus,Europe,Christopher Little,3598,364,3607.88
4663,"Rodriguez, Miller and Johnston",2021-06-01,2022-05-31,Elite Plus,Asia,Aloyna Gregory,3597,364,3606.88
6093,Sporer - Hills,2020-02-07,2021-02-06,Classic,Latin America,Christopher Little,3604,365,3604.0
2729,"Morissette, Purdy and Mraz",2021-03-06,2024-03-04,Elite Plus,Europe,Christopher Little,10797,1094,3602.29
7352,Zamber-Cassle,2018-08-23,2019-08-22,Classic,North America,Tomas Glover,3592,364,3601.87
3414,Waelchi - Botsford,2021-04-11,2021-05-11,Classic,Latin America,Walter Sacha,296,30,3601.33
3036,Cassle - Hirthe,2021-09-02,2022-09-01,Classic,Asia,Christopher Little,3591,364,3600.87
4679,Wolf - Kemmer,2020-12-04,2021-12-03,Elite Plus,Asia,Micheal Williams,3588,364,3597.86
657,"Goodwin, O'Reilly and Buckridge",2020-10-30,2021-10-29,Elite Plus,North America,Judy Jacobs,3572,364,3581.81
5853,Weissnat Group,2021-08-15,2022-08-14,Elite Plus,North America,Patty Ingram,3572,364,3581.81
2566,Hegmann - Hartmann,2021-07-20,2022-07-19,Classic,Latin America,Grant Cortez,3569,364,3578.8
3907,Kreiger - Russel,2021-09-19,2022-09-18,Elite Plus,North America,Phil Baker,3569,364,3578.8
6431,Purdy - Russel,2021-02-06,2022-02-05,Elite Plus,Latin America,Ross Hines,3569,364,3578.8
755,Sporer Group,2021-07-31,2022-07-30,Elite Plus,Europe,Christopher Little,3569,364,3578.8
5685,Gupta Group,2020-10-23,2021-10-29,Elite Plus,Europe,Cecelia Burgess,3634,371,3575.23
8164,Harvey PLC,2019-11-14,2020-11-13,Classic,North America,Christopher Little,3575,365,3575.0
2215,Boehm - Kuvalis,2021-04-19,2022-04-18,Classic,Latin America,Dana Henderson,3565,364,3574.79
4297,Kreiger - Hilpert,2021-10-03,2022-10-02,Classic,Europe,Tomas Glover,3565,364,3574.79
1039,"Johnson, Farrell and Zieme",2020-05-05,2021-05-05,Elite Plus,North America,Aloyna Gregory,3574,365,3574.0
6484,Abtel Group,2021-02-20,2024-02-19,Elite Plus,Europe,Micheal Williams,10708,1094,3572.6
5312,Fisher LLC,2021-07-08,2022-07-07,Classic,Europe,Alton Hunt,3562,364,3571.79
5280,Hills LLC,2021-04-21,2022-04-20,Elite Plus,Europe,Angelo Payne,3562,364,3571.79
1746,Fay Inc,2020-08-15,2021-08-14,Elite Plus,Europe,Ross Hines,3561,364,3570.78
2268,Oberbrunner - Belfact,2021-06-29,2023-01-29,Elite Plus,Europe,Marsha Aguilar,5662,579,3569.31
614,"Jacobs, Howe and Bahringer",2020-12-09,2021-12-08,Elite Plus,Latin America,Patty Ingram,3557,364,3566.77
3712,Jones LLC,2020-05-15,2021-05-14,Elite Plus,North America,Lonnie May,3557,364,3566.77
2507,Stoltenberg Group,2021-01-07,2022-01-06,Elite Plus,North America,Judy Jacobs,3556,364,3565.77
3165,Huel LLC,2021-08-16,2022-08-15,Elite Plus,Europe,Marshall Lawson,3551,364,3560.76
1362,Kozey and Sons,2020-03-16,2021-03-16,Elite Plus,Europe,Frankie Fletcher,3560,365,3560.0
515,Upton - Johnston,2021-08-19,2022-08-18,Elite Plus,North America,Alton Hunt,3546,364,3555.74
1299,Stiedemann Group,2019-09-05,2020-09-04,Elite Plus,North America,Alice Cole,3554,365,3554.0
5554,"Wyman, Harber and Jakubowski",2022-07-17,2023-07-16,Elite Plus,North America,Marshall Lawson,3544,364,3553.74
592,"Murphy, Weber and Koch",2020-05-01,2021-05-01,Classic,North America,Walter Sacha,3553,365,3553.0
6068,"Kub, Murphy and Pagac",2021-02-19,2022-02-18,Elite Plus,North America,Ross Hines,3543,364,3552.73
5527,Stantner LLC,2020-09-22,2021-09-21,Classic,North America,Jerald James,3540,364,3549.73
6717,Strosin - Bins,2020-09-21,2025-09-20,Elite Plus,North America,Marsha Aguilar,17716,1825,3543.2
6631,"Frost, Olson and Schmeler",2022-11-24,2023-11-23,Elite Plus,Asia,Grant Cortez,3533,364,3542.71
6420,"Quigley, Veum and Reilly",2021-05-02,2022-05-01,Elite Plus,North America,Angelo Payne,3531,364,3540.7
4865,Muller - Reichert,2021-06-27,2021-07-27,Classic,North America,John Sacker,291,30,3540.5
2239,D'Amore Group,2021-03-08,2022-03-07,Classic,North America,Karl Long,3527,364,3536.69
6126,Hauck - Adams,2021-04-23,2022-04-22,Classic,Europe,Tomas Glover,3527,364,3536.69
604,"Belfact, Balistreri and Kreiger",2021-08-02,2022-08-01,Elite Plus,North America,Tomas Glover,3523,364,3532.68
2674,Lowe Inc,2021-02-03,2022-02-02,Elite Plus,North America,Marshall Lawson,3520,364,3529.67
4456,Sanford - Armstrong,2020-11-27,2021-11-26,Elite Plus,Latin America,Marshall Lawson,3520,364,3529.67
5766,Hintz and Sons,2021-02-27,2022-02-26,Elite Plus,Europe,Cecelia Burgess,3519,364,3528.67
2766,Jast - Balistreri,2022-01-07,2022-10-08,Elite Plus,North America,Lonnie May,2647,274,3526.11
946,Miller and Sons,2021-07-17,2021-10-10,Elite Plus,North America,Micheal Williams,821,85,3525.47
4920,Kirlin - Simonis,2022-11-18,2023-11-17,Elite Plus,North America,Frankie Fletcher,3513,364,3522.65
4331,Jones - Kuhlman,2021-04-05,2023-04-04,Elite Plus,Latin America,Aloyna Gregory,7033,729,3521.32
8231,"Heller, Robel and Mann",2018-05-30,2019-05-29,Classic,Europe,Angelo Payne,3508,364,3517.64
903,"Lesch, Bernhard and Hills",2020-11-17,2023-03-02,Elite Plus,Europe,Jerald James,8046,835,3517.11
612,Stantner - Trantow,2020-08-23,2022-08-22,Elite Plus,North America,Marsha Aguilar,7022,729,3515.82
2249,Hoeger Group,2020-02-27,2021-02-25,Elite Plus,Europe,Ramon Garcia,3505,364,3514.63
2719,Halvorson and Sons,2020-06-08,2021-06-08,Classic,Latin America,Marshall Lawson,3512,365,3512.0
5758,"Waugh, Herzog and Tremblay",2021-08-20,2022-08-19,Elite Plus,Europe,Marsha Aguilar,3502,364,3511.62
3688,"Schmitt, Purdy and Reichel",2023-08-20,2024-08-19,Elite Plus,North America,Christopher Little,3511,365,3511.0
2434,"Tromp, Gillespie and Pimpernel",2021-08-10,2022-08-09,Elite Plus,North America,Judy Jacobs,3501,364,3510.62
3180,"Goldner, White and Bundel",2021-08-20,2022-08-19,Elite Plus,North America,Ramon Garcia,3499,364,3508.61
1473,"Cummings, Pollich and Hoppe",2020-11-25,2021-11-24,Elite Plus,North America,Ross Hines,3498,364,3507.61
3267,Reynolds - Goodwin,2021-12-25,2022-06-14,Elite Plus,North America,Cecelia Burgess,1643,171,3506.99
1740,"Auer, Jones and Agarwal",2021-03-18,2022-06-22,Elite Plus,Europe,Alice Cole,4428,461,3505.9
5750,Hyatt - Schmitt,2021-10-18,2022-10-17,Elite Plus,Europe,Frankie Fletcher,3496,364,3505.6
1027,"Johnson, Farrell and Zieme",2020-02-16,2021-02-15,Elite Plus,North America,Aloyna Gregory,3505,365,3505.0
1002,Larson - Bundel,2023-09-09,2024-09-08,Elite Plus,North America,Angelo Payne,3505,365,3505.0
609,"Belfact, Balistreri and Kreiger",2021-08-30,2023-09-28,Elite Plus,North America,Tomas Glover,7285,759,3503.33
5241,"Lowe, Weimann and Mertz",2020-05-21,2021-05-20,Elite Plus,Asia,Marsha Aguilar,3493,364,3502.6
4370,"Wiegand, Purdy and Jones",2021-09-21,2023-09-20,Classic,Latin America,Lonnie May,6995,729,3502.3
3895,Kreiger - Russel,2020-05-09,2021-05-08,Elite Plus,North America,Phil Baker,3491,364,3500.59
5712,Heaney - Dickinson,2021-04-27,2021-08-05,Elite Plus,North America,Judy Jacobs,959,100,3500.35
4878,Cummings - Kuphal,2020-12-27,2022-06-25,Classic,Europe,Angelo Payne,5223,545,3497.97
1516,Batz - Aufderhar,2020-09-06,2021-09-05,Elite Plus,North America,Frankie Fletcher,3482,364,3491.57
5065,Collier - Skiles,2021-07-27,2022-09-25,Elite Plus,Europe,Sonja Griffin,4063,425,3489.4
5377,Dicki - Wilderman,2022-02-28,2023-02-27,Elite Plus,North America,John Sacker,3475,364,3484.55
1490,"Cummings, Pollich and Hoppe",2021-07-31,2022-07-30,Elite Plus,North America,Ross Hines,3473,364,3482.54
157,Schroeder - Larkin,2020-11-05,2021-11-04,Elite Plus,North America,Dana Henderson,3471,364,3480.54
4871,Beer - O'Hara,2021-02-25,2022-02-24,Classic,Latin America,Frankie Fletcher,3469,364,3478.53
2635,"Mayert, Murazik and Ernser",2022-01-03,2023-01-02,Elite Plus,North America,Jerald James,3467,364,3476.52
6730,Auer - Barton,2021-09-09,2022-09-08,Classic,North America,Lonnie May,3466,364,3475.52
129,Benjamin Batterbond,2021-06-06,2021-07-05,Classic,North America,Ramon Garcia,276,29,3473.79
6072,"Kub, Murphy and Pagac",2022-03-05,2023-03-04,Elite Plus,North America,Ross Hines,3461,364,3470.51
1117,"Hahn, Nienow and Baumbach",2020-01-01,2021-01-01,Classic,Asia,Christopher Little,3473,366,3463.51
5484,Metz Inc,2021-02-21,2021-12-01,Elite Plus,North America,Patty Ingram,2681,283,3457.83
3256,Reynolds - Goodwin,2021-01-27,2022-01-26,Elite Plus,North America,Cecelia Burgess,3448,364,3457.47
2007,"Altenwerth, Beahan and Buckridge",2020-07-28,2021-07-28,Classic,Latin America,Ross Hines,3457,365,3457.0
5489,Metz Inc,2021-09-17,2024-09-16,Elite Plus,North America,Patty Ingram,10362,1095,3454.0
2228,D'Amore Group,2019-11-26,2020-11-25,Classic,North America,Karl Long,3452,365,3452.0
724,Huels - Mante,2021-06-15,2021-07-14,Classic,Latin America,Christopher Little,274,29,3448.62
6059,Lockman LLC,2021-08-30,2022-08-29,Elite Plus,North America,Aloyna Gregory,3437,364,3446.44
7420,"Weber, Connelly and Ernser",2018-03-15,2019-03-14,Classic,Latin America,John Sacker,3437,364,3446.44
3008,Gammendor - Frost,2020-09-30,2021-09-29,Elite Plus,Europe,Frankie Fletcher,3433,364,3442.43
4907,Kirlin - Simonis,2022-04-06,2023-04-05,Elite Plus,North America,Frankie Fletcher,3431,364,3440.43
1543,Mann - Hane,2020-12-04,2021-12-03,Elite Plus,Asia,Dana Henderson,3431,364,3440.43
1128,"Hahn, Nienow and Baumbach",2020-06-04,2021-06-03,Classic,Asia,Christopher Little,3428,364,3437.42
1884,"Shanahan, Hettinger and Butler",2020-09-17,2021-09-16,Elite Plus,Europe,Angelo Payne,3427,364,3436.41
2317,"Reynolds, Beier and Agarwalms",2021-07-31,2021-08-29,Classic,Europe,Ross Hines,273,29,3436.03
4435,Rath Group,2021-05-21,2022-05-20,Elite Plus,North America,Frankie Fletcher,3426,364,3435.41
5656,Rodriguez - Metz,2020-05-09,2021-05-08,Elite Plus,North America,Jerald James,3423,364,3432.4
6570,"Gutmann, Brakus and Rutherford",2021-03-03,2021-04-02,Classic,North America,Christopher Little,282,30,3431.0
1498,Sawayn - Ortiz,2020-06-07,2021-06-06,Elite Plus,Europe,Karl Long,3420,364,3429.4
2376,Nader Group,2021-02-17,2022-02-16,Classic,Asia,Lonnie May,3418,364,3427.39
5512,Halvorson Group,2022-05-12,2023-05-11,Classic,Latin America,Celia Clayton,3417,364,3426.39
5485,Metz Inc,2021-10-18,2024-10-17,Elite Plus,North America,Patty Ingram,10279,1095,3426.33
2444,"Tromp, Gillespie and Pimpernel",2021-07-21,2022-07-20,Elite Plus,North America,Judy Jacobs,3413,364,3422.38
3582,Gottlieb - Huel,2021-04-27,2021-07-27,Elite Plus,Europe,Grant Cortez,853,91,3421.37
222,"Larkin, Graham and Krajcik",2021-05-23,2022-05-22,Classic,Latin America,Phil Baker,3411,364,3420.37
1041,"Johnson, Farrell and Zieme",2022-04-01,2023-03-13,Elite Plus,North America,Aloyna Gregory,3238,346,3415.81
373,Gislason Group,2020-02-10,2021-02-08,Classic,North America,Christopher Little,3402,364,3411.35
1026,Koss - Streich,2021-07-18,2021-08-16,Classic,North America,Karl Long,271,29,3410.86
1554,Satterfield and Sons,2021-10-27,2022-10-26,Elite Plus,Latin America,Jerald James,3399,364,3408.34
5964,Gaverman - Boyer,2021-06-19,2022-06-18,Classic,Asia,Judy Jacobs,3396,364,3405.33
2454,"Tromp, Gillespie and Pimpernel",2021-11-11,2022-11-10,Elite Plus,North America,Judy Jacobs,3395,364,3404.33
3821,"SchamBundelr, Kirlin and Schuppe",2021-03-20,2022-03-19,Classic,Latin America,Ross Hines,3393,364,3402.32
2494,Breitenberg LLC,2021-01-11,2024-01-10,Elite Plus,Europe,Celia Clayton,10192,1094,3400.44
6929,Kiehn-Morissette,2018-03-23,2019-03-22,Classic,North America,Cecelia Burgess,3391,364,3400.32
5874,"Dicki, Bosco and Rempel",2021-10-28,2022-10-27,Elite Plus,North America,Grant Cortez,3390,364,3399.31
2366,Brakus Group,2020-11-16,2021-11-15,Elite Plus,North America,Marshall Lawson,3387,364,3396.3
5266,Schmeler - Ankunding,2021-05-24,2022-05-23,Elite Plus,North America,John Sacker,3386,364,3395.3
4867,Muller - Reichert,2021-09-15,2021-10-15,Classic,North America,John Sacker,279,30,3394.5
1461,Heathcote Inc,2021-02-12,2022-02-11,Elite Plus,North America,Patty Ingram,3379,364,3388.28
2998,Kuhlman - Greenfelder,2020-12-21,2021-12-20,Elite Plus,Europe,Frankie Fletcher,3377,364,3386.28
3568,"Lowe, Collier and Bartell",2021-06-23,2021-07-22,Classic,Latin America,Walter Sacha,269,29,3385.69
5951,Schuster and Sons,2020-07-05,2021-07-04,Elite Plus,North America,John Sacker,3372,364,3381.26
4747,"Stoltenberg, Batz and Heidenreich",2020-12-13,2021-12-12,Elite Plus,Europe,Walter Sacha,3371,364,3380.26
3723,Hickle - McCullough,2021-10-28,2022-10-28,Classic,North America,Alice Cole,3379,365,3379.0
6298,Kulas - Ryan,2021-12-31,2022-12-30,Elite Plus,North America,Christopher Little,3369,364,3378.26
2203,"Purdy, Howe and Cassin",2020-05-02,2021-05-01,Elite Plus,Europe,Marshall Lawson,3364,364,3373.24
6409,"Quigley, Veum and Reilly",2020-09-03,2021-09-02,Elite Plus,North America,Angelo Payne,3364,364,3373.24
69,Beier Group,2021-12-16,2024-12-15,Elite Plus,Europe,Frankie Fletcher,10099,1095,3366.33
7309,"Rowe, Wyman and Rau",2018-06-03,2019-06-02,Elite Plus,Latin America,Dana Henderson,3357,364,3366.22
2917,Parker - Runolfsson,2022-05-05,2023-05-04,Elite Plus,Asia,Sonja Griffin,3356,364,3365.22
2520,"Leffler, Lesch and Halvorson",2023-11-01,2024-10-31,Elite Plus,North America,Ross Hines,3363,365,3363.0
3368,"Blick, Bernier and Flatley",2020-03-12,2021-03-11,Classic,Latin America,Celia Clayton,3352,364,3361.21
1876,"Wehner, Klocko and Legros",2021-05-08,2022-05-07,Elite Plus,North America,Cecelia Burgess,3351,364,3360.21
1840,Schuster - Torp,2021-10-04,2022-10-03,Elite Plus,North America,Ramon Garcia,3350,364,3359.2
1396,Cronin - Lehner,2020-08-16,2021-08-15,Elite Plus,North America,Karl Long,3348,364,3357.2
3255,Reynolds - Goodwin,2020-12-15,2021-12-14,Elite Plus,North America,Cecelia Burgess,3348,364,3357.2
396,Zboncak LLC,2020-11-11,2021-11-10,Elite Plus,North America,Marshall Lawson,3348,364,3357.2
6352,"Crist, Ondricka and DuBuque",2021-03-09,2022-03-08,Elite Plus,North America,Karl Long,3347,364,3356.2
2207,"Adams, Harvey and Wehner",2021-07-27,2022-07-26,Elite Plus,Europe,Alice Cole,3345,364,3354.19
5281,Hills LLC,2021-04-01,2022-03-31,Elite Plus,Europe,Angelo Payne,3341,364,3350.18
5519,Baumbach - Simonis,2020-03-07,2021-03-07,Elite Plus,North America,Ross Hines,3350,365,3350.0
45,Yost and Sons,2020-04-30,2021-04-29,Elite Plus,Europe,Sonja Griffin,3340,364,3349.18
3948,"Graham, Rempel and Boyer",2020-12-10,2021-12-09,Elite Plus,North America,Walter Sacha,3339,364,3348.17
3459,Effertz Inc,2021-07-23,2021-08-21,Classic,Europe,Christopher Little,266,29,3347.93
4875,"McGlynn, Heathcote and Bergstrom",2021-05-13,2022-05-12,Classic,Europe,Judy Jacobs,3335,364,3344.16
6387,Gerlach and Sons,2020-08-18,2023-08-17,Elite Plus,Europe,Christopher Little,10021,1094,3343.39
2586,"Marks, Russel and Hudson",2021-10-31,2022-10-30,Classic,North America,Alice Cole,3334,364,3343.16
1818,Schuster - Torp,2021-03-01,2024-02-29,Elite Plus,North America,Ramon Garcia,10028,1095,3342.67
1424,"West, Toy and Cummings",2020-12-05,2021-12-04,Elite Plus,North America,Grant Cortez,3333,364,3342.16
1716,Erdman - Kozey,2022-03-06,2024-12-03,Elite Plus,North America,Christopher Little,9176,1003,3339.22
4051,Erdman Group,2021-07-01,2022-06-30,Elite Plus,North America,Judy Jacobs,3328,364,3337.14
4352,Ebert - Lowe,2020-09-04,2021-09-03,Classic,Latin America,Patty Ingram,3327,364,3336.14
4473,Zemlak Group,2020-01-09,2021-01-07,Elite Plus,North America,Celia Clayton,3327,364,3336.14
4962,Langosh Inc,2020-05-17,2020-12-16,Elite Plus,Europe,Cecelia Burgess,1946,213,3334.69
6263,Bechel Inc,2023-06-02,2024-06-01,Elite Plus,Europe,Walter Sacha,3334,365,3334.0
5431,Schmitt - Zieme,2021-01-15,2022-01-14,Elite Plus,Asia,Walter Sacha,3324,364,3333.13
4530,Reynolds LLC,2021-08-15,2022-08-14,Elite Plus,North America,Marsha Aguilar,3323,364,3332.13
6004,O'Connell - Lehner,2021-07-30,2024-07-29,Elite Plus,North America,Karl Long,9994,1095,3331.33
3630,"Macejkovic, Bosco and Buckridge",2020-02-04,2021-02-02,Elite Plus,North America,Tomas Glover,3320,364,3329.12
4284,Jaskolski - Corkery,2021-11-27,2022-11-26,Classic,Asia,Marsha Aguilar,3316,364,3325.11
5416,"Cronin, Canten and Langosh",2021-08-18,2021-09-17,Classic,Asia,John Sacker,273,30,3321.5
5244,"Lowe, Weimann and Mertz",2022-04-10,2023-04-09,Elite Plus,Asia,Marsha Aguilar,3307,364,3316.09
6229,Crooks LLC,2021-07-21,2022-07-20,Elite Plus,North America,Aloyna Gregory,3306,364,3315.08
6182,"Dietrich, Larson and Murazik",2021-12-24,2022-12-23,Elite Plus,Europe,Christopher Little,3304,364,3313.08
1114,"Mueller, Cremin and Pollich",2020-10-16,2021-12-17,Elite Plus,Europe,Frankie Fletcher,3874,427,3311.5
4,Towne - Kub,2020-06-05,2021-06-13,Classic,Europe,Alton Hunt,3384,373,3311.42
4384,Denesik and Sons,2020-03-06,2021-03-06,Elite Plus,Europe,Karl Long,3311,365,3311.0
4312,Bundel - Reichert,2021-04-02,2022-04-02,Classic,Asia,Christopher Little,3310,365,3310.0
2334,Graham and Sons,2020-05-16,2021-05-15,Classic,North America,Angelo Payne,3297,364,3306.06
712,Rogahn - Albertson,2020-05-31,2021-05-30,Elite Plus,Asia,Alice Cole,3294,364,3303.05
538,Harvey and Sons,2019-11-13,2020-11-12,Elite Plus,Asia,Walter Sacha,3299,365,3299.0
5536,Stantner LLC,2021-05-22,2021-06-20,Classic,North America,Jerald James,262,29,3297.59
4440,Breitenberg Group,2021-04-07,2022-04-06,Classic,Latin America,Aloyna Gregory,3288,364,3297.03
2982,Schaden Group,2022-04-08,2023-04-07,Elite Plus,Europe,Alice Cole,3286,364,3295.03
2522,"Leffler, Lesch and Halvorson",2022-08-01,2023-07-31,Elite Plus,North America,Ross Hines,3285,364,3294.02
5903,"Schmitt, Grady and Dickens",2021-04-18,2022-04-17,Elite Plus,North America,Angelo Payne,3285,364,3294.02
7940,"Stanton, Homenick and Donnelly",2019-10-07,2020-10-06,Classic,North America,Cecelia Burgess,3291,365,3291.0
4376,Gusikowski Inc,2021-01-02,2023-01-01,Elite Plus,Latin America,Aloyna Gregory,6570,729,3289.51
2250,Hoeger Group,2020-01-08,2021-01-06,Elite Plus,Europe,Ramon Garcia,3276,364,3285.0
6800,Schmeler PLC,2019-01-10,2020-01-09,Classic,North America,Ramon Garcia,3276,364,3285.0
4164,Lebsack - Batz,2020-09-21,2023-09-20,Elite Plus,Europe,Phil Baker,9838,1094,3282.33
468,MacGyver - Bashirian,2021-08-20,2022-08-19,Elite Plus,Europe,Karl Long,3272,364,3280.99
5671,Pagac - Fay,2020-02-17,2021-02-16,Elite Plus,North America,Cecelia Burgess,3280,365,3280.0
5615,Funk LLC,2021-06-18,2022-06-17,Elite Plus,Europe,Tomas Glover,3271,364,3279.99
5112,Mueller - Gusikowski,2021-06-03,2024-06-02,Classic,Latin America,Aloyna Gregory,9832,1095,3277.33
3900,Kreiger - Russel,2020-07-16,2021-07-15,Elite Plus,North America,Phil Baker,3264,364,3272.97
1603,Parisian - Gorczany,2021-05-17,2022-05-17,Classic,North America,Alton Hunt,3272,365,3272.0
3096,O'Kon - Weber,2021-09-05,2023-09-04,Elite Plus,North America,Grant Cortez,6533,729,3270.98
4970,"Terry, Kuphal and Morissette",2021-11-15,2022-11-14,Classic,North America,Walter Sacha,3262,364,3270.96
4508,Zemlak Group,2022-02-22,2022-10-21,Elite Plus,North America,Celia Clayton,2159,241,3269.85
3802,"Hilll, Kiehn and Douglas",2021-08-15,2022-08-14,Elite Plus,Latin America,Karl Long,3260,364,3268.96
7041,Fadel Group,2018-05-12,2019-03-21,Elite Plus,North America,Ross Hines,2799,313,3264.01
4895,Muller - Spinka,2020-01-05,2021-01-03,Classic,North America,Marsha Aguilar,3255,364,3263.94
2422,"Tromp, Gillespie and Pimpernel",2020-12-21,2021-06-07,Elite Plus,North America,Judy Jacobs,1501,168,3261.1
901,"Lesch, Bernhard and Hills",2019-12-15,2020-12-14,Elite Plus,Europe,Jerald James,3259,365,3259.0
2644,"Hyatt, Johns and Lowe",2020-11-24,2021-01-15,Elite Plus,North America,Jerald James,464,52,3256.92
6656,"Lakin, Wisoky and Wintheiser",2020-05-06,2021-05-06,Classic,North America,Jerald James,3255,365,3255.0
6190,"Dietrich, Larson and Murazik",2020-10-13,2021-10-12,Elite Plus,Europe,Christopher Little,3241,364,3249.9
1268,Okuneva and Sons,2020-01-30,2021-01-29,Elite Plus,Latin America,Ross Hines,3249,365,3249.0
4223,Boone Inc,2020-06-15,2021-06-14,Elite Plus,Asia,Marshall Lawson,3231,364,3239.88
707,"White, Keeling and Jakubowski",2021-12-31,2022-12-30,Elite Plus,North America,Sonja Griffin,3231,364,3239.88
7602,Olson-Gaverman,2018-08-30,2019-08-29,Classic,North America,Sonja Griffin,3229,364,3237.87
5560,Gislason LLC,2020-12-14,2021-12-13,Elite Plus,Asia,Marshall Lawson,3225,364,3233.86
5813,"Hilll, Friesen and O'Connell",2022-04-13,2022-04-27,Elite Plus,North America,Marsha Aguilar,124,14,3232.86
299,O'Keefe - Skiles,2020-06-15,2021-06-14,Classic,Europe,Sonja Griffin,3224,364,3232.86
4293,Lueilwitz - Harvey,2020-10-10,2021-10-09,Classic,Europe,Micheal Williams,3223,364,3231.85
5393,Schmitt LLC,2020-05-18,2021-05-17,Elite Plus,Latin America,Dana Henderson,3223,364,3231.85
1383,Zieme Group,2021-10-06,2022-10-05,Elite Plus,North America,Alton Hunt,3221,364,3229.85
3341,"Gupta,Agarwal and Nolan",2021-01-24,2021-02-23,Classic,Asia,Tomas Glover,265,30,3224.17
2233,D'Amore Group,2020-01-25,2021-01-23,Classic,North America,Karl Long,3214,364,3222.83
3257,Reynolds - Goodwin,2021-01-13,2022-01-12,Elite Plus,North America,Cecelia Burgess,3213,364,3221.83
3818,Quitzon Group,2021-04-20,2026-01-20,Elite Plus,Asia,Grant Cortez,15308,1736,3218.56
3451,Gutkowski - Sauer,2021-01-06,2022-01-05,Elite Plus,Europe,Dana Henderson,3204,364,3212.8
4834,Deckow - Deckow,2021-02-10,2021-03-12,Classic,Latin America,Angelo Payne,264,30,3212.0
4338,"Schulist, Streich and Kertzmann",2021-07-14,2022-07-14,Classic,North America,Jerald James,3211,365,3211.0
2962,Kunze Group,2020-09-06,2021-09-05,Classic,North America,Grant Cortez,3202,364,3210.8
2690,Torphy - Ledner,2020-06-13,2021-06-13,Classic,North America,Tomas Glover,3207,365,3207.0
6550,"Brekke, Goodwin and Purdy",2021-12-06,2024-12-05,Elite Plus,North America,Celia Clayton,9614,1095,3204.67
3372,"Blick, Bernier and Flatley",2021-02-03,2021-03-02,Classic,Latin America,Celia Clayton,237,27,3203.89
1924,"Lesch, Klein and Koepp",2021-04-21,2022-04-20,Elite Plus,Europe,Tomas Glover,3193,364,3201.77
1293,"Barrows, Raynor and Funk",2020-03-06,2021-03-07,Classic,Latin America,Lonnie May,3207,366,3198.24
229,Nader LLC,2022-02-04,2023-02-03,Elite Plus,Europe,Marshall Lawson,3187,364,3195.76
2852,Powlowski - Hilpert,2021-02-05,2022-02-04,Elite Plus,Asia,Sonja Griffin,3185,364,3193.75
7388,"SchoStantner, McKinnon and Nicolas",2018-03-15,2019-03-14,Classic,North America,Marsha Aguilar,3183,364,3191.74
2080,"Fahey, Collins and Labadie",2023-07-06,2024-07-05,Classic,Latin America,Cecelia Burgess,3191,365,3191.0
1015,Koss - Streich,2020-11-24,2021-11-23,Classic,North America,Karl Long,3178,364,3186.73
1632,Greenholt - Farrell,2020-10-23,2021-10-22,Elite Plus,Asia,Grant Cortez,3176,364,3184.73
5814,"Hilll, Friesen and O'Connell",2022-07-27,2022-08-10,Elite Plus,North America,Marsha Aguilar,122,14,3180.71
2879,"Bernier, Metz and Fay",2020-04-23,2021-04-22,Elite Plus,North America,Grant Cortez,3169,364,3177.71
3194,Ziemann Group,2020-10-09,2021-10-08,Classic,Latin America,Christopher Little,3167,364,3175.7
1792,"Sipes, O'Hara and Okuneva",2021-08-02,2021-09-01,Classic,Latin America,Grant Cortez,261,30,3175.5
5439,"Larkin, Dickens and Simonis",2020-10-28,2021-10-28,Elite Plus,Asia,Tomas Glover,3175,365,3175.0
705,"White, Keeling and Jakubowski",2021-08-10,2022-08-09,Elite Plus,North America,Sonja Griffin,3166,364,3174.7
1639,Weissnat - Kessler,2021-12-10,2023-12-09,Elite Plus,Europe,Lonnie May,6335,729,3171.84
6329,"Strosin, McGlynn and Emmerich",2020-07-21,2021-07-20,Elite Plus,North America,Ross Hines,3161,364,3169.68
6105,Stoltenberg - Kassulke,2021-06-08,2023-06-07,Elite Plus,North America,Karl Long,6330,729,3169.34
2551,"Oberbrunner, Fadel and Dare",2021-08-29,2022-08-28,Classic,Europe,Alice Cole,3160,364,3168.68
2052,Herzog - Donnelly,2020-12-09,2021-12-08,Elite Plus,North America,Phil Baker,3156,364,3164.67
3779,Stracke - Cassin,2021-10-23,2022-10-22,Elite Plus,North America,Lonnie May,3156,364,3164.67
4128,Leffler - Langworth,2021-05-29,2022-05-29,Classic,Asia,Patty Ingram,3164,365,3164.0
1928,Tillman - Kuvalis,2020-04-15,2021-04-14,Classic,North America,Patty Ingram,3150,364,3158.65
5324,"Erdman, Schaden and Bechel",2020-12-03,2021-12-02,Elite Plus,Europe,Celia Clayton,3147,364,3155.65
3425,Waelchi - Botsford,2021-11-03,2023-11-03,Classic,Latin America,Walter Sacha,6311,730,3155.5
3691,Rippin and Sons,2019-12-12,2020-12-11,Classic,North America,Aloyna Gregory,3155,365,3155.0
938,Gupta - Agarwal,2021-01-04,2021-08-06,Elite Plus,North America,Walter Sacha,1849,214,3153.67
1975,Davis and Sons,2020-12-23,2021-12-22,Elite Plus,North America,Aloyna Gregory,3145,364,3153.64
6305,Kunde Inc,2020-05-03,2021-05-02,Elite Plus,North America,Lonnie May,3141,364,3149.63
4160,Torphy Group,2022-01-14,2022-04-15,Elite Plus,Asia,Tomas Glover,785,91,3148.63
7760,Jacobi-Tremblay,2018-10-14,2019-10-13,Classic,North America,Dana Henderson,3138,364,3146.62
7945,Pagac-Hessel,2019-10-17,2020-10-16,Classic,North America,Alton Hunt,3145,365,3145.0
3916,Monahan - Ruecker,2020-03-16,2021-03-15,Elite Plus,North America,Judy Jacobs,3128,364,3136.59
2224,"Cormier, Powlowski and Murazik",2020-06-23,2021-06-22,Elite Plus,Europe,Walter Sacha,3127,364,3135.59
3656,Kuvalis LLC,2021-08-03,2021-09-01,Classic,Latin America,Sonja Griffin,249,29,3133.97
1847,Goodwin and Sons,2019-10-16,2020-10-15,Elite Plus,North America,Angelo Payne,3132,365,3132.0
2273,"Kutch, Gerhold and Quitzon",2022-05-06,2023-05-05,Elite Plus,Europe,Karl Long,3121,364,3129.57
305,O'Keefe - Skiles,2022-03-15,2022-12-14,Elite Plus,Europe,Sonja Griffin,2349,274,3129.14
1895,"Quigley, Kub and Ponting",2020-04-12,2021-04-11,Elite Plus,North America,Alton Hunt,3120,364,3128.57
6647,"Oberbrunner, Ritchie and Labadie",2020-12-01,2021-11-30,Elite Plus,Europe,Cecelia Burgess,3119,364,3127.57
1345,Stoltenberg LLC,2020-11-18,2023-11-17,Elite Plus,North America,Angelo Payne,9364,1094,3124.19
3487,Senger LLC,2021-07-24,2022-07-23,Elite Plus,North America,Tomas Glover,3115,364,3123.56
7971,Schulist Inc,2019-08-24,2020-08-23,Classic,North America,Patty Ingram,3122,365,3122.0
1478,"Cummings, Pollich and Hoppe",2022-10-09,2022-11-07,Elite Plus,North America,Ross Hines,248,29,3121.38
1963,"Feil, Norman and Mayer",2022-06-17,2023-06-16,Elite Plus,Europe,Marshall Lawson,3112,364,3120.55
1783,"Heathcote, Oberbrunner and Considine",2020-12-08,2021-12-07,Elite Plus,North America,Grant Cortez,3109,364,3117.54
7252,Zemlak-Littel,2019-03-26,2020-03-25,Classic,North America,Micheal Williams,3117,365,3117.0
5563,Gislason LLC,2021-11-11,2022-11-10,Elite Plus,Asia,Marshall Lawson,3108,364,3116.54
4285,"Waugh, King and Bins",2020-05-11,2021-05-10,Elite Plus,Europe,Marshall Lawson,3105,364,3113.53
105,"Hayes, Wilderman and Cremin",2021-02-08,2021-07-19,Classic,Latin America,Alton Hunt,1372,161,3110.43
2358,Deckow - Kulas,2020-12-29,2021-01-25,Classic,Latin America,Judy Jacobs,230,27,3109.26
930,Gupta - Agarwal,2020-09-28,2021-04-30,Elite Plus,North America,Walter Sacha,1822,214,3107.62
5472,Kertzmann - Langworth,2021-04-20,2022-04-19,Elite Plus,North America,Marshall Lawson,3099,364,3107.51
4197,Turcotte - Kling,2020-03-29,2021-03-30,Classic,North America,Christopher Little,3115,366,3106.49
1237,Purdy Inc,2020-05-20,2021-05-19,Classic,Europe,Sonja Griffin,3097,364,3105.51
4776,"Hermiston, Weimann and Lemke",2020-01-17,2021-01-16,Elite Plus,North America,Ross Hines,3103,365,3103.0
3507,Muller and Sons,2021-06-22,2022-06-21,Classic,North America,Karl Long,3094,364,3102.5
6133,"Dietrich, Larson and Murazik",2019-09-23,2020-09-22,Elite Plus,Europe,Christopher Little,3102,365,3102.0
6709,Friesen Group,2021-02-23,2024-03-24,Elite Plus,Asia,Phil Baker,9556,1125,3100.39
6692,Reichel - Leannon,2023-04-07,2024-04-06,Elite Plus,Latin America,Celia Clayton,3100,365,3100.0
6256,Bechel Inc,2022-03-16,2023-03-15,Elite Plus,Europe,Walter Sacha,3090,364,3098.49
3309,"Mackerrel, Schroeder and Gutkowski",2020-08-07,2021-08-06,Elite Plus,North America,Tomas Glover,3090,364,3098.49
5224,Wisozk LLC,2020-08-03,2021-08-02,Classic,Latin America,Aloyna Gregory,3088,364,3096.48
5982,Stehr and Sons,2020-07-23,2021-07-22,Elite Plus,North America,Phil Baker,3086,364,3094.48
6203,"Dietrich, Larson and Murazik",2021-01-10,2023-07-10,Elite Plus,Europe,Christopher Little,7723,911,3094.29
1358,Sporer - Bednar,2021-12-27,2022-12-26,Elite Plus,Europe,Walter Sacha,3081,364,3089.46
5868,"Dicki, Bosco and Rempel",2021-02-09,2022-02-08,Elite Plus,North America,Grant Cortez,3079,364,3087.46
6434,Purdy - Russel,2021-09-19,2022-09-18,Elite Plus,Latin America,Ross Hines,3079,364,3087.46
1694,"Purdy, Hableton and Thiel",2020-10-16,2021-10-15,Classic,North America,Alton Hunt,3077,364,3085.45
4516,Zemlak Group,2021-04-02,2022-09-01,Elite Plus,North America,Celia Clayton,4370,517,3085.2
7808,"Steuber, Doyle and Bode",2019-02-21,2020-02-21,Classic,North America,Lonnie May,3085,365,3085.0
870,"Stantner, Ponting and Rosenbaum",2021-08-30,2021-09-28,Classic,North America,Alice Cole,245,29,3083.62
4988,Sawayn - Jaskolski,2021-10-24,2022-12-12,Elite Plus,Europe,Celia Clayton,3497,414,3083.1
3032,Cassle - Hirthe,2021-03-24,2022-07-23,Elite Plus,Asia,Christopher Little,4103,486,3081.47
1872,"Kassulke, Fritsch and Lebsack",2021-09-28,2024-09-27,Elite Plus,North America,Jerald James,9241,1095,3080.33
140,Schaden LLC,2020-06-13,2021-06-13,Classic,Latin America,Christopher Little,3080,365,3080.0
2182,Collins - Rosenbaum,2020-12-18,2022-12-17,Elite Plus,Europe,Ramon Garcia,6149,729,3078.72
4808,Bashirian - Mante,2020-11-27,2021-11-26,Classic,Europe,Micheal Williams,3070,364,3078.43
6451,Frost Group,2020-02-16,2021-02-14,Classic,North America,Angelo Payne,3070,364,3078.43
1784,"Heathcote, Oberbrunner and Considine",2021-01-10,2022-01-09,Elite Plus,North America,Grant Cortez,3070,364,3078.43
17,Towne - Kub,2021-01-16,2021-02-15,Classic,Europe,Alton Hunt,253,30,3078.17
6603,"Simonis, Boone and Swift",2020-08-05,2021-08-04,Classic,North America,Cecelia Burgess,3064,364,3072.42
404,Zboncak LLC,2021-06-02,2022-06-01,Elite Plus,North America,Marshall Lawson,3062,364,3070.41
1861,Grant LLC,2021-05-10,2022-05-09,Elite Plus,North America,Karl Long,3059,364,3067.4
5493,Parker and Sons,2021-04-20,2022-04-19,Elite Plus,Europe,Grant Cortez,3056,364,3064.4
4813,Bashirian - Mante,2021-09-29,2022-09-28,Classic,Europe,Micheal Williams,3055,364,3063.39
6257,Bechel Inc,2022-01-24,2023-01-23,Elite Plus,Europe,Walter Sacha,3055,364,3063.39
3106,"D'Amore, Bernier and Canten",2021-10-18,2023-01-26,Elite Plus,Europe,Alton Hunt,3902,465,3062.86
2658,"D'Amore, Bechel and Bechel",2022-03-23,2023-03-22,Classic,North America,Patty Ingram,3054,364,3062.39
3651,"Skiles, Powlowski and Bartell",2021-04-27,2022-04-26,Elite Plus,North America,Patty Ingram,3052,364,3060.38
7972,Schulist Inc,2019-08-24,2020-08-23,Classic,North America,Patty Ingram,3060,365,3060.0
1286,"Trantow, Dickens and Rogahn",2022-02-17,2023-02-16,Elite Plus,North America,Celia Clayton,3051,364,3059.38
4946,Lesch - Johnston,2021-08-01,2022-07-31,Elite Plus,North America,Tomas Glover,3048,364,3056.37
1172,"Zamber, Gaverman and Hableton",2020-10-18,2023-10-17,Elite Plus,Europe,Lonnie May,9160,1094,3056.12
5384,Dicki - Wilderman,2023-07-11,2024-07-10,Elite Plus,North America,John Sacker,3055,365,3055.0
6192,"Dietrich, Larson and Murazik",2022-06-06,2023-04-05,Elite Plus,Europe,Christopher Little,2534,303,3052.51
5795,"Hilll, Friesen and O'Connell",2020-07-08,2021-07-07,Elite Plus,North America,Marsha Aguilar,3044,364,3052.36
3716,Jones LLC,2020-10-02,2021-10-01,Elite Plus,North America,Lonnie May,3043,364,3051.36
7488,"Goldner, Lueilwitz and McClure",2018-04-09,2019-04-08,Classic,Europe,Micheal Williams,3042,364,3050.36
3021,Gammendor - Frost,2021-03-23,2022-03-22,Elite Plus,Europe,Frankie Fletcher,3041,364,3049.35
1131,"Hahn, Nienow and Baumbach",2021-01-03,2022-01-02,Classic,Asia,Christopher Little,3041,364,3049.35
4191,Rogahn Inc,2021-07-28,2022-07-27,Elite Plus,North America,John Sacker,3041,364,3049.35
2688,Witting - Kessler,2021-03-29,2022-03-28,Classic,Latin America,Grant Cortez,3041,364,3049.35
5311,Hudson and Sons,2021-02-17,2022-02-16,Elite Plus,Europe,Ramon Garcia,3040,364,3048.35
3944,Kohler Group,2020-04-23,2021-04-22,Elite Plus,Latin America,Dana Henderson,3039,364,3047.35
5634,"Stiedemann, Labadie and Prosacco",2022-07-16,2023-07-15,Elite Plus,North America,Ramon Garcia,3039,364,3047.35
7700,Goyette-Rosenbaum,2018-12-24,2019-12-23,Classic,Europe,Judy Jacobs,3035,364,3043.34
128,Benjamin Batterbond,2021-06-23,2021-07-23,Classic,North America,Ramon Garcia,250,30,3041.67
1450,Heathcote Inc,2020-09-16,2021-02-14,Elite Plus,North America,Patty Ingram,1258,151,3040.86
2175,Lockman - Gleichner,2020-10-05,2021-10-05,Classic,Latin America,John Sacker,3038,365,3038.0
1542,Mann - Hane,2021-01-30,2022-01-29,Elite Plus,Asia,Dana Henderson,3027,364,3035.32
4174,Smith - Rice,2021-11-25,2022-11-24,Elite Plus,Europe,Ross Hines,3020,364,3028.3
3396,Rippin Inc,2021-10-12,2021-12-19,Elite Plus,North America,Tomas Glover,564,68,3027.35
3724,Stehr LLC,2020-05-30,2021-05-29,Elite Plus,Asia,Tomas Glover,3019,364,3027.29
1929,Tillman - Kuvalis,2020-01-05,2021-01-03,Classic,North America,Patty Ingram,3019,364,3027.29
3000,Wisoky Inc,2021-05-19,2022-05-18,Elite Plus,Europe,Tomas Glover,3019,364,3027.29
6200,"Dietrich, Larson and Murazik",2020-08-30,2022-05-28,Elite Plus,Europe,Christopher Little,5274,636,3026.75
5769,Cassle - Mosciski,2021-05-05,2024-05-03,Elite Plus,North America,Christopher Little,9069,1094,3025.76
5624,"Stiedemann, Labadie and Prosacco",2020-07-16,2021-07-15,Elite Plus,North America,Ramon Garcia,3017,364,3025.29
988,Mayert - Wintheiser,2020-08-11,2021-08-10,Elite Plus,Europe,Christopher Little,3016,364,3024.29
947,Miller and Sons,2020-12-27,2021-12-26,Elite Plus,North America,Micheal Williams,3016,364,3024.29
710,"White, Keeling and Jakubowski",2022-01-17,2023-01-16,Elite Plus,North America,Sonja Griffin,3016,364,3024.29
6502,Ledner - Sporer,2020-05-10,2020-11-09,Classic,Europe,John Sacker,1516,183,3023.72
6191,"Dietrich, Larson and Murazik",2021-11-01,2022-10-31,Elite Plus,Europe,Christopher Little,3013,364,3021.28
1939,"Huels, Pollich and Jacobi",2020-08-29,2021-08-28,Elite Plus,North America,Karl Long,3013,364,3021.28
3882,Huels and Sons,2020-12-13,2021-12-12,Elite Plus,North America,Dana Henderson,3010,364,3018.27
228,Nader LLC,2020-09-23,2021-09-22,Elite Plus,Europe,Marshall Lawson,3010,364,3018.27
6233,Crooks LLC,2022-06-07,2023-06-06,Elite Plus,North America,Aloyna Gregory,3009,364,3017.27
4751,"Cole, Considine and Mraz",2021-08-20,2022-08-19,Elite Plus,Europe,Micheal Williams,3007,364,3015.26
5626,"Stiedemann, Labadie and Prosacco",2020-12-12,2021-12-11,Elite Plus,North America,Ramon Garcia,3006,364,3014.26
4499,Zemlak Group,2022-06-21,2022-10-15,Elite Plus,North America,Celia Clayton,957,116,3011.25
5707,Altenwerth - Rosenbaum,2022-09-25,2023-09-24,Elite Plus,Latin America,Aloyna Gregory,3001,364,3009.24
2271,"Kutch, Gerhold and Quitzon",2021-05-04,2022-05-03,Elite Plus,Europe,Karl Long,3001,364,3009.24
298,"Fay, Orn and Wiza",2021-08-06,2022-08-05,Classic,Europe,Jerald James,2999,364,3007.24
4211,King LLC,2020-11-15,2021-11-14,Elite Plus,Asia,Walter Sacha,2996,364,3004.23
7010,"Mackerrel, Schuppe and Agarwal",2018-02-20,2019-02-19,Classic,North America,Tomas Glover,2995,364,3003.23
3743,Raynor Group,2021-09-25,2022-12-25,Elite Plus,Europe,Marshall Lawson,3751,456,3002.45
2047,Ondricka - Sipes,2021-04-16,2023-11-05,Elite Plus,North America,Grant Cortez,7673,933,3001.76
4728,Robel Group,2021-01-13,2022-03-12,Elite Plus,Latin America,Aloyna Gregory,3476,423,2999.39
5902,"Schmitt, Grady and Dickens",2020-05-28,2021-05-27,Elite Plus,North America,Angelo Payne,2989,364,2997.21
1968,Nikolaus - Bernier,2021-07-05,2022-07-04,Elite Plus,Europe,Tomas Glover,2987,364,2995.21
2506,Stoltenberg Group,2019-10-15,2020-10-14,Elite Plus,North America,Judy Jacobs,2993,365,2993.0
6101,Schneider - Koss,2021-08-23,2022-08-22,Classic,Latin America,Karl Long,2982,364,2990.19
8116,Flatley Ltd,2019-10-23,2020-06-08,Elite Plus,North America,Alton Hunt,1876,229,2990.13
2419,"Tromp, Gillespie and Pimpernel",2021-01-07,2021-07-22,Elite Plus,North America,Judy Jacobs,1604,196,2987.04
3116,"Stanton, Bergstrom and Skiles",2021-09-07,2022-09-06,Classic,Latin America,Dana Henderson,2977,364,2985.18
51,Hirthe - Mueller,2021-04-06,2022-04-05,Classic,Latin America,Marsha Aguilar,2975,364,2983.17
5986,Stehr and Sons,2020-09-04,2021-09-03,Elite Plus,North America,Phil Baker,2967,364,2975.15
2128,Gupta LLC,2021-09-06,2024-12-22,Elite Plus,North America,Marsha Aguilar,9804,1203,2974.61
2683,Hegmann - Mayert,2021-01-07,2022-01-06,Elite Plus,North America,Alton Hunt,2965,364,2973.15
1795,"Sipes, O'Hara and Okuneva",2021-07-19,2021-08-17,Classic,Latin America,Grant Cortez,236,29,2970.34
2225,"Cormier, Powlowski and Murazik",2021-10-08,2022-10-07,Elite Plus,Europe,Walter Sacha,2962,364,2970.14
2887,"Bernier, Metz and Fay",2020-09-14,2021-09-13,Elite Plus,North America,Grant Cortez,2961,364,2969.13
1727,Smitham Group,2020-10-06,2021-10-05,Elite Plus,North America,Jerald James,2961,364,2969.13
703,"White, Keeling and Jakubowski",2021-01-23,2021-08-25,Elite Plus,North America,Sonja Griffin,1740,214,2967.76
1310,Stiedemann Group,2021-05-03,2022-05-02,Elite Plus,North America,Alice Cole,2957,364,2965.12
1810,Schuster - Torp,2021-03-09,2024-03-08,Elite Plus,North America,Ramon Garcia,8894,1095,2964.67
5443,"Larkin, Dickens and Simonis",2021-02-20,2021-11-21,Elite Plus,Asia,Tomas Glover,2225,274,2963.96
3158,Krajcik - Bundel,2023-01-20,2024-01-19,Elite Plus,Europe,Marsha Aguilar,2955,364,2963.12
2831,Hilpert and Sons,2021-02-22,2022-02-21,Classic,North America,Marsha Aguilar,2948,364,2956.1
3819,"SchamBundelr, Kirlin and Schuppe",2020-04-09,2021-04-08,Classic,Latin America,Ross Hines,2944,364,2952.09
2939,Quitzon Group,2020-06-22,2021-06-21,Elite Plus,Europe,Grant Cortez,2943,364,2951.09
7711,Batz Ltd,2019-01-13,2020-01-12,Classic,North America,Angelo Payne,2940,364,2948.08
1951,"Huels, Pollich and Jacobi",2021-01-23,2022-01-22,Elite Plus,North America,Karl Long,2940,364,2948.08
5855,Weissnat Group,2021-05-18,2022-05-17,Elite Plus,North America,Patty Ingram,2940,364,2948.08
6307,Kunde Inc,2021-01-10,2022-04-04,Elite Plus,North America,Lonnie May,3626,449,2947.64
837,Wiegand - Breitenberg,2020-04-19,2021-04-18,Classic,North America,Ramon Garcia,2939,364,2947.07
4699,Mayer - Kling,2020-09-04,2023-09-03,Elite Plus,Asia,Frankie Fletcher,8825,1094,2944.36
5913,"Harris, Crooks and Ferry",2021-03-22,2021-04-21,Classic,North America,Marsha Aguilar,242,30,2944.33
4227,"Roberts, Wolf and Lesch",2021-03-19,2021-04-18,Classic,Asia,Cecelia Burgess,242,30,2944.33
6498,Lesch - Wolff,2021-06-17,2022-06-16,Elite Plus,Europe,Alton Hunt,2934,364,2942.06
4573,Renner - Schiller,2021-07-09,2022-07-08,Elite Plus,North America,Judy Jacobs,2934,364,2942.06
7454,"Wintheiser, Howe and Wisoky",2019-10-22,2020-10-21,Classic,North America,John Sacker,2940,365,2940.0
3351,"Rosemont, Beatty and Wolff",2021-01-02,2022-02-01,Elite Plus,Asia,Jerald James,3180,395,2938.48
4899,Muller - Spinka,2020-10-14,2021-10-13,Classic,North America,Marsha Aguilar,2930,364,2938.05
4441,Bon - Volkman,2021-04-21,2021-05-20,Classic,Latin America,John Sacker,233,29,2932.59
3103,"D'Amore, Bernier and Canten",2021-02-01,2022-01-31,Elite Plus,Europe,Alton Hunt,2923,364,2931.03
4647,"Jaskolski, Raynor and Wehner",2020-11-07,2021-11-06,Elite Plus,North America,Grant Cortez,2917,364,2925.01
779,Cummings - Blick,2021-05-04,2022-05-04,Classic,North America,Jerald James,2925,365,2925.0
317,Pagac Group,2021-07-22,2024-07-21,Elite Plus,North America,Karl Long,8772,1095,2924.0
1185,Kirlin LLC,2021-07-01,2022-07-01,Classic,North America,Karl Long,2923,365,2923.0
863,"Stantner, Ponting and Rosenbaum",2021-08-02,2021-08-31,Classic,North America,Alice Cole,232,29,2920.0
21,Towne - Kub,2021-02-09,2021-03-11,Classic,Europe,Alton Hunt,240,30,2920.0
4236,Waugh LLC,2021-09-15,2021-11-14,Elite Plus,Asia,Lonnie May,480,60,2920.0
3789,Erdman and Sons,2021-01-25,2023-01-24,Elite Plus,Europe,Cecelia Burgess,5830,729,2919.0
3182,"Goldner, White and Bundel",2022-09-08,2023-09-07,Elite Plus,North America,Ramon Garcia,2909,364,2916.99
2290,Weissnat - Dicki,2022-07-05,2024-05-03,Elite Plus,Europe,Phil Baker,5336,668,2915.63
1499,Jast - Cassle,2021-06-11,2022-06-10,Elite Plus,North America,Christopher Little,2907,364,2914.99
6754,Ferry Group,2021-02-20,2022-02-19,Elite Plus,Europe,Marshall Lawson,2906,364,2913.98
3200,Metz LLC,2020-08-24,2021-08-23,Elite Plus,North America,Marshall Lawson,2901,364,2908.97
5665,Raynor - Gusikowski,2020-10-19,2020-11-18,Elite Plus,North America,Christopher Little,239,30,2907.83
6522,Douglas - Kozey,2021-08-07,2021-09-05,Classic,North America,Karl Long,231,29,2907.41
5373,"Kutch, Larson and Boone",2022-05-01,2024-11-30,Elite Plus,North America,Grant Cortez,7516,944,2906.08
6374,Mackerrel LLC,2022-08-31,2023-08-30,Elite Plus,Europe,Aloyna Gregory,2898,364,2905.96
2639,"Mayert, Murazik and Ernser",2021-05-09,2022-05-08,Elite Plus,North America,Jerald James,2896,364,2903.96
4715,Padberg Inc,2021-02-18,2022-02-17,Classic,North America,Phil Baker,2896,364,2903.96
8072,"O'Kon, Hoppe and Johnston",2019-10-23,2020-10-22,Classic,Europe,Ross Hines,2898,365,2898.0
1601,Parisian - Gorczany,2020-10-27,2020-11-26,Classic,North America,Alton Hunt,238,30,2895.67
2745,"Volkman, Ponting and Stanton",2021-04-23,2021-05-22,Classic,Europe,Karl Long,230,29,2894.83
4969,Kertzmann - Blick,2021-05-05,2024-05-04,Elite Plus,Latin America,Marshall Lawson,8679,1095,2893.0
3486,Senger LLC,2021-06-25,2022-06-24,Elite Plus,North America,Tomas Glover,2884,364,2891.92
2707,"Stanton, Ernser and Crona",2020-10-28,2021-10-27,Classic,Latin America,Walter Sacha,2882,364,2889.92
5212,"Boehm, Barton and Robel",2021-05-21,2021-08-20,Classic,Europe,Dana Henderson,720,91,2887.91
4431,Rath Group,2020-07-13,2021-07-12,Elite Plus,North America,Frankie Fletcher,2879,364,2886.91
768,"Kunze, Jaskolski and Labadie",2020-11-25,2021-11-24,Elite Plus,Europe,Walter Sacha,2878,364,2885.91
1304,Stiedemann Group,2020-03-08,2021-03-07,Elite Plus,North America,Alice Cole,2878,364,2885.91
370,Gislason Group,2022-01-26,2023-01-25,Classic,North America,Christopher Little,2877,364,2884.9
3360,"Hermann, Hilll and Klein",2021-06-07,2021-12-10,Elite Plus,North America,Cecelia Burgess,1469,186,2882.72
948,Miller and Sons,2020-12-17,2021-12-16,Elite Plus,North America,Micheal Williams,2872,364,2879.89
4645,Macejkovic - Homenick,2021-04-21,2022-04-20,Elite Plus,Asia,Marsha Aguilar,2870,364,2877.88
5104,"Belfact, Wintheiser and Beatty",2021-06-06,2022-08-04,Elite Plus,North America,Lonnie May,3342,424,2876.96
201,Padberg - Schinner,2020-03-17,2021-03-16,Elite Plus,Asia,Marshall Lawson,2866,364,2873.87
3270,Rutherford Inc,2020-07-22,2021-07-21,Elite Plus,North America,Judy Jacobs,2866,364,2873.87
5521,Baumbach - Simonis,2020-05-03,2021-05-03,Elite Plus,North America,Ross Hines,2873,365,2873.0
3901,Kreiger - Russel,2021-03-15,2022-03-14,Elite Plus,North America,Phil Baker,2865,364,2872.87
3003,Gammendor - Frost,2020-03-21,2021-03-21,Elite Plus,Europe,Frankie Fletcher,2872,365,2872.0
5122,"Thiel, Klocko and Hilpert",2021-09-17,2022-09-16,Elite Plus,Europe,Grant Cortez,2864,364,2871.87
6384,Satterfield and Sons,2021-05-31,2021-06-30,Classic,Latin America,Jerald James,236,30,2871.33
834,Schimmel LLC,2023-08-25,2024-08-24,Elite Plus,North America,Ramon Garcia,2870,365,2870.0
1426,"West, Toy and Cummings",2021-01-13,2022-01-12,Elite Plus,North America,Grant Cortez,2859,364,2866.85
3377,Yost Inc,2021-06-08,2022-06-07,Classic,Latin America,Aloyna Gregory,2858,364,2865.85
4189,Rogahn Inc,2021-04-14,2022-04-13,Elite Plus,North America,John Sacker,2856,364,2863.85
1060,"Johnson, Farrell and Zieme",2021-06-08,2022-06-07,Elite Plus,North America,Aloyna Gregory,2854,364,2861.84
3588,Gottlieb - Huel,2021-07-30,2021-10-29,Elite Plus,Europe,Grant Cortez,713,91,2859.84
260,Koch LLC,2020-01-21,2021-01-20,Elite Plus,North America,Alton Hunt,2856,365,2856.0
3581,Gottlieb - Huel,2021-09-05,2021-12-05,Elite Plus,Europe,Grant Cortez,711,91,2851.81
661,"Goodwin, O'Reilly and Buckridge",2020-12-13,2021-12-12,Elite Plus,North America,Judy Jacobs,2839,364,2846.8
3692,Rippin and Sons,2019-12-06,2020-12-05,Classic,North America,Aloyna Gregory,2846,365,2846.0
2394,Cummings - Kilback,2020-12-26,2021-12-25,Elite Plus,Europe,Judy Jacobs,2838,364,2845.8
4269,Reinger Group,2021-05-19,2024-05-18,Elite Plus,Asia,Sonja Griffin,8535,1095,2845.0
4532,Reynolds LLC,2021-08-14,2021-12-02,Elite Plus,North America,Marsha Aguilar,857,110,2843.68
4617,Renner - Schiller,2021-07-14,2024-02-10,Elite Plus,North America,Judy Jacobs,7330,941,2843.2
7006,"Schimmel, Harvey and Murray",2019-05-16,2020-05-15,Classic,Latin America,Judy Jacobs,2843,365,2843.0
79,Gupta LLC,2020-11-05,2021-11-04,Elite Plus,Europe,Marsha Aguilar,2835,364,2842.79
7853,McCullough Inc,2018-11-21,2019-11-20,Classic,North America,Lonnie May,2833,364,2840.78
2241,D'Amore Group,2020-07-14,2021-07-13,Classic,North America,Karl Long,2821,364,2828.75
626,Schulist - Davis,2021-02-15,2024-02-14,Elite Plus,Europe,Micheal Williams,8470,1094,2825.91
2861,"Barton, Heidenreich and Witting",2020-11-23,2021-11-22,Elite Plus,Europe,Jerald James,2815,364,2822.73
3334,"Gupta,Agarwal and Nolan",2020-10-25,2021-10-24,Classic,Asia,Tomas Glover,2810,364,2817.72
1431,"West, Toy and Cummings",2021-10-02,2022-10-01,Elite Plus,North America,Grant Cortez,2810,364,2817.72
1479,"Cummings, Pollich and Hoppe",2020-03-29,2021-03-28,Elite Plus,North America,Ross Hines,2809,364,2816.72
4746,"Stoltenberg, Batz and Heidenreich",2021-02-01,2022-01-31,Elite Plus,Europe,Walter Sacha,2808,364,2815.71
3285,Deckow LLC,2020-11-10,2023-11-09,Classic,Asia,Frankie Fletcher,8438,1094,2815.24
2059,Bosco - Adams,2020-06-27,2021-06-26,Classic,Europe,Christopher Little,2807,364,2814.71
64,Marks and Sons,2020-11-21,2021-11-20,Elite Plus,Europe,Karl Long,2807,364,2814.71
6851,"O'Connell, Agarwalms and Windler",2019-04-24,2020-04-23,Classic,North America,Alton Hunt,2814,365,2814.0
4766,Jerde - Jacobi,2020-07-30,2021-07-30,Classic,Europe,Frankie Fletcher,2809,365,2809.0
77,Toy - Butler,2021-09-22,2024-09-21,Elite Plus,North America,Aloyna Gregory,8427,1095,2809.0
2222,"Keebler, Reichel and Butler",2021-07-30,2021-08-28,Classic,North America,Walter Sacha,223,29,2806.72
4450,D'Amore and Sons,2020-09-10,2021-09-09,Elite Plus,North America,Judy Jacobs,2798,364,2805.69
5060,Collier - Skiles,2020-05-03,2021-05-03,Elite Plus,Europe,Sonja Griffin,2805,365,2805.0
3049,Marks LLC,2020-08-30,2021-08-29,Elite Plus,Asia,Lonnie May,2797,364,2804.68
3622,Fay LLC,2021-08-29,2022-08-28,Classic,Europe,Lonnie May,2793,364,2800.67
3485,Senger LLC,2020-09-29,2021-09-28,Elite Plus,North America,Tomas Glover,2793,364,2800.67
5996,Stehr and Sons,2021-07-14,2022-07-13,Elite Plus,North America,Phil Baker,2793,364,2800.67
4035,Champlin - Emmerich,2020-10-17,2021-10-16,Elite Plus,North America,Angelo Payne,2790,364,2797.66
1919,Gupta - Hessel,2021-02-13,2022-04-14,Elite Plus,Europe,Angelo Payne,3253,425,2793.75
3571,Gottlieb - Huel,2020-01-31,2021-01-29,Elite Plus,Europe,Grant Cortez,2785,364,2792.65
6657,"Lakin, Wisoky and Wintheiser",2021-04-21,2022-04-20,Classic,North America,Jerald James,2783,364,2790.65
2694,"Altenwerth, Kautzer and Cole",2020-01-27,2021-01-26,Classic,Europe,Tomas Glover,2790,365,2790.0
3899,Kreiger - Russel,2020-06-30,2021-06-29,Elite Plus,North America,Phil Baker,2781,364,2788.64
6297,Kulas - Ryan,2022-03-08,2023-03-07,Elite Plus,North America,Christopher Little,2781,364,2788.64
1295,"Barrows, Raynor and Funk",2021-02-14,2022-02-13,Classic,Latin America,Lonnie May,2778,364,2785.63
78,Gupta LLC,2020-10-05,2021-10-04,Elite Plus,Europe,Marsha Aguilar,2776,364,2783.63
4156,Reichert - Hirthe,2021-03-03,2022-03-02,Elite Plus,North America,Alice Cole,2775,364,2782.62
1181,"Zamber, Gaverman and Hableton",2023-01-12,2024-01-11,Elite Plus,Europe,Lonnie May,2774,364,2781.62
2790,Harris LLC,2021-08-23,2022-09-22,Elite Plus,Asia,Ross Hines,3010,395,2781.39
1033,"Johnson, Farrell and Zieme",2020-02-26,2021-02-25,Elite Plus,North America,Aloyna Gregory,2781,365,2781.0
1949,"Huels, Pollich and Jacobi",2020-11-15,2021-11-14,Elite Plus,North America,Karl Long,2772,364,2779.62
401,Zboncak LLC,2021-01-19,2022-01-18,Elite Plus,North America,Marshall Lawson,2772,364,2779.62
3959,"Gaylord, Fay and Frost",2020-02-23,2021-02-21,Elite Plus,Asia,Phil Baker,2770,364,2777.61
2631,"Mayert, Murazik and Ernser",2020-05-17,2020-11-15,Elite Plus,North America,Jerald James,1385,182,2777.61
4801,Rice - Waelchi,2020-03-25,2021-03-24,Classic,North America,Celia Clayton,2770,364,2777.61
1104,Wuckert - Collier,2021-08-08,2022-08-07,Elite Plus,Europe,Angelo Payne,2770,364,2777.61
4239,Wuckert Group,2020-06-13,2021-06-12,Elite Plus,Latin America,Cecelia Burgess,2770,364,2777.61
1216,Douglas - Zamber,2020-10-19,2021-10-18,Elite Plus,Europe,Ross Hines,2764,364,2771.59
3982,Ortiz Inc,2021-07-18,2022-07-17,Elite Plus,North America,Angelo Payne,2764,364,2771.59
763,Herman - Quitzon,2021-08-27,2022-08-26,Elite Plus,Europe,Alice Cole,2762,364,2769.59
36,"Kessler, Steuber and Abbott",2020-07-05,2021-07-04,Classic,North America,Grant Cortez,2760,364,2767.58
733,Morissette Group,2020-07-09,2021-07-08,Elite Plus,Asia,Ross Hines,2760,364,2767.58
3272,Rutherford Inc,2020-07-02,2021-07-01,Elite Plus,North America,Judy Jacobs,2759,364,2766.58
227,Nader LLC,2020-11-28,2021-11-27,Elite Plus,Europe,Marshall Lawson,2758,364,2765.58
82,"Torp, Murray and Rolfson",2021-06-11,2021-12-11,Classic,Asia,Judy Jacobs,1386,183,2764.43
4084,"Osinski, Farrell and Kutch",2022-10-08,2023-02-19,Elite Plus,Europe,Marsha Aguilar,1014,134,2762.01
3456,Effertz Inc,2021-10-20,2021-11-19,Classic,Europe,Christopher Little,227,30,2761.83
4706,Lebsack - Turcotte,2021-09-16,2021-10-16,Classic,Europe,Christopher Little,227,30,2761.83
3615,Schimmel - Weber,2021-10-16,2021-11-15,Classic,Latin America,Tomas Glover,227,30,2761.83
4204,"Kozey, Ryan and Batz",2021-06-16,2022-06-15,Classic,North America,Lonnie May,2753,364,2760.56
441,Graham and Sons,2021-01-19,2021-02-15,Classic,Latin America,Angelo Payne,204,27,2757.78
6268,Bechel Inc,2021-02-13,2022-02-12,Elite Plus,Europe,Walter Sacha,2750,364,2757.55
3939,Jenkins Group,2021-05-14,2021-06-12,Classic,Latin America,Lonnie May,219,29,2756.38
5105,"Belfact, Wintheiser and Beatty",2021-06-26,2022-06-25,Elite Plus,North America,Lonnie May,2747,364,2754.55
6710,Friesen Group,2021-01-08,2024-02-07,Elite Plus,Asia,Phil Baker,8489,1125,2754.21
4434,Rath Group,2021-03-17,2022-03-16,Elite Plus,North America,Frankie Fletcher,2746,364,2753.54
6444,Streich - Kiehn,2020-03-02,2021-03-01,Classic,North America,Celia Clayton,2746,364,2753.54
2783,Harris Group,2021-06-27,2022-06-26,Classic,Latin America,Marshall Lawson,2744,364,2751.54
3506,Muller and Sons,2020-03-25,2021-03-24,Classic,North America,Karl Long,2741,364,2748.53
3373,"Blick, Bernier and Flatley",2021-12-07,2022-12-06,Classic,Latin America,Celia Clayton,2740,364,2747.53
3364,"Hermann, Hilll and Klein",2021-06-01,2022-05-31,Elite Plus,North America,Cecelia Burgess,2737,364,2744.52
5838,"Tremblay, Schroeder and Cassle",2021-04-14,2022-04-13,Elite Plus,North America,Sonja Griffin,2737,364,2744.52
4675,"Buckridge, Stoltenberg and Stiedemann",2021-12-01,2024-12-02,Elite Plus,Asia,Grant Cortez,8244,1097,2742.99
6016,Hyatt and Sons,2020-08-27,2021-08-26,Elite Plus,North America,Christopher Little,2735,364,2742.51
5895,"Gleichner, Nikolaus and Raynor",2021-05-28,2022-05-27,Classic,North America,Frankie Fletcher,2734,364,2741.51
6572,"Gutmann, Brakus and Rutherford",2021-09-01,2022-08-31,Classic,North America,Christopher Little,2733,364,2740.51
5257,Schmeler - Ankunding,2020-09-10,2021-09-09,Elite Plus,North America,John Sacker,2732,364,2739.51
2923,"Bartell, Cremin and Kuvalis",2021-08-22,2021-09-21,Classic,Latin America,Marsha Aguilar,225,30,2737.5
2898,"Bernier, Metz and Fay",2021-11-29,2022-11-28,Elite Plus,North America,Grant Cortez,2730,364,2737.5
4302,Bundel - Reichert,2021-02-23,2021-03-25,Classic,Asia,Christopher Little,225,30,2737.5
1183,Leannon and Sons,2020-08-17,2021-08-16,Elite Plus,North America,Celia Clayton,2730,364,2737.5
3295,Schumm Group,2021-02-14,2022-02-13,Elite Plus,North America,Jerald James,2729,364,2736.5
5909,"Harris, Crooks and Ferry",2020-05-19,2021-05-18,Elite Plus,North America,Marsha Aguilar,2728,364,2735.49
6490,"Russel, White and Koepp",2021-08-31,2022-08-30,Elite Plus,Europe,Ross Hines,2723,364,2730.48
4404,"Gutmann, Fadel and Klein",2021-07-30,2022-07-30,Classic,North America,Grant Cortez,2729,365,2729.0
1334,O'Conner and Sons,2020-03-08,2021-03-07,Elite Plus,North America,Cecelia Burgess,2721,364,2728.48
7414,Kassulke-Beier,2019-08-04,2020-08-03,Elite Plus,North America,Alice Cole,2726,365,2726.0
57,Lind and Sons,2020-11-19,2021-11-18,Elite Plus,Europe,Karl Long,2718,364,2725.47
5204,"McGlynn, Wuckert and Marvin",2020-10-12,2021-10-11,Classic,North America,Celia Clayton,2718,364,2725.47
5841,"Mertz, Kihn and Murazik",2021-02-19,2022-02-18,Elite Plus,North America,Frankie Fletcher,2716,364,2723.46
5833,"Tremblay, Schroeder and Cassle",2021-05-09,2022-05-08,Elite Plus,North America,Sonja Griffin,2715,364,2722.46
6464,Oberbrunner Inc,2020-10-13,2021-08-12,Elite Plus,Europe,Karl Long,2260,303,2722.44
1338,O'Conner and Sons,2021-03-20,2022-03-19,Elite Plus,North America,Cecelia Burgess,2712,364,2719.45
1152,"Osinski, Bradtke and Schmidt",2020-02-19,2021-02-17,Classic,North America,Dana Henderson,2709,364,2716.44
6551,"Brekke, Goodwin and Purdy",2021-08-15,2024-08-14,Elite Plus,North America,Celia Clayton,8149,1095,2716.33
6468,Oberbrunner Inc,2022-03-08,2022-10-30,Elite Plus,Europe,Karl Long,1754,236,2712.75
2027,Kohler and Sons,2021-04-01,2022-03-31,Elite Plus,Europe,Ramon Garcia,2703,364,2710.43
1796,"Sipes, O'Hara and Okuneva",2021-07-16,2023-07-15,Classic,Latin America,Grant Cortez,5412,729,2709.71
6254,Torphy - Bernier,2021-08-23,2022-08-22,Classic,Latin America,Christopher Little,2698,364,2705.41
5744,"Veum, Chechauski and Botsford",2021-06-19,2022-06-18,Elite Plus,Europe,Celia Clayton,2698,364,2705.41
2643,"Hyatt, Johns and Lowe",2020-04-10,2021-04-10,Elite Plus,North America,Jerald James,2705,365,2705.0
7657,Botsford-Olson,2019-05-26,2020-05-25,Elite Plus,North America,Alice Cole,2702,365,2702.0
6317,Schumm - Bergstrom,2021-09-16,2022-09-16,Classic,North America,Tomas Glover,2701,365,2701.0
364,Yost - Hettinger,2021-06-10,2021-07-10,Classic,Latin America,Frankie Fletcher,222,30,2701.0
3564,Dach Inc,2021-04-05,2022-04-04,Classic,Europe,Karl Long,2692,364,2699.4
5091,Upton - Stehr,2020-12-11,2021-12-10,Classic,North America,Micheal Williams,2691,364,2698.39
2087,Murphy - Bahringer,2022-02-20,2024-09-11,Elite Plus,Latin America,Christopher Little,6903,934,2697.64
2199,Mann Group,2020-11-25,2021-11-24,Classic,North America,Walter Sacha,2690,364,2697.39
3319,Halvorson and Sons,2020-12-19,2021-03-18,Elite Plus,Europe,Marshall Lawson,657,89,2694.44
6260,Bechel Inc,2022-03-24,2023-03-23,Elite Plus,Europe,Walter Sacha,2687,364,2694.38
4889,MacGyver - Mackerrel,2020-09-04,2021-09-03,Classic,North America,Alice Cole,2684,364,2691.37
3623,Fay LLC,2020-09-20,2021-09-19,Classic,Europe,Lonnie May,2683,364,2690.37
1465,Heathcote Inc,2021-04-23,2022-04-22,Elite Plus,North America,Patty Ingram,2683,364,2690.37
2775,"Leannon, Hableton and Rogahn",2020-11-24,2021-11-23,Classic,North America,Marshall Lawson,2682,364,2689.37
4503,Zemlak Group,2020-11-15,2021-11-14,Elite Plus,North America,Celia Clayton,2681,364,2688.37
5287,Skiles Group,2020-03-22,2021-03-21,Elite Plus,North America,Lonnie May,2678,364,2685.36
4021,"Bode, Bartoletti and Schultz",2021-04-02,2022-04-01,Elite Plus,North America,John Sacker,2675,364,2682.35
1288,"Rowe, Franecki and Koelpin",2020-05-29,2021-05-29,Classic,Europe,Alice Cole,2682,365,2682.0
2944,Quitzon Group,2021-07-06,2022-04-20,Elite Plus,Europe,Grant Cortez,2115,288,2680.47
7908,Sporer LLC,2019-08-29,2020-08-28,Classic,North America,Ross Hines,2680,365,2680.0
7740,"Eichmann, Batz and Canten",2018-08-24,2019-08-23,Classic,Europe,Ramon Garcia,2668,364,2675.33
5687,Gupta Group,2021-08-13,2022-10-12,Elite Plus,Europe,Cecelia Burgess,3109,425,2670.08
3422,Waelchi - Botsford,2021-07-14,2021-08-12,Classic,Latin America,Walter Sacha,212,29,2668.28
871,"Johns, Mayert and Hegmann",2020-01-22,2021-01-21,Elite Plus,Asia,Alice Cole,2668,365,2668.0
2511,"Leffler, Lesch and Halvorson",2021-09-28,2022-09-27,Elite Plus,North America,Ross Hines,2659,364,2666.3
4206,King LLC,2020-09-23,2020-11-12,Elite Plus,Asia,Walter Sacha,365,50,2664.5
3923,Hills and Sons,2021-06-15,2024-06-14,Elite Plus,Asia,Phil Baker,7985,1095,2661.67
5207,Mueller LLC,2020-09-03,2021-09-02,Elite Plus,Asia,Alice Cole,2654,364,2661.29
4787,"Hermiston, Weimann and Lemke",2022-11-14,2023-11-13,Elite Plus,North America,Ross Hines,2653,364,2660.29
7583,Jacobson-Pagac,2018-02-21,2019-02-20,Classic,North America,Patty Ingram,2653,364,2660.29
1943,"Huels, Pollich and Jacobi",2020-12-21,2021-12-20,Elite Plus,North America,Karl Long,2652,364,2659.29
2709,"Stanton, Ernser and Crona",2022-01-25,2023-04-26,Classic,Latin America,Walter Sacha,3322,456,2659.06
1238,Purdy Inc,2020-02-07,2021-02-05,Classic,Europe,Sonja Griffin,2651,364,2658.28
3346,Adams Group,2021-06-07,2022-06-06,Elite Plus,North America,Marsha Aguilar,2650,364,2657.28
6053,Lockman LLC,2020-02-13,2021-02-11,Elite Plus,North America,Aloyna Gregory,2650,364,2657.28
399,Zboncak LLC,2020-10-22,2021-10-21,Elite Plus,North America,Marshall Lawson,2650,364,2657.28
3943,Kohler Group,2020-06-18,2021-06-17,Elite Plus,Latin America,Dana Henderson,2649,364,2656.28
6049,Gibson Group,2020-04-25,2021-04-24,Classic,Latin America,Sonja Griffin,2645,364,2652.27
2987,Schaden Group,2020-11-22,2024-07-22,Elite Plus,Europe,Alice Cole,9716,1338,2650.48
3629,"Macejkovic, Bosco and Buckridge",2020-02-18,2021-02-16,Elite Plus,North America,Tomas Glover,2641,364,2648.26
3667,"Torp, Schneider and Lesch",2021-07-06,2022-07-05,Elite Plus,North America,Celia Clayton,2640,364,2647.25
3975,"Hessel, Koss and Littel",2021-11-24,2021-12-23,Classic,North America,Karl Long,210,29,2643.1
2029,Kohler and Sons,2021-04-16,2022-04-15,Elite Plus,Europe,Ramon Garcia,2634,364,2641.24
3337,"Gupta,Agarwal and Nolan",2020-10-03,2020-11-02,Classic,Asia,Tomas Glover,217,30,2640.17
1455,Heathcote Inc,2020-09-22,2021-09-21,Elite Plus,North America,Patty Ingram,2632,364,2639.23
3913,Lynch - Ritchie,2020-10-06,2021-10-05,Classic,North America,Marshall Lawson,2632,364,2639.23
3783,Marquardt - Klocko,2021-09-28,2022-09-28,Classic,Asia,Alton Hunt,2639,365,2639.0
2657,"D'Amore, Bechel and Bechel",2021-01-24,2022-01-23,Classic,North America,Patty Ingram,2631,364,2638.23
5323,"Erdman, Schaden and Bechel",2020-11-30,2021-11-29,Elite Plus,Europe,Celia Clayton,2629,364,2636.22
4305,Bundel - Reichert,2021-02-09,2021-03-08,Classic,Asia,Christopher Little,195,27,2636.11
442,Graham and Sons,2021-02-16,2022-02-15,Classic,Latin America,Angelo Payne,2628,364,2635.22
7734,Gorczany-Lind,2018-07-24,2018-12-23,Classic,Europe,Celia Clayton,1097,152,2634.24
165,Frami Group,2020-02-02,2021-02-01,Elite Plus,North America,John Sacker,2634,365,2634.0
1058,"Johnson, Farrell and Zieme",2021-02-09,2022-02-08,Elite Plus,North America,Aloyna Gregory,2626,364,2633.21
1824,Schuster - Torp,2021-07-29,2024-07-28,Elite Plus,North America,Ramon Garcia,7899,1095,2633.0
3393,Rippin Inc,2020-10-18,2021-10-17,Elite Plus,North America,Tomas Glover,2623,364,2630.21
514,Upton - Johnston,2021-06-25,2022-06-24,Elite Plus,North America,Alton Hunt,2617,364,2624.19
2314,"Reynolds, Beier and Agarwalms",2020-07-27,2021-07-26,Classic,Europe,Ross Hines,2616,364,2623.19
3204,Metz LLC,2021-07-27,2022-07-26,Elite Plus,North America,Marshall Lawson,2613,364,2620.18
2439,"Tromp, Gillespie and Pimpernel",2021-07-30,2022-07-29,Elite Plus,North America,Judy Jacobs,2612,364,2619.18
6032,"Pollich, Dicki and Albertson",2020-11-16,2021-11-15,Classic,North America,Walter Sacha,2610,364,2617.17
7074,Flatley Ltd,2019-06-09,2020-06-08,Elite Plus,North America,Alton Hunt,2617,365,2617.0
7430,Halvorson Inc,2018-07-01,2019-06-30,Classic,Europe,Judy Jacobs,2609,364,2616.17
682,"Goodwin, O'Reilly and Buckridge",2021-06-25,2022-06-24,Elite Plus,North America,Judy Jacobs,2601,364,2608.15
3221,Vandervort - Upton,2020-03-01,2021-03-01,Elite Plus,North America,John Sacker,2605,365,2605.0
3208,Stantner and Sons,2021-05-05,2023-12-04,Elite Plus,North America,Ramon Garcia,6728,943,2604.16
1491,Sawayn - Ortiz,2021-05-22,2022-05-21,Elite Plus,Europe,Karl Long,2594,364,2601.13
4926,Kirlin - Simonis,2022-06-23,2023-06-22,Elite Plus,North America,Frankie Fletcher,2590,364,2597.12
3814,Ratke Inc,2020-09-21,2023-09-20,Elite Plus,Europe,Judy Jacobs,7783,1094,2596.7
6632,"Frost, Olson and Schmeler",2022-07-30,2023-07-29,Elite Plus,Asia,Grant Cortez,2589,364,2596.11
5188,Mraz Group,2021-01-06,2023-03-07,Elite Plus,Asia,Aloyna Gregory,5614,790,2593.81
2975,Schaden Group,2023-04-18,2024-04-16,Elite Plus,Europe,Alice Cole,2586,364,2593.1
6500,Lesch - Wolff,2021-11-07,2022-07-10,Elite Plus,Europe,Alton Hunt,1738,245,2589.27
4346,Weimann and Sons,2021-05-08,2022-05-07,Elite Plus,North America,Aloyna Gregory,2582,364,2589.09
7613,McCullough Inc,2018-11-21,2019-11-20,Classic,North America,Lonnie May,2581,364,2588.09
6458,Greenfelder - Schmitt,2020-11-21,2021-11-20,Elite Plus,North America,Alice Cole,2580,364,2587.09
3330,Mertz Inc,2020-07-22,2021-07-22,Classic,North America,John Sacker,2587,365,2587.0
1751,Fay Inc,2021-09-21,2022-09-20,Elite Plus,Europe,Ross Hines,2579,364,2586.09
5243,"Lowe, Weimann and Mertz",2021-09-05,2022-09-04,Elite Plus,Asia,Marsha Aguilar,2579,364,2586.09
3279,Russel - Botsford,2019-10-24,2020-10-23,Elite Plus,Asia,Patty Ingram,2583,365,2583.0
1386,"Wisoky, Feest and Hegmann",2020-05-12,2021-05-11,Classic,North America,Karl Long,2575,364,2582.07
5542,Goldner Inc,2021-11-27,2021-12-26,Classic,Latin America,Aloyna Gregory,205,29,2580.17
5111,Rogahn LLC,2021-09-07,2021-10-06,Classic,Europe,Christopher Little,205,29,2580.17
3112,"Breitenberg, Stroman and Heaney",2020-03-18,2021-01-28,Elite Plus,North America,Karl Long,2233,316,2579.26
2213,Bergstrom LLC,2021-02-06,2024-02-05,Elite Plus,Europe,Cecelia Burgess,7728,1094,2578.35
5208,Mueller LLC,2020-09-25,2021-09-24,Elite Plus,Asia,Alice Cole,2569,364,2576.06
8137,Donnelly PLC,2019-11-23,2020-11-22,Classic,Europe,Tomas Glover,2575,365,2575.0
1230,"Hintz, Hableton and O'Kon",2021-03-04,2022-03-03,Classic,North America,Angelo Payne,2567,364,2574.05
1231,"Hintz, Hableton and O'Kon",2020-10-11,2021-10-10,Classic,North America,Angelo Payne,2567,364,2574.05
8165,Wintheiser Inc,2019-12-29,2020-12-28,Classic,Latin America,John Sacker,2573,365,2573.0
1361,"Aberly, Fadel and Schimmel",2021-01-20,2022-01-19,Classic,Latin America,Frankie Fletcher,2565,364,2572.05
1132,"Hahn, Nienow and Baumbach",2020-12-11,2021-12-10,Classic,Asia,Christopher Little,2562,364,2569.04
7615,"Ledner, Ebert and Gibson",2018-03-23,2019-03-22,Classic,North America,Grant Cortez,2562,364,2569.04
7022,"Beer, Schimmel and Mackerrel",2019-05-24,2020-05-23,Classic,Europe,Christopher Little,2568,365,2568.0
1612,Hessel Group,2021-05-25,2021-06-24,Classic,Latin America,Grant Cortez,211,30,2567.17
2795,Franecki Inc,2020-05-18,2021-05-17,Elite Plus,North America,Celia Clayton,2560,364,2567.03
2673,SchoStantner Group,2021-08-28,2022-08-27,Classic,North America,Alice Cole,2560,364,2567.03
6135,"Dietrich, Larson and Murazik",2020-01-25,2021-01-24,Elite Plus,Europe,Christopher Little,2566,365,2566.0
7202,Mayer-Parisian,2018-09-20,2019-09-19,Classic,North America,Marshall Lawson,2557,364,2564.02
3266,Reynolds - Goodwin,2021-08-22,2022-08-21,Elite Plus,North America,Cecelia Burgess,2556,364,2563.02
463,Thiel - Butler,2022-04-11,2023-04-10,Elite Plus,Europe,Dana Henderson,2555,364,2562.02
832,Schimmel LLC,2023-09-25,2024-09-24,Elite Plus,North America,Ramon Garcia,2562,365,2562.0
1213,Okuneva Inc,2020-01-07,2020-07-07,Elite Plus,North America,John Sacker,1277,182,2561.02
196,Schoen LLC,2021-04-25,2022-04-24,Elite Plus,Asia,Karl Long,2553,364,2560.01
613,"Jacobs, Howe and Bahringer",2020-12-21,2022-12-20,Classic,Latin America,Patty Ingram,5113,729,2560.01
906,"Lesch, Bernhard and Hills",2021-04-24,2022-04-23,Elite Plus,Europe,Jerald James,2548,364,2555.0
2430,"Tromp, Gillespie and Pimpernel",2021-03-16,2021-08-31,Elite Plus,North America,Judy Jacobs,1176,168,2555.0
1817,Schuster - Torp,2021-07-06,2024-07-05,Elite Plus,North America,Ramon Garcia,7663,1095,2554.33
4660,"Rodriguez, Miller and Johnston",2020-05-14,2021-05-13,Elite Plus,Asia,Aloyna Gregory,2547,364,2554.0
7803,Haley-Powlowski,2019-03-24,2020-03-23,Classic,Europe,Jerald James,2553,365,2553.0
4002,"Cummerata, Legros and Kohler",2021-02-06,2022-02-05,Elite Plus,Europe,Angelo Payne,2544,364,2550.99
2220,"Keebler, Reichel and Butler",2021-02-03,2022-02-02,Classic,North America,Walter Sacha,2540,364,2546.98
6179,"Dietrich, Larson and Murazik",2022-03-06,2023-03-05,Elite Plus,Europe,Christopher Little,2537,364,2543.97
5738,Kessler - Fahey,2021-05-16,2021-06-15,Classic,Latin America,Christopher Little,209,30,2542.83
5638,"Stiedemann, Labadie and Prosacco",2021-07-26,2022-07-25,Elite Plus,North America,Ramon Garcia,2533,364,2539.96
7101,Avelona Group,2019-03-11,2020-03-10,Classic,Europe,Ross Hines,2539,365,2539.0
6143,"Dietrich, Larson and Murazik",2021-05-06,2022-05-05,Elite Plus,Europe,Christopher Little,2529,364,2535.95
5155,"Leffler, Kertzmann and Heathcote",2020-11-09,2021-11-08,Classic,North America,Grant Cortez,2527,364,2533.94
1040,"Johnson, Farrell and Zieme",2020-12-01,2021-11-30,Elite Plus,North America,Aloyna Gregory,2525,364,2531.94
8008,Stamm-Conn,2019-09-22,2020-09-21,Elite Plus,Asia,Alton Hunt,2528,365,2528.0
141,Schaden LLC,2021-01-14,2021-02-10,Classic,Latin America,Christopher Little,187,27,2527.96
3985,Ortiz Inc,2022-03-19,2023-03-18,Elite Plus,North America,Angelo Payne,2521,364,2527.93
6877,"Pouros, Schumm and Feil",2018-05-24,2019-05-23,Classic,North America,Marshall Lawson,2521,364,2527.93
5369,"Kutch, Larson and Boone",2021-10-27,2025-01-26,Elite Plus,North America,Grant Cortez,8219,1187,2527.33
6276,"Lubowitz, Schultz and Hilpert",2020-08-19,2023-08-18,Elite Plus,Europe,Frankie Fletcher,7569,1094,2525.31
5616,Funk LLC,2021-06-07,2022-06-06,Elite Plus,Europe,Tomas Glover,2518,364,2524.92
1118,"Hahn, Nienow and Baumbach",2020-01-25,2021-01-25,Classic,Asia,Christopher Little,2531,366,2524.08
6347,Veum Group,2021-10-01,2022-09-30,Elite Plus,North America,Angelo Payne,2517,364,2523.91
1035,"Johnson, Farrell and Zieme",2022-04-08,2023-03-20,Elite Plus,North America,Aloyna Gregory,2392,346,2523.35
2473,Beahan and Sons,2021-05-25,2022-05-24,Elite Plus,Europe,Dana Henderson,2516,364,2522.91
544,Harvey and Sons,2021-11-20,2022-10-12,Elite Plus,Asia,Walter Sacha,2253,326,2522.53
2420,"Tromp, Gillespie and Pimpernel",2021-01-27,2021-07-14,Elite Plus,North America,Judy Jacobs,1161,168,2522.41
5835,"Tremblay, Schroeder and Cassle",2020-03-04,2021-03-04,Elite Plus,North America,Sonja Griffin,2522,365,2522.0
6175,"Dietrich, Larson and Murazik",2021-02-02,2022-02-01,Elite Plus,Europe,Christopher Little,2515,364,2521.91
843,"Larkin, Runolfsson and Orn",2021-07-29,2022-07-28,Elite Plus,Asia,Marshall Lawson,2515,364,2521.91
423,Zboncak LLC,2022-01-10,2024-08-07,Elite Plus,North America,Marshall Lawson,6494,940,2521.61
1561,"Grimes, Kshlerin and Connelly",2021-01-27,2024-01-26,Elite Plus,Europe,Cecelia Burgess,7556,1094,2520.97
3553,"Bode, Agarwal and Deckow",2021-03-27,2022-03-26,Classic,Europe,Celia Clayton,2508,364,2514.89
8095,Zieme-Hermann,2020-01-07,2020-11-22,Classic,Europe,Grant Cortez,2204,320,2513.94
453,Schulist Group,2021-09-22,2023-03-25,Classic,Latin America,Ramon Garcia,3777,549,2511.12
3561,Dach Inc,2020-09-11,2021-09-10,Classic,Europe,Karl Long,2503,364,2509.88
5804,"Hilll, Friesen and O'Connell",2021-06-10,2022-06-09,Elite Plus,North America,Marsha Aguilar,2503,364,2509.88
7127,Roob-Hoppe,2019-04-05,2020-03-04,Elite Plus,Latin America,Phil Baker,2294,334,2506.92
2178,Lockman - Gleichner,2021-09-23,2022-09-22,Classic,Latin America,John Sacker,2500,364,2506.87
2478,Schmidt - McClure,2020-10-30,2020-11-29,Classic,Latin America,Phil Baker,206,30,2506.33
4696,Hackett LLC,2022-05-14,2023-05-13,Elite Plus,Asia,Frankie Fletcher,2494,364,2500.85
1105,"Stanton, Kessler and Quigley",2020-08-21,2021-08-20,Elite Plus,Latin America,Angelo Payne,2494,364,2500.85
8055,Kassulke-Barton,2019-08-20,2020-08-19,Classic,Europe,Walter Sacha,2500,365,2500.0
3201,Metz LLC,2020-08-03,2021-08-02,Elite Plus,North America,Marshall Lawson,2490,364,2496.84
3207,Stantner and Sons,2021-02-26,2023-09-27,Elite Plus,North America,Ramon Garcia,6450,943,2496.55
736,Morissette Group,2021-04-19,2023-08-28,Elite Plus,Asia,Ross Hines,5889,861,2496.5
1591,Renner - Kozey,2019-12-03,2020-12-02,Elite Plus,North America,Dana Henderson,2495,365,2495.0
3992,"Chechauski, Jaskolski and Corkery",2020-10-28,2021-10-27,Elite Plus,Asia,Judy Jacobs,2488,364,2494.84
5366,Hodkiewicz Group,2019-10-18,2020-04-17,Elite Plus,North America,Ross Hines,1244,182,2494.84
6088,"Sauer, Marks and Hettinger",2020-01-31,2021-01-31,Elite Plus,North America,Alton Hunt,2500,366,2493.17
5858,"Dicki, Bosco and Rempel",2020-07-05,2021-08-22,Elite Plus,North America,Grant Cortez,2821,413,2493.14
6339,Flatley - Tanner,2020-04-13,2021-04-12,Elite Plus,North America,Sonja Griffin,2485,364,2491.83
6245,"Windler, Bashirian and Feest",2020-12-13,2021-12-12,Elite Plus,Europe,Marshall Lawson,2485,364,2491.83
4225,Boone Inc,2021-06-16,2022-06-15,Elite Plus,Asia,Marshall Lawson,2482,364,2488.82
4034,Champlin - Emmerich,2020-11-25,2021-11-24,Elite Plus,North America,Angelo Payne,2482,364,2488.82
5943,"Howe, Stiedemann and Larson",2020-04-16,2021-04-16,Elite Plus,North America,Jerald James,2488,365,2488.0
671,"Goodwin, O'Reilly and Buckridge",2020-12-22,2021-12-21,Elite Plus,North America,Judy Jacobs,2481,364,2487.82
1284,"Trantow, Dickens and Rogahn",2020-12-11,2021-12-10,Elite Plus,North America,Celia Clayton,2479,364,2485.81
696,"Hermann, Huel and Stiedemann",2020-07-24,2023-07-23,Elite Plus,Europe,Walter Sacha,7446,1094,2484.27
5225,Wisozk LLC,2020-08-14,2021-08-13,Classic,Latin America,Aloyna Gregory,2476,364,2482.8
6265,Bechel Inc,2023-03-04,2024-03-03,Elite Plus,Europe,Walter Sacha,2482,365,2482.0
1107,"Stanton, Kessler and Quigley",2021-06-27,2022-06-26,Elite Plus,Latin America,Angelo Payne,2474,364,2480.8
6613,Lehner - Hirthe,2020-10-29,2023-10-28,Classic,North America,Aloyna Gregory,7435,1094,2480.6
5391,Huels LLC,2021-11-04,2022-11-03,Elite Plus,Europe,Karl Long,2473,364,2479.79
5785,Tillman - Labadie,2021-07-10,2022-07-10,Classic,North America,Grant Cortez,2476,365,2476.0
2881,"Bernier, Metz and Fay",2020-06-10,2021-06-09,Elite Plus,North America,Grant Cortez,2468,364,2474.78
6731,"Murphy, Orn and Prosacco",2021-10-03,2022-10-02,Elite Plus,Europe,Jerald James,2464,364,2470.77
4607,Renner - Schiller,2023-05-29,2024-05-28,Elite Plus,North America,Judy Jacobs,2470,365,2470.0
6485,"Russel, White and Koepp",2020-03-23,2020-07-21,Elite Plus,Europe,Ross Hines,812,120,2469.83
6675,McKinnon - Jerde,2021-09-20,2022-09-19,Elite Plus,Latin America,Karl Long,2459,364,2465.76
2602,Stehr and Sons,2020-04-17,2021-04-16,Classic,Latin America,Phil Baker,2458,364,2464.75
4542,Schulist Group,2021-05-16,2022-05-15,Elite Plus,Europe,Ramon Garcia,2454,364,2460.74
3418,Waelchi - Botsford,2021-03-06,2021-04-05,Classic,Latin America,Walter Sacha,202,30,2457.67
7589,Reynolds Inc,2018-06-13,2019-06-12,Classic,North America,Judy Jacobs,2450,364,2456.73
853,"O'Connell, Reilly and Torphy",2021-09-22,2024-09-21,Classic,Europe,Jerald James,7368,1095,2456.0
810,Schimmel LLC,2020-09-26,2021-06-25,Elite Plus,North America,Ramon Garcia,1829,272,2454.36
1332,Stiedemann Group,2021-04-01,2023-11-27,Elite Plus,North America,Alice Cole,6520,970,2453.4
5646,"Stiedemann, Labadie and Prosacco",2023-12-26,2024-12-25,Elite Plus,North America,Ramon Garcia,2452,365,2452.0
5971,Bosco Group,2021-07-22,2024-07-21,Classic,Latin America,Dana Henderson,7354,1095,2451.33
1296,Stiedemann Group,2019-10-01,2020-09-30,Elite Plus,North America,Alice Cole,2449,365,2449.0
7306,Kreiger Group,2018-12-14,2019-06-13,Classic,Europe,Phil Baker,1214,181,2448.12
2370,Beahan Inc,2021-03-22,2021-04-18,Classic,North America,Ross Hines,181,27,2446.85
4487,Zemlak Group,2022-02-03,2022-08-04,Elite Plus,North America,Celia Clayton,1220,182,2446.7
344,"Schmidt, Weissnat and Fritsch",2021-01-27,2022-01-26,Elite Plus,North America,Angelo Payne,2435,364,2441.69
940,Gupta - Agarwal,2021-04-25,2022-04-24,Elite Plus,North America,Walter Sacha,2433,364,2439.68
5598,"Keeling, Jakubowski and Crist",2024-01-14,2025-01-13,Elite Plus,North America,Aloyna Gregory,2438,365,2438.0
4683,Wolf - Kemmer,2021-07-18,2022-07-17,Elite Plus,Asia,Micheal Williams,2431,364,2437.68
3102,"D'Amore, Bernier and Canten",2020-01-06,2021-01-05,Elite Plus,Europe,Alton Hunt,2436,365,2436.0
3951,"Lang, Mitchell and Grant",2020-01-24,2021-01-23,Classic,North America,Celia Clayton,2436,365,2436.0
1878,Waelchi Group,2021-02-11,2022-02-10,Elite Plus,Latin America,Phil Baker,2427,364,2433.67
2481,Schmidt - McClure,2021-04-06,2021-05-06,Classic,Latin America,Phil Baker,200,30,2433.33
5937,Johnston Group,2021-03-02,2022-03-01,Elite Plus,North America,Frankie Fletcher,2425,364,2431.66
3038,Weissnat LLC,2021-06-03,2022-06-02,Classic,North America,Walter Sacha,2425,364,2431.66
3447,Konopelski - Mayer,2020-11-21,2021-11-20,Elite Plus,Europe,Karl Long,2422,364,2428.65
6701,Smitham Inc,2020-06-26,2021-06-25,Elite Plus,North America,Frankie Fletcher,2422,364,2428.65
3836,Sauer and Sons,2022-01-29,2024-01-29,Classic,Latin America,Alice Cole,4857,730,2428.5
5226,Wisozk LLC,2021-10-26,2022-10-25,Classic,Latin America,Aloyna Gregory,2419,364,2425.65
4844,"Dibbert, Flatley and Mitchell",2020-03-07,2021-03-07,Elite Plus,Europe,Phil Baker,2425,365,2425.0
6693,"Volkman, Krajcik and Volkman",2020-11-26,2021-12-26,Elite Plus,Europe,Judy Jacobs,2622,395,2422.86
397,Zboncak LLC,2020-10-27,2021-10-26,Elite Plus,North America,Marshall Lawson,2416,364,2422.64
3306,"Lebsack, Sawayn and Rodriguez",2020-12-22,2021-12-21,Classic,Latin America,Patty Ingram,2415,364,2421.63
4357,Ebert - Lowe,2021-06-22,2021-07-22,Classic,Latin America,Patty Ingram,199,30,2421.17
3137,Prohaska and Sons,2021-02-06,2021-03-08,Classic,North America,Ross Hines,199,30,2421.17
2565,Hegmann - Hartmann,2020-10-04,2021-10-03,Classic,Latin America,Grant Cortez,2414,364,2420.63
504,Stark Group,2020-11-28,2021-11-27,Elite Plus,Latin America,Walter Sacha,2414,364,2420.63
4754,Kemmer Group,2020-04-24,2021-01-23,Elite Plus,Asia,Judy Jacobs,1816,274,2419.12
7472,"Bartell, Barrows and Mayert",2018-09-20,2019-09-19,Classic,North America,Aloyna Gregory,2412,364,2418.63
1862,Grant LLC,2021-08-21,2022-08-20,Elite Plus,North America,Karl Long,2408,364,2414.62
7482,"Lindgren, Torphy and Gislason",2018-06-28,2019-06-27,Classic,Europe,Grant Cortez,2406,364,2412.61
1728,Smitham Group,2020-10-29,2021-10-28,Elite Plus,North America,Jerald James,2406,364,2412.61
5425,"King, Crooks and Ankunding",2020-06-30,2021-06-29,Classic,Europe,Phil Baker,2405,364,2411.61
5881,"Wolff, Kihn and Hagenes",2021-02-26,2022-02-25,Elite Plus,Europe,Lonnie May,2403,364,2409.6
5011,Butler LLC,2021-02-09,2021-03-11,Classic,North America,Celia Clayton,198,30,2409.0
438,Graham and Sons,2020-05-20,2021-05-19,Classic,Latin America,Angelo Payne,2402,364,2408.6
5823,"Hilll, Friesen and O'Connell",2021-01-11,2022-01-10,Elite Plus,North America,Marsha Aguilar,2401,364,2407.6
749,Sporer Group,2021-10-01,2022-10-08,Elite Plus,Europe,Christopher Little,2452,372,2405.86
3051,Marks LLC,2020-05-25,2021-05-24,Elite Plus,Asia,Lonnie May,2399,364,2405.59
269,Koch LLC,2022-03-11,2023-03-10,Elite Plus,North America,Alton Hunt,2398,364,2404.59
6121,"Romaguera, Hilll and Hayes",2022-02-26,2024-10-25,Elite Plus,North America,Ross Hines,6397,972,2402.17
1849,Goodwin and Sons,2021-01-01,2021-12-31,Elite Plus,North America,Angelo Payne,2395,364,2401.58
3859,Douglas - Schaden,2021-03-28,2022-02-08,Elite Plus,North America,Cecelia Burgess,2085,317,2400.71
2298,Wiza and Sons,2020-07-19,2021-07-18,Elite Plus,Europe,Christopher Little,2394,364,2400.58
4642,Macejkovic - Homenick,2021-05-25,2022-05-24,Elite Plus,Asia,Marsha Aguilar,2393,364,2399.57
3381,"Morissette, Sawayn and Buckridge",2021-09-09,2022-09-08,Classic,North America,Phil Baker,2392,364,2398.57
3544,"Lockman, Graham and Crist",2021-08-22,2022-08-21,Elite Plus,North America,Lonnie May,2391,364,2397.57
2450,"Tromp, Gillespie and Pimpernel",2021-10-25,2022-10-24,Elite Plus,North America,Judy Jacobs,2391,364,2397.57
2322,Cassle and Sons,2021-10-31,2023-10-30,Elite Plus,North America,Angelo Payne,4788,729,2397.28
3554,"Bode, Agarwal and Deckow",2021-05-07,2021-06-06,Classic,Europe,Celia Clayton,197,30,2396.83
2286,Weissnat - Dicki,2021-07-16,2024-07-15,Elite Plus,Europe,Phil Baker,7183,1095,2394.33
2165,Parker - Daniel,2021-06-27,2022-06-26,Classic,North America,Cecelia Burgess,2387,364,2393.56
4677,Mauston Group,2021-05-01,2022-05-31,Elite Plus,Asia,Phil Baker,2590,395,2393.29
7176,Auer-Koch,2019-03-21,2020-03-20,Classic,North America,Grant Cortez,2392,365,2392.0
151,Jacobi Group,2020-09-02,2021-09-01,Classic,Latin America,Alice Cole,2384,364,2390.55
1808,Schuster - Torp,2020-06-02,2021-06-01,Elite Plus,North America,Ramon Garcia,2384,364,2390.55
395,Zboncak LLC,2020-09-05,2021-09-04,Elite Plus,North America,Marshall Lawson,2382,364,2388.54
271,Koch LLC,2022-01-14,2023-01-13,Elite Plus,North America,Alton Hunt,2378,364,2384.53
6367,"Torp, Bosco and Agarwal",2021-11-04,2022-11-03,Elite Plus,North America,Christopher Little,2377,364,2383.53
7187,Kreiger Group,2019-06-14,2020-06-13,Classic,Europe,Phil Baker,2381,365,2381.0
3980,Ortiz Inc,2021-03-23,2022-03-22,Elite Plus,North America,Angelo Payne,2374,364,2380.52
4563,"Butler, Veum and Pouros",2020-11-04,2021-11-03,Elite Plus,North America,Karl Long,2373,364,2379.52
1874,"Wehner, Klocko and Legros",2021-07-14,2022-07-13,Elite Plus,North America,Cecelia Burgess,2373,364,2379.52
5915,"Harris, Crooks and Ferry",2021-05-24,2021-06-22,Classic,North America,Marsha Aguilar,189,29,2378.79
7447,Greenfelder Ltd,2018-06-07,2019-06-06,Classic,Europe,John Sacker,2370,364,2376.51
3410,Waelchi - Botsford,2020-09-28,2021-09-27,Classic,Latin America,Walter Sacha,2370,364,2376.51
4750,Bednar and Sons,2020-06-21,2021-06-20,Classic,Europe,Grant Cortez,2369,364,2375.51
3526,Reinger LLC,2021-07-20,2022-07-19,Classic,Latin America,Ross Hines,2369,364,2375.51
1241,Purdy Inc,2020-06-13,2021-06-12,Classic,Europe,Sonja Griffin,2368,364,2374.51
6716,Strosin - Bins,2021-01-10,2026-01-09,Elite Plus,North America,Marsha Aguilar,11871,1825,2374.2
4082,"Osinski, Farrell and Kutch",2020-02-21,2021-02-20,Elite Plus,Europe,Marsha Aguilar,2374,365,2374.0
5739,Kessler - Fahey,2021-08-01,2021-08-31,Classic,Latin America,Christopher Little,195,30,2372.5
2738,Koelpin LLC,2021-04-02,2022-04-01,Classic,Latin America,Grant Cortez,2365,364,2371.5
1218,Rau Group,2020-01-31,2021-01-29,Elite Plus,Latin America,Sonja Griffin,2365,364,2371.5
4786,"Hermiston, Weimann and Lemke",2022-01-24,2023-01-23,Elite Plus,North America,Ross Hines,2364,364,2370.49
3488,Senger LLC,2021-05-23,2022-05-22,Classic,North America,Tomas Glover,2364,364,2370.49
424,Zboncak LLC,2021-11-13,2024-06-10,Elite Plus,North America,Marshall Lawson,6103,940,2369.78
5830,"Hilll, Friesen and O'Connell",2022-12-24,2023-12-23,Elite Plus,North America,Marsha Aguilar,2361,364,2367.49
7497,"Lindgren, Torphy and Gislason",2018-06-28,2019-06-27,Classic,Europe,Grant Cortez,2361,364,2367.49
4839,Murphy LLC,2021-08-23,2021-09-21,Classic,Europe,Marsha Aguilar,188,29,2366.21
3140,Prohaska and Sons,2021-07-13,2021-08-11,Classic,North America,Ross Hines,188,29,2366.21
2762,Jast - Balistreri,2021-05-26,2022-11-25,Elite Plus,North America,Lonnie May,3552,548,2365.84
4977,Mann and Sons,2021-08-16,2022-08-15,Elite Plus,Latin America,John Sacker,2358,364,2364.48
99,"Oberbrunner, Hahn and Kemmer",2020-05-13,2021-05-13,Classic,Latin America,Patty Ingram,2363,365,2363.0
3497,McCullough - Albertson,2019-12-07,2020-12-05,Elite Plus,North America,Ross Hines,2354,364,2360.47
52,Hirthe - Mueller,2021-08-26,2021-09-25,Classic,Latin America,Marsha Aguilar,194,30,2360.33
6069,"Kub, Murphy and Pagac",2021-05-30,2022-05-29,Elite Plus,North America,Ross Hines,2353,364,2359.46
2497,Agarwaliamson - Mayert,2023-07-26,2024-07-25,Elite Plus,Europe,Dana Henderson,2359,365,2359.0
7635,Barton Group,2018-02-19,2019-02-18,Classic,North America,Aloyna Gregory,2351,364,2357.46
1079,Wuckert - Collier,2022-10-05,2023-09-04,Elite Plus,Europe,Angelo Payne,2156,334,2356.11
618,Blanda - O'Hara,2021-04-21,2022-04-20,Elite Plus,Europe,Alice Cole,2348,364,2354.45
849,Bechtelar - Connelly,2021-06-03,2021-07-02,Classic,North America,Sonja Griffin,187,29,2353.62
4394,Kilback - Kuphal,2021-11-12,2021-12-11,Classic,North America,Ramon Garcia,187,29,2353.62
3530,Graham Inc,2021-02-20,2022-02-19,Elite Plus,North America,Frankie Fletcher,2345,364,2351.44
4744,"Rippin, Oberbrunner and Murphy",2021-07-09,2024-07-08,Classic,Latin America,John Sacker,7052,1095,2350.67
1587,Renner - Kozey,2021-02-16,2022-02-15,Elite Plus,North America,Dana Henderson,2343,364,2349.44
190,Schoen LLC,2020-06-08,2021-06-07,Elite Plus,Asia,Karl Long,2343,364,2349.44
5737,Kessler - Fahey,2021-10-25,2022-10-24,Classic,Latin America,Christopher Little,2340,364,2346.43
2026,Kohler and Sons,2020-09-04,2021-09-03,Elite Plus,Europe,Ramon Garcia,2339,364,2345.43
3433,"Lebsack, Dicki and Bosco",2021-04-07,2022-04-06,Elite Plus,Latin America,Frankie Fletcher,2339,364,2345.43
516,Upton - Johnston,2021-05-26,2022-05-25,Elite Plus,North America,Alton Hunt,2336,364,2342.42
4828,Graham Group,2021-05-27,2021-07-26,Classic,North America,Ramon Garcia,385,60,2342.08
489,Lesch and Sons,2020-11-27,2021-11-26,Elite Plus,North America,Ross Hines,2335,364,2341.41
1019,Koss - Streich,2021-05-06,2021-06-04,Classic,North America,Karl Long,186,29,2341.03
1654,Kuphal - Hirthe,2020-08-26,2021-08-25,Elite Plus,North America,Marsha Aguilar,2334,364,2340.41
2189,"Schneider, Homenick and Johnson",2021-01-15,2022-01-14,Classic,Asia,Celia Clayton,2334,364,2340.41
4556,"Erdman, Bode and Beier",2019-12-16,2020-12-15,Elite Plus,Europe,Christopher Little,2340,365,2340.0
900,"Lesch, Bernhard and Hills",2020-03-22,2021-03-22,Elite Plus,Europe,Jerald James,2339,365,2339.0
3638,"Shields, Kassulke and Purdy",2021-09-20,2023-09-19,Elite Plus,Europe,Dana Henderson,4671,729,2338.7
2569,"Labadie, Sipes and Ritchie",2020-11-28,2021-11-27,Classic,Asia,Karl Long,2332,364,2338.41
6269,Bechel Inc,2021-05-25,2022-05-24,Elite Plus,Europe,Walter Sacha,2331,364,2337.4
159,Schroeder - Larkin,2021-10-17,2022-10-16,Elite Plus,North America,Dana Henderson,2331,364,2337.4
5568,Hableton - Hintz,2020-10-07,2021-10-06,Classic,North America,Marshall Lawson,2330,364,2336.4
1937,Olson LLC,2021-05-03,2022-05-02,Classic,Europe,Alton Hunt,2329,364,2335.4
2101,Stark - Moen,2023-05-06,2024-05-05,Elite Plus,Europe,Christopher Little,2335,365,2335.0
4576,Renner - Schiller,2021-05-14,2022-05-13,Elite Plus,North America,Judy Jacobs,2327,364,2333.39
148,Terry - Dooley,2020-12-15,2021-12-14,Elite Plus,North America,Aloyna Gregory,2326,364,2332.39
1197,"Collins, Casper and Rogahn",2021-03-17,2022-03-16,Classic,North America,Karl Long,2324,364,2330.38
4500,Zemlak Group,2020-08-06,2021-03-07,Elite Plus,North America,Celia Clayton,1359,213,2328.8
3187,"Goldner, White and Bundel",2020-07-10,2023-07-09,Elite Plus,North America,Ramon Garcia,6980,1094,2328.79
1923,"Lesch, Klein and Koepp",2021-04-17,2022-04-16,Elite Plus,Europe,Tomas Glover,2322,364,2328.38
1133,"Hahn, Nienow and Baumbach",2021-07-28,2022-01-05,Classic,Asia,Christopher Little,1027,161,2328.29
6395,"Quigley, Veum and Reilly",2020-01-09,2021-01-08,Elite Plus,North America,Angelo Payne,2328,365,2328.0
5332,"Erdman, Schaden and Bechel",2021-07-11,2022-06-01,Elite Plus,Europe,Celia Clayton,2072,325,2327.02
776,Ponting LLC,2020-05-01,2021-04-30,Elite Plus,North America,Marsha Aguilar,2320,364,2326.37
4765,Hagenes - Effertz,2021-07-16,2021-08-15,Classic,Europe,Dana Henderson,191,30,2323.83
726,Huels - Mante,2021-05-04,2021-06-03,Classic,Latin America,Christopher Little,191,30,2323.83
5397,"Marks, Daniel and Larson",2021-07-17,2021-08-16,Classic,Latin America,Marsha Aguilar,191,30,2323.83
1526,Raynor Group,2020-11-16,2021-11-15,Elite Plus,Europe,Marshall Lawson,2315,364,2321.36
4735,"Gutkowski, Windler and Kunze",2020-11-06,2021-11-05,Classic,Latin America,Celia Clayton,2313,364,2319.35
4959,Dare Inc,2021-09-04,2021-10-03,Classic,Asia,Micheal Williams,184,29,2315.86
4791,Rogahn - Botsford,2021-03-25,2022-03-25,Classic,Europe,John Sacker,2315,365,2315.0
5518,Baumbach - Simonis,2020-02-02,2021-02-01,Elite Plus,North America,Ross Hines,2313,365,2313.0
3146,Aufderhar LLC,2020-08-21,2021-08-20,Elite Plus,North America,Micheal Williams,2306,364,2312.34
5847,Weissnat Group,2020-07-19,2021-07-18,Elite Plus,North America,Patty Ingram,2306,364,2312.34
2959,"Greenholt, Bergstrom and Rolfson",2021-08-03,2022-08-03,Classic,Latin America,Jerald James,2312,365,2312.0
107,"Hayes, Wilderman and Cremin",2020-11-16,2020-12-13,Classic,Latin America,Alton Hunt,171,27,2311.67
4890,MacGyver - Mackerrel,2021-04-08,2022-04-07,Classic,North America,Alice Cole,2303,364,2309.33
5223,Rath - Farrell,2021-03-22,2022-03-21,Classic,Latin America,Aloyna Gregory,2302,364,2308.32
7464,Bahringer-Ankunding,2018-06-21,2019-06-20,Classic,North America,Alice Cole,2298,364,2304.31
3883,Huels and Sons,2021-10-30,2022-10-29,Elite Plus,North America,Dana Henderson,2296,364,2302.31
2442,"Tromp, Gillespie and Pimpernel",2021-06-15,2022-06-14,Elite Plus,North America,Judy Jacobs,2294,364,2300.3
1069,Wuckert - Collier,2021-12-26,2022-12-25,Elite Plus,Europe,Angelo Payne,2294,364,2300.3
4963,Langosh Inc,2020-12-22,2023-12-21,Elite Plus,Europe,Cecelia Burgess,6891,1094,2299.1
2105,"Block, Gerhold and Pollich",2021-03-15,2022-03-14,Elite Plus,Europe,Alton Hunt,2292,364,2298.3
5248,"Kessler, Kautzer and Bednar",2021-02-23,2022-02-22,Elite Plus,Asia,Lonnie May,2291,364,2297.29
5288,Skiles Group,2020-04-09,2021-04-08,Elite Plus,North America,Lonnie May,2290,364,2296.29
7477,Hudson Group,2018-06-22,2018-12-22,Classic,North America,Patty Ingram,1150,183,2293.72
1127,"Hahn, Nienow and Baumbach",2021-05-27,2022-05-26,Classic,Asia,Christopher Little,2287,364,2293.28
4543,Schulist Group,2021-03-10,2022-03-09,Elite Plus,Europe,Ramon Garcia,2285,364,2291.28
2174,"Macejkovic, Wintheiser and Kuhic",2021-06-23,2022-06-22,Classic,Latin America,Jerald James,2283,364,2289.27
1708,Schuster and Sons,2021-10-04,2021-11-03,Classic,Latin America,John Sacker,188,30,2287.33
3570,Cormier and Sons,2021-02-19,2022-02-18,Classic,Latin America,Dana Henderson,2280,364,2286.26
4484,Zemlak Group,2021-01-25,2022-01-24,Elite Plus,North America,Celia Clayton,2280,364,2286.26
5555,"Wyman, Harber and Jakubowski",2021-10-23,2023-12-10,Elite Plus,North America,Marshall Lawson,4872,778,2285.71
8141,Albertson-Belfact,2019-11-26,2020-11-25,Elite Plus,Asia,Grant Cortez,2285,365,2285.0
92,Gutkowski and Sons,2020-12-03,2021-12-02,Elite Plus,Europe,Ross Hines,2277,364,2283.26
6402,"Quigley, Veum and Reilly",2020-09-27,2021-09-26,Elite Plus,North America,Angelo Payne,2277,364,2283.26
139,"Gottlieb, Sawayn and Jacobs",2021-01-21,2022-01-20,Elite Plus,Latin America,Ross Hines,2276,364,2282.25
2459,"Tromp, Gillespie and Pimpernel",2021-11-23,2022-11-22,Elite Plus,North America,Judy Jacobs,2276,364,2282.25
5157,"Leffler, Kertzmann and Heathcote",2021-02-13,2022-02-12,Classic,North America,Grant Cortez,2270,364,2276.24
4480,Zemlak Group,2020-02-13,2021-02-11,Elite Plus,North America,Celia Clayton,2269,364,2275.23
311,Kub and Sons,2020-11-04,2022-11-03,Elite Plus,Europe,Ramon Garcia,4538,729,2272.11
7829,"Gleason, Bartoletti and Stoltenberg",2019-02-21,2020-02-21,Classic,North America,Dana Henderson,2272,365,2272.0
3711,Aufderhar LLC,2021-12-13,2022-12-12,Classic,North America,Micheal Williams,2265,364,2271.22
5540,Goldner Inc,2021-01-23,2022-01-22,Classic,Latin America,Aloyna Gregory,2264,364,2270.22
4375,Gusikowski Inc,2021-02-09,2023-02-08,Elite Plus,Latin America,Aloyna Gregory,4534,729,2270.11
5005,Wehner and Sons,2020-02-12,2021-02-10,Elite Plus,North America,Lonnie May,2263,364,2269.22
2570,"Auer, Rippin and Kris",2020-06-19,2021-06-18,Elite Plus,North America,Dana Henderson,2261,364,2267.21
902,"Lesch, Bernhard and Hills",2020-08-10,2021-08-09,Classic,Europe,Jerald James,2260,364,2266.21
777,Ponting LLC,2021-04-22,2022-04-21,Elite Plus,North America,Marsha Aguilar,2260,364,2266.21
3663,"Torp, Schneider and Lesch",2020-01-07,2021-01-05,Elite Plus,North America,Celia Clayton,2260,364,2266.21
5691,Dietrich - Klocko,2020-09-03,2021-07-21,Elite Plus,Asia,Angelo Payne,1993,321,2266.18
882,"Schuppe, Schumm and Littel",2021-07-01,2021-07-30,Classic,Latin America,Micheal Williams,180,29,2265.52
5376,Dicki - Wilderman,2020-10-26,2021-10-25,Elite Plus,North America,John Sacker,2259,364,2265.21
6482,Greenholt LLC,2021-01-05,2024-01-04,Elite Plus,Europe,Alton Hunt,6788,1094,2264.73
265,Koch LLC,2021-01-14,2022-01-13,Elite Plus,North America,Alton Hunt,2257,364,2263.2
8003,Schimmel-Hintz,2019-10-22,2020-10-21,Classic,Europe,John Sacker,2261,365,2261.0
5577,Murray LLC,2020-06-27,2021-01-05,Classic,Europe,Celia Clayton,1189,192,2260.34
342,Champlin - Block,2019-12-15,2020-12-14,Elite Plus,North America,Karl Long,2260,365,2260.0
2300,Wiza and Sons,2021-06-14,2022-06-13,Elite Plus,Europe,Christopher Little,2253,364,2259.19
4210,King LLC,2020-12-26,2021-12-25,Elite Plus,Asia,Walter Sacha,2248,364,2254.18
93,Aufderhar Group,2020-02-01,2021-01-30,Elite Plus,North America,Judy Jacobs,2246,364,2252.17
4264,Kshlerin Group,2021-09-14,2021-10-14,Classic,Latin America,Aloyna Gregory,185,30,2250.83
6330,"Strosin, McGlynn and Emmerich",2020-10-17,2021-10-16,Elite Plus,North America,Ross Hines,2244,364,2250.16
3186,"Goldner, White and Bundel",2020-11-04,2023-11-03,Elite Plus,North America,Ramon Garcia,6739,1094,2248.39
1848,Goodwin and Sons,2020-11-03,2021-11-02,Elite Plus,North America,Angelo Payne,2240,364,2246.15
3520,Jenkins Group,2020-07-28,2021-04-05,Classic,Latin America,Lonnie May,1544,251,2245.26
7694,Marquardt PLC,2018-11-20,2019-11-19,Classic,North America,Marsha Aguilar,2239,364,2245.15
1814,Schuster - Torp,2021-02-03,2024-02-03,Elite Plus,North America,Ramon Garcia,6734,1095,2244.67
4243,Weissnat and Sons,2021-05-11,2022-05-10,Classic,North America,Aloyna Gregory,2237,364,2243.15
4455,"Nitzsche, Swift and Muller",2021-05-18,2022-05-17,Elite Plus,North America,Cecelia Burgess,2236,364,2242.14
3984,Ortiz Inc,2022-04-11,2023-04-10,Elite Plus,North America,Angelo Payne,2235,364,2241.14
136,Benjamin Batterbond,2021-11-18,2021-12-17,Classic,North America,Ramon Garcia,178,29,2240.34
3359,"Hermann, Hilll and Klein",2020-04-03,2021-04-02,Elite Plus,North America,Cecelia Burgess,2233,364,2239.13
2330,Graham and Sons,2021-05-11,2021-05-26,Classic,North America,Angelo Payne,92,15,2238.67
278,Koch LLC,2022-10-14,2022-11-13,Elite Plus,North America,Alton Hunt,184,30,2238.67
4694,Hackett LLC,2021-03-23,2022-03-22,Elite Plus,Asia,Frankie Fletcher,2232,364,2238.13
2928,Harris Inc,2019-12-17,2020-12-16,Elite Plus,Latin America,Jerald James,2238,365,2238.0
583,SchoStantner - Ritchie,2019-12-25,2020-12-24,Elite Plus,Asia,Celia Clayton,2236,365,2236.0
5427,"King, Crooks and Ankunding",2020-08-15,2021-08-15,Classic,Europe,Phil Baker,2235,365,2235.0
1773,Hane - Oberbrunner,2021-02-16,2022-03-23,Elite Plus,Asia,Judy Jacobs,2449,400,2234.71
7759,Gaylord LLC,2018-08-24,2019-08-23,Classic,North America,Walter Sacha,2227,364,2233.12
1078,Wuckert - Collier,2021-07-17,2022-07-16,Elite Plus,Europe,Angelo Payne,2225,364,2231.11
2597,O'Kon - Trantow,2020-08-03,2021-08-02,Classic,Asia,Tomas Glover,2223,364,2229.11
2516,"Leffler, Lesch and Halvorson",2023-07-30,2024-07-29,Elite Plus,North America,Ross Hines,2229,365,2229.0
3890,Senger LLC,2021-08-20,2023-02-17,Classic,Latin America,Tomas Glover,3330,546,2226.1
1900,"Quigley, Kub and Ponting",2021-08-15,2022-08-14,Elite Plus,North America,Alton Hunt,2219,364,2225.1
2933,Homenick - Jacobi,2020-03-23,2021-03-22,Classic,North America,Celia Clayton,2218,364,2224.09
2333,Graham and Sons,2019-12-25,2020-12-23,Classic,North America,Angelo Payne,2217,364,2223.09
2332,Graham and Sons,2020-06-06,2021-06-05,Classic,North America,Angelo Payne,2215,364,2221.09
2514,"Leffler, Lesch and Halvorson",2021-07-23,2022-07-22,Elite Plus,North America,Ross Hines,2214,364,2220.08
6435,Purdy - Russel,2021-09-08,2022-09-07,Elite Plus,Latin America,Ross Hines,2214,364,2220.08
5292,Skiles Group,2021-04-21,2022-04-20,Elite Plus,North America,Lonnie May,2214,364,2220.08
1973,Davis and Sons,2020-07-27,2021-07-26,Elite Plus,North America,Aloyna Gregory,2213,364,2219.08
7113,Zamber-Wehner,2019-09-23,2020-09-22,Classic,North America,Celia Clayton,2218,365,2218.0
4231,"Cerner, Farrell and White",2022-03-10,2023-03-09,Elite Plus,Latin America,Walter Sacha,2207,364,2213.06
4453,"Nitzsche, Swift and Muller",2020-09-23,2021-09-22,Elite Plus,North America,Cecelia Burgess,2207,364,2213.06
873,"Funk, Oberbrunner and Marvin",2021-08-14,2024-08-13,Elite Plus,Europe,Alice Cole,6634,1095,2211.33
2508,Stoltenberg Group,2021-03-21,2022-03-20,Elite Plus,North America,Judy Jacobs,2204,364,2210.05
6327,Schimmel - Stehr,2021-03-12,2022-03-11,Elite Plus,North America,Walter Sacha,2203,364,2209.05
3074,O'Kon - Weber,2020-12-22,2021-12-21,Elite Plus,North America,Grant Cortez,2202,364,2208.05
5169,"Cronin, Frost and Ratke",2019-11-25,2020-11-24,Elite Plus,North America,Judy Jacobs,2206,365,2206.0
1388,Rohan - Osinski,2021-07-23,2022-07-23,Classic,Europe,Angelo Payne,2202,365,2202.0
6615,Purdy LLC,2020-02-16,2021-02-15,Classic,North America,Ross Hines,2201,365,2201.0
2589,O'Kon - Trantow,2020-04-07,2020-10-27,Classic,Asia,Tomas Glover,1224,203,2200.79
2386,"Hilll, Kohler and Brown",2022-04-05,2023-04-04,Elite Plus,Europe,Patty Ingram,2192,364,2198.02
5790,Tanner Inc,2021-07-26,2022-08-11,Classic,North America,Karl Long,2294,381,2197.66
3335,"Gupta,Agarwal and Nolan",2020-10-18,2021-10-17,Classic,Asia,Tomas Glover,2189,364,2195.01
3250,Reynolds - Goodwin,2019-11-24,2020-11-23,Elite Plus,North America,Cecelia Burgess,2195,365,2195.0
4258,Kshlerin Group,2021-02-06,2021-03-08,Classic,Latin America,Aloyna Gregory,180,30,2190.0
4656,Raynor - Howell,2021-10-07,2021-11-05,Classic,Latin America,Cecelia Burgess,174,29,2190.0
880,"Schuppe, Schumm and Littel",2021-09-03,2021-10-03,Classic,Latin America,Micheal Williams,180,30,2190.0
437,King and Sons,2021-12-06,2022-12-05,Classic,Latin America,Judy Jacobs,2182,364,2187.99
1646,Weissnat - Kessler,2021-10-06,2023-10-05,Elite Plus,Europe,Lonnie May,4367,729,2186.5
6051,Gibson Group,2021-04-24,2022-04-23,Classic,Latin America,Sonja Griffin,2179,364,2184.99
59,Lind and Sons,2021-10-24,2022-10-23,Elite Plus,Europe,Karl Long,2178,364,2183.98
3315,"Mackerrel, Schroeder and Gutkowski",2022-07-08,2023-07-07,Elite Plus,North America,Tomas Glover,2178,364,2183.98
4749,"Stoltenberg, Batz and Heidenreich",2020-10-03,2021-10-02,Elite Plus,Europe,Walter Sacha,2178,364,2183.98
4217,Cummings and Sons,2021-10-12,2023-10-11,Elite Plus,Europe,Marsha Aguilar,4360,729,2182.99
2306,Wiza Group,2021-05-03,2022-05-02,Elite Plus,Europe,Angelo Payne,2177,364,2182.98
7249,Hill Group,2019-02-27,2020-02-27,Classic,North America,Aloyna Gregory,2182,365,2182.0
6177,"Dietrich, Larson and Murazik",2023-03-10,2023-06-09,Elite Plus,Europe,Christopher Little,544,91,2181.98
825,Schimmel LLC,2021-07-17,2022-07-16,Elite Plus,North America,Ramon Garcia,2174,364,2179.97
5771,Cassle - Mosciski,2021-05-27,2024-05-25,Elite Plus,North America,Christopher Little,6532,1094,2179.32
3803,"Hilll, Kiehn and Douglas",2021-06-04,2022-06-03,Elite Plus,Latin America,Karl Long,2173,364,2178.97
2378,Sawayn - Moen,2020-05-27,2021-05-26,Classic,North America,Micheal Williams,2173,364,2178.97
447,Keebler Inc,2021-09-09,2022-11-08,Elite Plus,Latin America,Phil Baker,2537,425,2178.84
460,"Harber, Hartmann and Hessel",2021-02-06,2022-02-05,Elite Plus,Europe,Lonnie May,2171,364,2176.96
7275,Moen-Prosacco,2018-09-22,2019-09-21,Classic,North America,Dana Henderson,2168,364,2173.96
2749,Turcotte Inc,2021-01-21,2022-01-20,Elite Plus,Europe,Ramon Garcia,2167,364,2172.95
6070,"Kub, Murphy and Pagac",2022-03-11,2023-03-10,Elite Plus,North America,Ross Hines,2165,364,2170.95
7386,Hudson-Reichert,2019-01-24,2020-01-23,Classic,North America,John Sacker,2163,364,2168.94
1256,Koss Inc,2020-12-12,2021-12-11,Classic,Latin America,Christopher Little,2163,364,2168.94
973,"Lubowitz, Franecki and Schuster",2021-10-26,2022-04-24,Elite Plus,Latin America,John Sacker,1069,180,2167.69
6840,Kilback Group,2019-06-04,2020-06-03,Classic,Europe,Walter Sacha,2167,365,2167.0
1883,"Shanahan, Hettinger and Butler",2020-10-24,2021-10-23,Elite Plus,Europe,Angelo Payne,2160,364,2165.93
5728,Kessler - Fahey,2021-07-05,2021-08-04,Classic,Latin America,Christopher Little,178,30,2165.67
6107,Stoltenberg - Kassulke,2021-07-08,2023-07-07,Elite Plus,North America,Karl Long,4325,729,2165.47
1228,"Hintz, Hableton and O'Kon",2020-01-16,2021-01-15,Classic,North America,Angelo Payne,2165,365,2165.0
6961,"Klocko, Howe and Tanner",2019-09-22,2020-09-21,Classic,Europe,John Sacker,2165,365,2165.0
6622,Hartmann Group,2020-11-08,2023-11-07,Elite Plus,Asia,Walter Sacha,6489,1094,2164.98
4548,Krajcik and Sons,2020-07-09,2021-07-08,Classic,Latin America,Frankie Fletcher,2159,364,2164.93
739,"Stoltenberg, Halvorson and Nader",2022-03-22,2023-03-21,Elite Plus,Latin America,Angelo Payne,2157,364,2162.93
1125,"Hahn, Nienow and Baumbach",2021-04-12,2022-04-11,Classic,Asia,Christopher Little,2155,364,2160.92
743,Sporer Group,2020-06-10,2021-06-09,Elite Plus,Europe,Christopher Little,2148,364,2153.9
4783,"Hermiston, Weimann and Lemke",2022-12-04,2023-12-03,Elite Plus,North America,Ross Hines,2146,364,2151.9
2190,Pagac - Hermiston,2021-01-15,2022-01-14,Classic,Latin America,Lonnie May,2145,364,2150.89
6584,Ondricka - Casper,2020-02-10,2021-02-08,Elite Plus,North America,Sonja Griffin,2143,364,2148.89
7821,Wehner Inc,2019-02-04,2020-02-03,Classic,North America,Cecelia Burgess,2142,364,2147.88
3706,Blanda - Borer,2020-02-02,2020-10-13,Classic,Europe,Grant Cortez,1494,254,2146.89
6829,"Norman, Lakin and Lesch",2019-06-07,2020-06-06,Classic,Europe,Alice Cole,2146,365,2146.0
4047,Erdman Group,2021-05-07,2022-05-06,Elite Plus,North America,Judy Jacobs,2140,364,2145.88
3728,Stehr LLC,2020-01-24,2021-01-22,Elite Plus,Asia,Tomas Glover,2140,364,2145.88
2032,"Frami, Hackett and Rohan",2020-02-03,2021-02-02,Elite Plus,North America,Aloyna Gregory,2145,365,2145.0
8160,"Turcotte, Kuhic and Keeling",2019-11-19,2020-11-18,Classic,North America,John Sacker,2144,365,2144.0
5101,"Belfact, Wintheiser and Beatty",2020-05-31,2021-05-30,Elite Plus,North America,Lonnie May,2137,364,2142.87
4366,Belfact LLC,2021-04-03,2022-04-02,Elite Plus,North America,John Sacker,2136,364,2141.87
653,"Goodwin, O'Reilly and Buckridge",2020-07-15,2021-07-14,Elite Plus,North America,Judy Jacobs,2136,364,2141.87
6509,SchamBundelr - Huels,2023-09-14,2024-09-13,Elite Plus,Europe,John Sacker,2141,365,2141.0
4911,Kirlin - Simonis,2023-01-31,2023-08-02,Elite Plus,North America,Frankie Fletcher,1073,183,2140.14
5706,Altenwerth - Rosenbaum,2021-07-13,2022-07-12,Elite Plus,Latin America,Aloyna Gregory,2133,364,2138.86
3595,Jakubowski LLC,2020-10-03,2021-10-02,Classic,Latin America,Judy Jacobs,2133,364,2138.86
6408,"Quigley, Veum and Reilly",2020-10-18,2021-10-17,Elite Plus,North America,Angelo Payne,2132,364,2137.86
3665,"Torp, Schneider and Lesch",2021-01-30,2021-05-21,Elite Plus,North America,Celia Clayton,650,111,2137.39
5236,Stark LLC,2021-04-24,2022-04-23,Classic,North America,Micheal Williams,2131,364,2136.85
2479,Schmidt - McClure,2021-03-15,2021-04-11,Classic,Latin America,Phil Baker,158,27,2135.93
648,"Goodwin, O'Reilly and Buckridge",2020-01-17,2021-01-15,Elite Plus,North America,Judy Jacobs,2129,364,2134.85
2932,Harris Inc,2021-01-07,2021-04-07,Elite Plus,Latin America,Jerald James,526,90,2133.22
7840,"Rumsfeld, Batz and Heaney",2019-03-23,2020-03-23,Elite Plus,North America,Celia Clayton,2139,366,2133.16
3226,Vandervort - Upton,2020-12-05,2021-12-04,Elite Plus,North America,John Sacker,2125,364,2130.84
3832,Sauer and Sons,2021-01-12,2021-02-11,Classic,Latin America,Alice Cole,175,30,2129.17
4658,"Bernier, Abbott and Mann",2021-06-13,2022-06-12,Elite Plus,Asia,Lonnie May,2123,364,2128.83
7607,King and Sons,2018-02-27,2019-02-26,Classic,Latin America,Judy Jacobs,2122,364,2127.83
6424,"Quigley, Veum and Reilly",2020-12-25,2021-12-24,Elite Plus,North America,Angelo Payne,2122,364,2127.83
848,Bechtelar - Connelly,2021-07-25,2021-08-23,Classic,North America,Sonja Griffin,169,29,2127.07
5063,Collier - Skiles,2021-07-19,2022-11-18,Elite Plus,Europe,Sonja Griffin,2838,487,2127.04
4831,Deckow - Deckow,2020-07-27,2021-07-27,Classic,Latin America,Angelo Payne,2127,365,2127.0
7946,Pagac-Hessel,2019-10-17,2020-10-16,Classic,North America,Alton Hunt,2127,365,2127.0
5630,"Stiedemann, Labadie and Prosacco",2020-11-06,2021-11-05,Elite Plus,North America,Ramon Garcia,2120,364,2125.82
4289,"Haag, Hane and Terry",2021-05-29,2022-05-28,Classic,Latin America,Christopher Little,2119,364,2124.82
1899,"Quigley, Kub and Ponting",2021-08-31,2022-08-30,Elite Plus,North America,Alton Hunt,2119,364,2124.82
4402,"Gutmann, Fadel and Klein",2020-10-25,2021-10-24,Classic,North America,Grant Cortez,2118,364,2123.82
15,Towne - Kub,2021-07-17,2021-08-02,Classic,Europe,Alton Hunt,93,16,2121.56
1500,Jast - Cassle,2021-09-07,2022-09-06,Elite Plus,North America,Christopher Little,2115,364,2120.81
5948,"Howe, Stiedemann and Larson",2021-04-20,2021-12-20,Elite Plus,North America,Jerald James,1417,244,2119.69
6553,"Brekke, Goodwin and Purdy",2021-10-16,2024-10-15,Elite Plus,North America,Celia Clayton,6357,1095,2119.0
2848,Powlowski - Hilpert,2022-01-05,2023-01-04,Elite Plus,Asia,Sonja Griffin,2112,364,2117.8
767,"Kunze, Jaskolski and Labadie",2020-02-19,2021-02-18,Elite Plus,Europe,Walter Sacha,2117,365,2117.0
1758,Ullrich Inc,2019-11-29,2020-11-28,Elite Plus,Europe,Angelo Payne,2117,365,2117.0
3245,Reynolds - Goodwin,2019-11-10,2020-11-08,Elite Plus,North America,Cecelia Burgess,2111,364,2116.8
2654,"Hyatt, Johns and Lowe",2021-05-06,2022-05-05,Elite Plus,North America,Jerald James,2110,364,2115.8
3596,Jakubowski LLC,2020-09-02,2021-09-01,Classic,Latin America,Judy Jacobs,2110,364,2115.8
502,Stark Group,2021-08-21,2022-08-20,Elite Plus,Latin America,Walter Sacha,2109,364,2114.79
2232,D'Amore Group,2020-04-20,2021-04-19,Classic,North America,Karl Long,2107,364,2112.79
5935,Johnston Group,2021-05-27,2022-05-26,Elite Plus,North America,Frankie Fletcher,2107,364,2112.79
3505,Muller and Sons,2020-04-28,2021-04-27,Classic,North America,Karl Long,2104,364,2109.78
34,"Kessler, Steuber and Abbott",2020-03-12,2021-03-12,Classic,North America,Grant Cortez,2108,365,2108.0
1301,Stiedemann Group,2020-01-09,2021-01-08,Elite Plus,North America,Alice Cole,2108,365,2108.0
3952,"Lang, Mitchell and Grant",2020-03-23,2021-03-23,Classic,North America,Celia Clayton,2107,365,2107.0
6556,Bundel - Sauer,2021-09-16,2022-09-15,Classic,Europe,Tomas Glover,2101,364,2106.77
558,Kihn - Gaverman,2020-10-14,2023-10-13,Elite Plus,Asia,Celia Clayton,6314,1094,2106.59
4381,Denesik and Sons,2019-11-27,2020-11-26,Elite Plus,Europe,Karl Long,2106,365,2106.0
3972,"Hessel, Koss and Littel",2021-05-13,2021-06-12,Classic,North America,Karl Long,173,30,2104.83
3356,O'Kon and Sons,2020-02-24,2021-02-22,Classic,North America,Alice Cole,2098,364,2103.76
4088,"Schulist, Abtel and Wilderman",2021-08-28,2022-08-28,Classic,Europe,Ross Hines,2102,365,2102.0
125,Benjamin Batterbond,2021-04-23,2021-05-22,Classic,North America,Ramon Garcia,167,29,2101.9
4230,"Cerner, Farrell and White",2020-12-24,2021-12-23,Elite Plus,Latin America,Walter Sacha,2096,364,2101.76
6271,Bechel Inc,2021-04-02,2022-04-01,Elite Plus,Europe,Walter Sacha,2093,364,2098.75
6130,Wisoky Group,2021-01-08,2024-01-07,Elite Plus,North America,Christopher Little,6290,1094,2098.58
2691,Torphy - Ledner,2021-06-14,2022-06-13,Classic,North America,Tomas Glover,2091,364,2096.74
5946,"Howe, Stiedemann and Larson",2021-04-05,2022-04-04,Elite Plus,North America,Jerald James,2090,364,2095.74
5195,Lesch - Mauston,2021-05-03,2022-05-02,Elite Plus,Asia,Grant Cortez,2089,364,2094.74
2827,Hilpert and Sons,2020-01-12,2021-01-11,Classic,North America,Marsha Aguilar,2093,365,2093.0
1436,Sipes Group,2020-10-06,2022-10-05,Elite Plus,Asia,Alice Cole,4180,729,2092.87
3151,"Gorczany, Wolf and Rodriguez",2020-08-15,2021-08-14,Classic,Europe,Alton Hunt,2086,364,2091.73
2137,"Swaniawski, Orn and Smitham",2021-09-03,2022-09-14,Elite Plus,Europe,Celia Clayton,2152,376,2089.04
5549,"Wyman, Harber and Jakubowski",2020-11-29,2021-11-28,Elite Plus,North America,Marshall Lawson,2083,364,2088.72
16,Towne - Kub,2020-08-26,2021-07-24,Classic,Europe,Alton Hunt,1899,332,2087.76
4638,"Campbelll, Schroeder and Harber",2021-05-01,2022-04-30,Classic,North America,Tomas Glover,2081,364,2086.72
3176,"Goldner, White and Bundel",2020-08-02,2021-08-01,Elite Plus,North America,Ramon Garcia,2081,364,2086.72
4755,Kemmer Group,2020-01-09,2021-01-08,Elite Plus,Asia,Judy Jacobs,2086,365,2086.0
4220,Cummings and Sons,2021-08-25,2023-08-24,Elite Plus,Europe,Marsha Aguilar,4160,729,2082.85
5437,"Larkin, Dickens and Simonis",2021-01-09,2022-01-08,Elite Plus,Asia,Tomas Glover,2077,364,2082.71
6044,"Pollich, Dicki and Albertson",2021-09-15,2021-10-15,Classic,North America,Walter Sacha,171,30,2080.5
5220,Aufderhar and Sons,2021-07-22,2022-07-21,Classic,Latin America,Alton Hunt,2074,364,2079.7
1146,"Hahn, Nienow and Baumbach",2022-06-15,2023-06-14,Classic,Asia,Christopher Little,2074,364,2079.7
6303,Kulas - Ryan,2021-06-15,2023-04-09,Elite Plus,North America,Christopher Little,3777,663,2079.34
4186,Rogahn Inc,2020-05-16,2021-05-15,Elite Plus,North America,John Sacker,2072,364,2077.69
507,Strosin and Sons,2021-09-27,2023-09-26,Classic,Latin America,Jerald James,4149,729,2077.35
363,Yost - Hettinger,2021-07-24,2021-08-22,Classic,Latin America,Frankie Fletcher,165,29,2076.72
6752,"Hayes, Orn and Cassin",2021-03-09,2024-03-07,Classic,North America,Grant Cortez,6219,1094,2074.89
2470,"Hintz, McDermott and Walsh",2022-06-02,2023-06-01,Elite Plus,Europe,Phil Baker,2068,364,2073.68
203,Padberg - Schinner,2020-01-28,2021-01-26,Elite Plus,Asia,Marshall Lawson,2068,364,2073.68
2863,"Barton, Heidenreich and Witting",2021-08-04,2022-08-03,Elite Plus,Europe,Jerald James,2066,364,2071.68
3519,Jenkins Group,2020-06-24,2021-06-23,Classic,Latin America,Lonnie May,2066,364,2071.68
3405,Rowe LLC,2020-07-21,2021-07-21,Classic,Latin America,Christopher Little,2070,365,2070.0
3708,Blanda - Borer,2020-10-23,2021-10-22,Classic,Europe,Grant Cortez,2064,364,2069.67
4836,Deckow - Deckow,2021-05-10,2023-05-09,Classic,Latin America,Angelo Payne,4129,729,2067.33
6862,Romaguera-Spinka,2019-06-22,2020-06-21,Classic,North America,Phil Baker,2067,365,2067.0
4807,Bashirian - Mante,2020-09-10,2021-09-09,Classic,Europe,Micheal Williams,2061,364,2066.66
1617,McCullough - White,2021-06-05,2022-06-04,Classic,North America,Karl Long,2061,364,2066.66
549,Harvey and Sons,2021-03-02,2024-03-01,Elite Plus,Asia,Walter Sacha,6199,1095,2066.33
5059,Collier - Skiles,2020-02-11,2021-02-10,Elite Plus,Europe,Sonja Griffin,2063,365,2063.0
1045,"Johnson, Farrell and Zieme",2020-07-25,2021-07-24,Elite Plus,North America,Aloyna Gregory,2057,364,2062.65
512,Upton - Johnston,2020-10-31,2021-09-30,Elite Plus,North America,Alton Hunt,1886,334,2061.05
6624,Hartmann Group,2021-04-12,2022-04-11,Classic,Asia,Walter Sacha,2054,364,2059.64
4933,Lesch - Johnston,2020-01-02,2020-12-31,Elite Plus,North America,Tomas Glover,2053,364,2058.64
4593,Renner - Schiller,2022-06-17,2023-06-16,Elite Plus,North America,Judy Jacobs,2053,364,2058.64
4659,"Rodriguez, Miller and Johnston",2020-05-31,2021-05-30,Elite Plus,Asia,Aloyna Gregory,2053,364,2058.64
1318,Stiedemann Group,2021-01-01,2021-12-31,Elite Plus,North America,Alice Cole,2053,364,2058.64
417,Zboncak LLC,2021-09-06,2024-09-06,Elite Plus,North America,Marshall Lawson,6179,1096,2057.79
1842,Schuster - Torp,2021-07-18,2022-07-17,Elite Plus,North America,Ramon Garcia,2052,364,2057.64
891,Hahn - Shields,2020-08-13,2021-08-12,Elite Plus,North America,Christopher Little,2051,364,2056.63
5499,"Koss, Kub and Hartmann",2020-12-18,2021-01-17,Classic,Europe,Ramon Garcia,169,30,2056.17
4564,"Butler, Veum and Pouros",2021-09-06,2022-09-05,Elite Plus,North America,Karl Long,2050,364,2055.63
6185,"Dietrich, Larson and Murazik",2022-03-13,2023-03-12,Elite Plus,Europe,Christopher Little,2049,364,2054.63
1625,Kuhic - Dooley,2020-12-10,2023-12-09,Elite Plus,North America,John Sacker,6158,1094,2054.54
322,"Hessel, Langworth and Abtel",2020-07-20,2021-07-19,Elite Plus,North America,Dana Henderson,2048,364,2053.63
3321,Butler - Franecki,2021-10-01,2023-09-30,Classic,Latin America,Angelo Payne,4100,729,2052.81
5775,Cassle - Mosciski,2021-06-18,2022-12-17,Elite Plus,North America,Christopher Little,3076,547,2052.54
1711,Schuster and Sons,2021-08-22,2021-09-20,Classic,Latin America,John Sacker,163,29,2051.55
2466,"Hintz, McDermott and Walsh",2020-03-25,2021-03-24,Elite Plus,Europe,Phil Baker,2045,364,2050.62
1307,Stiedemann Group,2020-09-22,2021-09-21,Elite Plus,North America,Alice Cole,2043,364,2048.61
7349,Harris LLC,2018-11-22,2019-11-21,Classic,North America,Ross Hines,2042,364,2047.61
3125,Brakus - Schimmel,2020-12-01,2021-11-30,Elite Plus,Europe,Judy Jacobs,2041,364,2046.61
1096,Wuckert - Collier,2022-10-15,2023-09-14,Elite Plus,Europe,Angelo Payne,1871,334,2044.66
5450,Jacobi - Bogisich,2020-06-22,2021-06-21,Elite Plus,North America,Frankie Fletcher,2039,364,2044.6
822,Schimmel LLC,2021-02-04,2022-02-03,Elite Plus,North America,Ramon Garcia,2039,364,2044.6
2331,Graham and Sons,2021-06-09,2021-06-24,Classic,North America,Angelo Payne,84,15,2044.0
1051,"Johnson, Farrell and Zieme",2020-09-08,2021-09-07,Elite Plus,North America,Aloyna Gregory,2038,364,2043.6
4479,Zemlak Group,2022-01-01,2022-07-02,Elite Plus,North America,Celia Clayton,1019,182,2043.6
5339,Schmeler - Little,2019-11-29,2020-11-28,Elite Plus,Europe,Frankie Fletcher,2043,365,2043.0
5805,"Hilll, Friesen and O'Connell",2021-05-23,2022-05-22,Elite Plus,North America,Marsha Aguilar,2036,364,2041.59
4644,Macejkovic - Homenick,2020-02-24,2021-02-22,Elite Plus,Asia,Marsha Aguilar,2036,364,2041.59
2212,"Adams, Harvey and Wehner",2023-05-25,2024-05-24,Elite Plus,Europe,Alice Cole,2040,365,2040.0
4504,Zemlak Group,2022-02-16,2022-10-17,Elite Plus,North America,Celia Clayton,1358,243,2039.79
4877,Cummings - Kuphal,2020-08-30,2022-02-26,Classic,Europe,Angelo Payne,3044,545,2038.64
5667,Raynor - Gusikowski,2021-01-16,2022-01-15,Elite Plus,North America,Christopher Little,2033,364,2038.59
3091,O'Kon - Weber,2021-11-29,2023-11-28,Elite Plus,North America,Grant Cortez,4070,729,2037.79
685,"Goodwin, O'Reilly and Buckridge",2022-07-01,2023-06-30,Elite Plus,North America,Judy Jacobs,2032,364,2037.58
3261,Reynolds - Goodwin,2020-05-04,2021-05-03,Elite Plus,North America,Cecelia Burgess,2032,364,2037.58
645,"Goodwin, O'Reilly and Buckridge",2020-06-09,2021-06-08,Elite Plus,North America,Judy Jacobs,2031,364,2036.58
5774,Cassle - Mosciski,2021-06-12,2022-12-11,Elite Plus,North America,Christopher Little,3050,547,2035.19
4619,Erdman Group,2020-02-24,2021-02-23,Classic,Europe,Judy Jacobs,2033,365,2033.0
439,Graham and Sons,2021-01-01,2021-01-31,Classic,Latin America,Angelo Payne,167,30,2031.83
7935,Schuppe-Hills,2019-08-23,2020-08-22,Classic,North America,Angelo Payne,2029,365,2029.0
8058,Leannon-Kiehn,2019-08-29,2020-08-28,Classic,North America,Patty Ingram,2026,365,2026.0
2274,"Kutch, Gerhold and Quitzon",2022-06-23,2023-06-22,Elite Plus,Europe,Karl Long,2016,364,2021.54
5906,"Schmitt, Grady and Dickens",2021-01-18,2022-01-17,Elite Plus,North America,Angelo Payne,2016,364,2021.54
3020,Gammendor - Frost,2021-03-20,2022-03-19,Elite Plus,Europe,Frankie Fletcher,2015,364,2020.54
4697,Mayer - Kling,2020-11-27,2023-11-26,Elite Plus,Asia,Frankie Fletcher,6048,1094,2017.84
5898,Medhurst Group,2020-08-24,2021-08-23,Elite Plus,North America,Christopher Little,2012,364,2017.53
4030,"Gerlach, Crist and Mueller",2020-10-05,2021-10-04,Classic,Latin America,Dana Henderson,2009,364,2014.52
6747,"Hayes, Orn and Cassin",2020-04-16,2021-04-16,Classic,North America,Grant Cortez,2012,365,2012.0
676,"Goodwin, O'Reilly and Buckridge",2021-04-11,2022-04-10,Elite Plus,North America,Judy Jacobs,2005,364,2010.51
86,Cormier - Bergstrom,2021-02-25,2022-02-24,Elite Plus,Europe,Ramon Garcia,2002,364,2007.5
6517,Douglas - Kozey,2021-07-11,2021-11-10,Classic,North America,Karl Long,671,122,2007.5
5843,"Kunde, Tremblay and Erdman",2020-04-01,2021-03-31,Classic,North America,Alice Cole,2002,364,2007.5
6479,Greenholt LLC,2021-06-02,2023-12-09,Elite Plus,Europe,Alton Hunt,5059,920,2007.1
5073,Considine and Sons,2021-06-29,2023-06-28,Elite Plus,Europe,Micheal Williams,4008,729,2006.75
2003,Bradtke and Sons,2020-10-03,2023-10-02,Elite Plus,North America,Sonja Griffin,6014,1094,2006.5
5621,"Stiedemann, Labadie and Prosacco",2020-06-13,2021-06-12,Elite Plus,North America,Ramon Garcia,2001,364,2006.5
5998,Stehr and Sons,2021-08-25,2022-08-24,Elite Plus,North America,Phil Baker,2000,364,2005.49
6738,"Robel, Norman and Bartell",2021-09-12,2022-09-11,Elite Plus,Asia,Celia Clayton,1999,364,2004.49
970,"Lubowitz, Franecki and Schuster",2021-04-21,2021-10-21,Elite Plus,Latin America,John Sacker,1004,183,2002.51
464,Thiel - Butler,2022-03-21,2023-03-20,Elite Plus,Europe,Dana Henderson,1996,364,2001.48
2504,Agarwaliamson - Mayert,2022-05-21,2022-06-19,Elite Plus,Europe,Dana Henderson,159,29,2001.21
6023,Considine Group,2020-01-31,2021-01-30,Classic,Latin America,Phil Baker,2001,365,2001.0
3509,Cerner Group,2020-11-06,2021-11-05,Classic,Latin America,Aloyna Gregory,1992,364,1997.47
2501,Agarwaliamson - Mayert,2022-05-13,2023-05-12,Elite Plus,Europe,Dana Henderson,1991,364,1996.47
6513,Huel - Braun,2020-02-01,2021-01-30,Elite Plus,Latin America,Tomas Glover,1991,364,1996.47
4391,Kilback - Kuphal,2021-04-29,2021-05-29,Classic,North America,Ramon Garcia,164,30,1995.33
6042,"Pollich, Dicki and Albertson",2021-06-06,2021-07-06,Classic,North America,Walter Sacha,164,30,1995.33
2544,Rutherford Group,2021-02-21,2021-03-23,Classic,Europe,Celia Clayton,164,30,1995.33
5680,"Hermann, Bogisich and Rosenbaum",2019-12-06,2020-12-05,Elite Plus,North America,Jerald James,1993,365,1993.0
1616,McCullough - White,2020-11-30,2021-11-29,Classic,North America,Karl Long,1987,364,1992.46
3747,Runte Group,2021-03-11,2022-03-10,Classic,Latin America,Karl Long,1987,364,1992.46
5637,"Stiedemann, Labadie and Prosacco",2021-07-24,2022-07-23,Elite Plus,North America,Ramon Garcia,1987,364,1992.46
4778,"Hermiston, Weimann and Lemke",2021-01-10,2022-01-09,Elite Plus,North America,Ross Hines,1986,364,1991.46
6940,"Stanton, Homenick and Donnelly",2019-06-19,2020-06-18,Classic,North America,Cecelia Burgess,1991,365,1991.0
1927,Tillman - Kuvalis,2020-05-05,2021-05-04,Classic,North America,Patty Ingram,1985,364,1990.45
2901,Watsica and Sons,2020-11-21,2021-11-20,Elite Plus,North America,Lonnie May,1985,364,1990.45
681,"Goodwin, O'Reilly and Buckridge",2021-04-17,2022-04-16,Elite Plus,North America,Judy Jacobs,1984,364,1989.45
1199,Kessler and Sons,2020-07-15,2021-07-14,Elite Plus,Asia,Tomas Glover,1983,364,1988.45
2390,"Hilll, Kohler and Brown",2023-06-27,2024-06-26,Elite Plus,Europe,Patty Ingram,1987,365,1987.0
1839,Schuster - Torp,2021-08-14,2022-08-13,Elite Plus,North America,Ramon Garcia,1981,364,1986.44
3028,Gammendor - Frost,2021-08-23,2022-08-22,Elite Plus,Europe,Frankie Fletcher,1980,364,1985.44
2474,Beahan and Sons,2021-08-25,2022-08-24,Elite Plus,Europe,Dana Henderson,1978,364,1983.43
1547,Gutmann - Larkin,2020-08-16,2021-08-15,Classic,Europe,Aloyna Gregory,1978,364,1983.43
421,Zboncak LLC,2021-10-07,2024-07-06,Elite Plus,North America,Marshall Lawson,5448,1003,1982.57
6761,Corkery - Tanner,2021-07-25,2022-01-22,Elite Plus,Europe,Patty Ingram,983,181,1982.29
5657,Rodriguez - Metz,2021-06-07,2022-06-06,Elite Plus,North America,Jerald James,1976,364,1981.43
580,Schinner LLC,2021-02-24,2022-02-23,Elite Plus,North America,Marshall Lawson,1976,364,1981.43
986,"Lubowitz, Franecki and Schuster",2022-03-02,2026-03-01,Elite Plus,Latin America,John Sacker,7924,1460,1981.0
4038,Murazik - Heaney,2020-11-25,2021-11-24,Elite Plus,North America,John Sacker,1975,364,1980.43
4733,"Gutkowski, Windler and Kunze",2020-01-23,2020-12-23,Classic,Latin America,Celia Clayton,1817,335,1979.72
1240,Purdy Inc,2021-06-04,2021-11-18,Classic,Europe,Sonja Griffin,905,167,1977.99
7534,"Parker, Ledner and Kassulke",2019-02-14,2020-02-13,Classic,Europe,Cecelia Burgess,1971,364,1976.41
725,Huels - Mante,2021-08-30,2024-08-29,Classic,Latin America,Christopher Little,5928,1095,1976.0
1265,Collins - Dooley,2020-05-18,2021-05-17,Classic,North America,Frankie Fletcher,1970,364,1975.41
6244,"Windler, Bashirian and Feest",2020-11-26,2021-11-25,Elite Plus,Europe,Marshall Lawson,1970,364,1975.41
353,"Roob, Smith and Bechtelar",2021-03-10,2024-03-09,Elite Plus,North America,Alton Hunt,5911,1095,1970.33
5356,Blick - Harvey,2020-04-02,2021-04-01,Classic,Latin America,Sonja Griffin,1961,364,1966.39
4742,Jaskolski - Auer,2021-09-01,2022-08-31,Elite Plus,Europe,Aloyna Gregory,1961,364,1966.39
33,"Kessler, Steuber and Abbott",2020-03-14,2021-03-14,Classic,North America,Grant Cortez,1964,365,1964.0
2711,Mertz - Boone,2021-03-22,2022-03-21,Elite Plus,Europe,Alton Hunt,1957,364,1962.38
3127,"Bradtke, Aufderhar and Bednar",2021-10-20,2022-10-19,Classic,Europe,Frankie Fletcher,1956,364,1961.37
3268,Reynolds - Goodwin,2021-04-24,2022-04-23,Elite Plus,North America,Cecelia Burgess,1954,364,1959.37
5217,Aufderhar and Sons,2021-04-16,2021-05-16,Classic,Latin America,Alton Hunt,161,30,1958.83
4166,Lebsack - Batz,2020-11-02,2023-11-01,Elite Plus,Europe,Phil Baker,5865,1094,1956.79
3107,"D'Amore, Bernier and Canten",2021-11-04,2023-02-12,Elite Plus,Europe,Alton Hunt,2492,465,1956.09
7718,Jerde-Hintz,2018-12-12,2019-12-11,Classic,North America,Judy Jacobs,1949,364,1954.35
3366,"Hermann, Hilll and Klein",2021-05-23,2022-05-22,Elite Plus,North America,Cecelia Burgess,1948,364,1953.35
4925,Kirlin - Simonis,2022-12-07,2023-06-08,Elite Plus,North America,Frankie Fletcher,979,183,1952.65
4567,"Butler, Veum and Pouros",2022-09-09,2023-09-08,Elite Plus,North America,Karl Long,1947,364,1952.35
561,Huels - Krajcik,2021-09-30,2022-09-29,Classic,Asia,Phil Baker,1947,364,1952.35
7313,Harvey PLC,2018-11-25,2019-11-24,Classic,North America,Christopher Little,1945,364,1950.34
5589,"Keeling, Jakubowski and Crist",2020-11-21,2021-11-20,Elite Plus,North America,Aloyna Gregory,1943,364,1948.34
5128,"Reinger, Champlin and Streich",2021-07-27,2022-07-26,Elite Plus,North America,Marsha Aguilar,1943,364,1948.34
1791,"Sipes, O'Hara and Okuneva",2021-07-05,2021-08-04,Classic,Latin America,Grant Cortez,160,30,1946.67
1880,Waelchi Group,2022-01-06,2023-01-05,Elite Plus,Latin America,Phil Baker,1941,364,1946.33
8053,Gillespie-Homenick,2019-08-05,2020-08-04,Classic,Latin America,Walter Sacha,1946,365,1946.0
5570,Murray LLC,2019-09-21,2020-09-21,Classic,Europe,Celia Clayton,1951,366,1945.67
3098,Shields Inc,2020-05-02,2021-05-01,Classic,Europe,Ramon Garcia,1940,364,1945.33
2964,Kunze Group,2021-05-06,2022-05-05,Classic,North America,Grant Cortez,1939,364,1944.33
5604,Funk LLC,2020-07-14,2021-07-13,Elite Plus,Europe,Tomas Glover,1937,364,1942.32
791,Lebsack - Aufderhar,2021-06-24,2022-06-24,Classic,Latin America,Ross Hines,1942,365,1942.0
6159,"Dietrich, Larson and Murazik",2021-11-10,2022-11-09,Elite Plus,Europe,Christopher Little,1936,364,1941.32
4343,Weimann and Sons,2020-04-27,2021-04-26,Elite Plus,North America,Aloyna Gregory,1936,364,1941.32
3734,McClure LLC,2020-08-07,2021-08-07,Classic,Asia,Lonnie May,1938,365,1938.0
8005,Schinner Group,2019-10-17,2020-01-16,Classic,Europe,Aloyna Gregory,483,91,1937.31
4193,"Upton, Steuber and Conn",2020-10-11,2023-10-10,Elite Plus,North America,Jerald James,5802,1094,1935.77
647,"Goodwin, O'Reilly and Buckridge",2020-02-24,2021-02-22,Elite Plus,North America,Judy Jacobs,1930,364,1935.3
7268,Bashirian Group,2019-03-21,2020-03-20,Classic,North America,Marshall Lawson,1935,365,1935.0
150,Terry - Dooley,2021-09-12,2022-09-11,Elite Plus,North America,Aloyna Gregory,1929,364,1934.3
883,"Nolan, Herzog and Doyle",2020-12-25,2021-12-24,Classic,Latin America,Celia Clayton,1926,364,1931.29
3333,"Gupta,Agarwal and Nolan",2020-06-04,2021-06-03,Classic,Asia,Tomas Glover,1925,364,1930.29
1775,Hane - Oberbrunner,2022-01-02,2022-02-06,Elite Plus,Asia,Judy Jacobs,185,35,1929.29
3342,"Gupta,Agarwal and Nolan",2021-01-31,2024-01-31,Classic,Asia,Tomas Glover,5786,1095,1928.67
3989,Kunze and Sons,2021-06-15,2021-08-14,Elite Plus,North America,Aloyna Gregory,317,60,1928.42
4897,Muller - Spinka,2020-06-09,2021-06-08,Classic,North America,Marsha Aguilar,1923,364,1928.28
6029,McDermott LLC,2020-04-14,2021-04-13,Classic,Latin America,Cecelia Burgess,1922,364,1927.28
6707,Gaylord Group,2020-12-10,2021-04-20,Classic,North America,Marsha Aguilar,691,131,1925.31
5941,Hermiston - Wuckert,2021-01-28,2022-01-27,Classic,Europe,Micheal Williams,1920,364,1925.27
2793,"Barton, Murray and Volkman",2021-11-19,2024-11-18,Elite Plus,North America,Jerald James,5773,1095,1924.33
5754,Hyatt - Schmitt,2023-11-18,2024-11-17,Elite Plus,Europe,Frankie Fletcher,1922,365,1922.0
20,Towne - Kub,2021-02-26,2021-03-25,Classic,Europe,Alton Hunt,142,27,1919.63
5677,Crona - Dickens,2021-07-23,2022-07-22,Elite Plus,North America,Patty Ingram,1913,364,1918.26
3873,Douglas - Schaden,2021-06-22,2022-06-21,Elite Plus,North America,Cecelia Burgess,1911,364,1916.25
1138,"Hahn, Nienow and Baumbach",2020-10-20,2021-10-19,Classic,Asia,Christopher Little,1911,364,1916.25
1214,Okuneva Inc,2020-01-06,2020-07-06,Elite Plus,North America,John Sacker,955,182,1915.25
4151,Reichert - Hirthe,2021-12-31,2022-12-30,Elite Plus,North America,Alice Cole,1910,364,1915.25
759,Herman - Quitzon,2020-09-25,2021-09-24,Elite Plus,Europe,Alice Cole,1909,364,1914.24
7737,"West, Hermiston and Hoeger",2018-07-23,2019-07-22,Classic,North America,Judy Jacobs,1909,364,1914.24
2756,Jast - Balistreri,2020-05-19,2021-05-18,Elite Plus,North America,Lonnie May,1906,364,1911.24
1725,Smitham Group,2020-02-16,2021-02-15,Elite Plus,North America,Jerald James,1911,365,1911.0
5469,"Bashirian, Nader and Rosenbaum",2021-08-17,2022-08-17,Classic,North America,Marsha Aguilar,1910,365,1910.0
304,O'Keefe - Skiles,2021-11-06,2022-11-05,Elite Plus,Europe,Sonja Griffin,1903,364,1908.23
400,Zboncak LLC,2020-11-13,2021-11-12,Elite Plus,North America,Marshall Lawson,1903,364,1908.23
7716,Jerde-Hintz,2018-12-12,2019-12-11,Classic,North America,Judy Jacobs,1902,364,1907.23
838,Wiegand - Breitenberg,2020-08-17,2021-03-28,Classic,North America,Ramon Garcia,1164,223,1905.2
7364,Littel PLC,2018-11-12,2019-11-11,Classic,Latin America,Grant Cortez,1899,364,1904.22
1985,"Mills, Ziemann and Pfeffer",2021-05-05,2022-05-04,Elite Plus,North America,Celia Clayton,1897,364,1902.21
5256,Schmeler - Ankunding,2020-06-20,2021-06-19,Elite Plus,North America,John Sacker,1896,364,1901.21
2864,Bruen - Schinner,2020-02-03,2021-02-01,Classic,North America,Ramon Garcia,1895,364,1900.21
4670,Mohr LLC,2020-12-23,2021-12-22,Elite Plus,Asia,Celia Clayton,1894,364,1899.2
3289,Ward Inc,2020-12-30,2021-12-29,Classic,Latin America,Dana Henderson,1894,364,1899.2
4311,Bundel - Reichert,2021-03-28,2021-04-27,Classic,Asia,Christopher Little,156,30,1898.0
1314,Stiedemann Group,2020-04-28,2021-04-27,Elite Plus,North America,Alice Cole,1891,364,1896.2
4054,Erdman Group,2021-12-03,2022-12-02,Elite Plus,North America,Judy Jacobs,1890,364,1895.19
2177,Lockman - Gleichner,2021-09-24,2022-09-23,Classic,Latin America,John Sacker,1890,364,1895.19
7646,Hudson Group,2018-06-22,2018-12-22,Classic,North America,Patty Ingram,950,183,1894.81
6532,Marquardt - McClure,2020-05-24,2020-06-30,Classic,North America,Angelo Payne,192,37,1894.05
2414,"Tromp, Gillespie and Pimpernel",2020-09-11,2021-08-10,Elite Plus,North America,Judy Jacobs,1727,333,1892.96
4949,Lesch - Johnston,2022-09-28,2023-09-27,Elite Plus,North America,Tomas Glover,1887,364,1892.18
1889,"Shanahan, Hettinger and Butler",2021-06-20,2022-06-19,Elite Plus,Europe,Angelo Payne,1887,364,1892.18
6934,Kozey Group,2019-06-12,2020-06-11,Classic,North America,Phil Baker,1892,365,1892.0
5537,Stantner LLC,2021-10-06,2022-10-06,Classic,North America,Jerald James,1890,365,1890.0
2069,Gleason and Sons,2021-02-14,2022-02-13,Elite Plus,North America,John Sacker,1883,364,1888.17
4129,Leffler - Veum,2021-01-05,2022-01-04,Classic,Europe,Aloyna Gregory,1882,364,1887.17
5885,"Wolff, Kihn and Hagenes",2022-02-17,2023-02-16,Elite Plus,Europe,Lonnie May,1881,364,1886.17
1756,Chechauski LLC,2020-12-14,2021-12-13,Elite Plus,North America,John Sacker,1880,364,1885.16
1398,Cronin - Lehner,2020-06-25,2021-06-24,Elite Plus,North America,Karl Long,1880,364,1885.16
1938,"Huels, Pollich and Jacobi",2020-10-14,2021-10-13,Elite Plus,North America,Karl Long,1880,364,1885.16
7207,"Quitzon, Bon and Trantow",2019-06-13,2020-06-12,Classic,North America,Alton Hunt,1885,365,1885.0
325,"Hessel, Langworth and Abtel",2021-08-22,2024-08-21,Elite Plus,North America,Dana Henderson,5652,1095,1884.0
4255,Swift - Heaney,2021-08-02,2024-08-01,Classic,Latin America,Celia Clayton,5652,1095,1884.0
4449,Hilpert Group,2021-06-09,2022-06-08,Classic,Europe,Cecelia Burgess,1876,364,1881.15
5123,"Reinger, Champlin and Streich",2020-06-23,2021-06-22,Elite Plus,North America,Marsha Aguilar,1875,364,1880.15
3282,Deckow LLC,2020-06-29,2021-06-29,Classic,Asia,Frankie Fletcher,1879,365,1879.0
5172,"Cronin, Frost and Ratke",2020-11-30,2022-11-29,Elite Plus,North America,Judy Jacobs,3752,729,1878.57
2730,"Morissette, Purdy and Mraz",2021-03-21,2024-03-19,Elite Plus,Europe,Christopher Little,5630,1094,1878.38
7148,Kiehn PLC,2019-09-12,2020-09-11,Classic,North America,Ramon Garcia,1878,365,1878.0
3871,Douglas - Schaden,2021-08-15,2022-03-28,Elite Plus,North America,Cecelia Burgess,1157,225,1876.91
3765,Mitchell LLC,2021-09-18,2023-09-17,Elite Plus,Europe,Marsha Aguilar,3748,729,1876.57
3967,"Hessel, Koss and Littel",2020-02-02,2021-02-01,Elite Plus,North America,Karl Long,1876,365,1876.0
5417,"Cronin, Canten and Langosh",2021-09-08,2021-10-07,Classic,Asia,John Sacker,149,29,1875.34
2204,"Purdy, Howe and Cassin",2021-07-22,2022-07-21,Classic,Europe,Marshall Lawson,1869,364,1874.13
5534,Stantner LLC,2021-06-04,2021-07-04,Classic,North America,Jerald James,154,30,1873.67
3584,Gottlieb - Huel,2021-05-31,2021-08-30,Elite Plus,Europe,Grant Cortez,467,91,1873.13
6825,"Gusikowski, Mertz and Abbott",2019-06-16,2020-06-15,Classic,North America,Tomas Glover,1873,365,1873.0
5660,Rodriguez - Metz,2021-08-05,2022-08-04,Elite Plus,North America,Jerald James,1867,364,1872.13
1157,"Kirlin, Streich and Wolff",2021-07-13,2022-08-12,Classic,Asia,Grant Cortez,2023,395,1869.35
432,King and Sons,2020-08-06,2021-08-05,Classic,Latin America,Judy Jacobs,1864,364,1869.12
4438,Rath Group,2021-09-26,2022-09-25,Elite Plus,North America,Frankie Fletcher,1863,364,1868.12
2078,"Fahey, Collins and Labadie",2021-05-25,2022-05-24,Classic,Latin America,Cecelia Burgess,1862,364,1867.12
491,Lesch and Sons,2021-08-11,2022-08-10,Elite Plus,North America,Ross Hines,1862,364,1867.12
8013,Murphy-Rosemont,2019-08-29,2020-08-28,Classic,North America,Lonnie May,1867,365,1867.0
2706,"Stanton, Ernser and Crona",2021-03-22,2021-04-26,Classic,Latin America,Walter Sacha,179,35,1866.71
4183,Kunde - Kautzer,2020-12-25,2023-12-25,Elite Plus,North America,Patty Ingram,5600,1095,1866.67
6025,Considine Group,2019-11-01,2020-05-31,Classic,Latin America,Phil Baker,1084,212,1866.32
628,Schulist - Davis,2021-12-23,2024-02-25,Elite Plus,Europe,Micheal Williams,4059,794,1865.91
1894,"Shanahan, Hettinger and Butler",2021-09-14,2022-09-13,Elite Plus,Europe,Angelo Payne,1860,364,1865.11
4340,"Macejkovic, Cormier and Hayes",2021-04-09,2023-04-09,Elite Plus,North America,Marsha Aguilar,3729,730,1864.5
236,Nader LLC,2020-02-29,2021-02-27,Elite Plus,Europe,Marshall Lawson,1857,364,1862.1
3482,Runte LLC,2021-10-26,2021-11-25,Classic,North America,Sonja Griffin,153,30,1861.5
1867,"Kassulke, Fritsch and Lebsack",2021-11-01,2024-10-31,Elite Plus,North America,Jerald James,5583,1095,1861.0
4850,Muller - Reichert,2020-07-02,2020-09-12,Classic,North America,John Sacker,367,72,1860.49
1717,Erdman - Kozey,2022-02-15,2024-11-14,Elite Plus,North America,Christopher Little,5112,1003,1860.3
1359,Pacocha - Chechauski,2021-05-30,2022-05-29,Elite Plus,North America,Celia Clayton,1855,364,1860.1
6789,Glover Group,2019-04-18,2020-04-17,Classic,Asia,Alice Cole,1860,365,1860.0
6998,Gutmann-Rice,2019-06-06,2020-06-05,Classic,Latin America,Aloyna Gregory,1860,365,1860.0
4862,Muller - Reichert,2021-06-20,2022-06-19,Elite Plus,North America,John Sacker,1854,364,1859.09
5511,Halvorson Group,2021-07-04,2022-07-02,Classic,Latin America,Celia Clayton,1845,363,1855.17
4640,Macejkovic - Homenick,2022-03-13,2023-03-12,Elite Plus,Asia,Marsha Aguilar,1849,364,1854.08
1621,Mauston and Sons,2020-11-02,2021-11-01,Classic,North America,Aloyna Gregory,1849,364,1854.08
2910,Sanford LLC,2021-05-05,2022-05-04,Elite Plus,North America,Alice Cole,1849,364,1854.08
8134,Mauston Inc,2020-01-23,2021-01-22,Elite Plus,North America,Micheal Williams,1854,365,1854.0
6882,Mills and Sons,2019-06-20,2020-06-19,Classic,North America,Alice Cole,1854,365,1854.0
5972,"Block, Kassulke and Murray",2020-07-30,2021-07-29,Classic,Asia,Aloyna Gregory,1846,364,1851.07
2587,O'Kon - Trantow,2020-02-15,2020-04-15,Elite Plus,Asia,Tomas Glover,304,60,1849.33
3478,Runte LLC,2021-05-08,2021-06-07,Classic,North America,Sonja Griffin,152,30,1849.33
2393,Cummings - Kilback,2021-03-09,2022-03-08,Elite Plus,Europe,Judy Jacobs,1844,364,1849.07
4048,Erdman Group,2021-07-17,2022-07-16,Elite Plus,North America,Judy Jacobs,1844,364,1849.07
698,"White, Keeling and Jakubowski",2020-04-28,2020-11-28,Elite Plus,North America,Sonja Griffin,1083,214,1847.17
261,Koch LLC,2020-01-29,2021-01-28,Elite Plus,North America,Alton Hunt,1847,365,1847.0
3225,Vandervort - Upton,2020-06-28,2021-06-27,Elite Plus,North America,John Sacker,1840,364,1845.05
4930,Lesch - Johnston,2020-01-23,2021-01-21,Elite Plus,North America,Tomas Glover,1838,364,1843.05
5386,Chechauski Inc,2020-10-14,2021-10-13,Elite Plus,North America,Christopher Little,1837,364,1842.05
4575,Renner - Schiller,2021-09-18,2022-03-17,Elite Plus,North America,Judy Jacobs,908,180,1841.22
1106,"Stanton, Kessler and Quigley",2020-09-20,2021-09-19,Elite Plus,Latin America,Angelo Payne,1835,364,1840.04
7567,"Gleason, Bartoletti and Stoltenberg",2018-09-17,2019-09-16,Classic,North America,Dana Henderson,1834,364,1839.04
3311,"Mackerrel, Schroeder and Gutkowski",2021-04-05,2022-04-04,Elite Plus,North America,Tomas Glover,1834,364,1839.04
4277,"Nader, Gulgowski and Kshlerin",2020-01-23,2021-01-21,Classic,Latin America,Patty Ingram,1833,364,1838.04
5787,Dietrich - Gaverman,2021-07-04,2021-08-02,Classic,North America,Grant Cortez,146,29,1837.59
2088,Schneider - Wintheiser,2021-05-01,2022-04-30,Classic,Latin America,Judy Jacobs,1831,364,1836.03
4337,White Inc,2020-10-04,2021-10-03,Elite Plus,North America,Grant Cortez,1828,364,1833.02
4076,"Osinski, Farrell and Kutch",2021-03-19,2022-03-18,Elite Plus,Europe,Marsha Aguilar,1827,364,1832.02
742,"Stoltenberg, Halvorson and Nader",2023-02-11,2024-02-10,Elite Plus,Latin America,Angelo Payne,1826,364,1831.02
989,Mayert - Wintheiser,2020-09-05,2021-09-04,Elite Plus,Europe,Christopher Little,1825,364,1830.01
737,"Stoltenberg, Halvorson and Nader",2021-03-27,2022-03-26,Elite Plus,Latin America,Angelo Payne,1823,364,1828.01
4423,"Zemlak, Steuber and Rempel",2021-07-31,2022-07-30,Elite Plus,North America,Karl Long,1823,364,1828.01
3993,"Chechauski, Jaskolski and Corkery",2020-09-03,2021-09-02,Elite Plus,Asia,Judy Jacobs,1822,364,1827.01
180,Schinner - Rumsfeld,2020-09-30,2021-09-29,Elite Plus,Europe,Phil Baker,1822,364,1827.01
3398,Ziemann - Weber,2020-11-07,2021-11-06,Classic,Europe,Christopher Little,1822,364,1827.01
3251,Reynolds - Goodwin,2020-10-04,2021-10-03,Elite Plus,North America,Cecelia Burgess,1821,364,1826.0
3578,Gottlieb - Huel,2021-05-27,2021-08-25,Elite Plus,Europe,Grant Cortez,450,90,1825.0
2769,Schneider - Marquardt,2020-09-30,2021-09-29,Classic,Latin America,Aloyna Gregory,1820,364,1825.0
5760,"Waugh, Herzog and Tremblay",2021-06-16,2022-06-15,Elite Plus,Europe,Marsha Aguilar,1820,364,1825.0
2004,Bradtke and Sons,2020-08-02,2023-08-01,Elite Plus,North America,Sonja Griffin,5467,1094,1824.0
2817,Mosciski - Prosacco,2022-02-23,2022-09-07,Elite Plus,North America,Aloyna Gregory,979,196,1823.14
284,Franecki Group,2021-01-28,2022-01-28,Classic,Europe,Aloyna Gregory,1820,365,1820.0
3517,Larson - Heaney,2021-06-20,2023-10-19,Elite Plus,Asia,Marshall Lawson,4241,851,1819.0
2431,"Tromp, Gillespie and Pimpernel",2021-04-27,2021-10-12,Elite Plus,North America,Judy Jacobs,835,168,1814.14
4451,D'Amore and Sons,2021-07-06,2022-07-05,Elite Plus,North America,Judy Jacobs,1808,364,1812.97
4641,Macejkovic - Homenick,2020-05-29,2021-05-28,Elite Plus,Asia,Marsha Aguilar,1808,364,1812.97
5413,"Cronin, Canten and Langosh",2021-09-19,2021-10-19,Classic,Asia,John Sacker,149,30,1812.83
1432,"West, Toy and Cummings",2022-01-28,2022-11-17,Elite Plus,North America,Grant Cortez,1454,293,1811.3
3826,Davis - Frami,2021-04-18,2022-04-17,Elite Plus,Europe,Dana Henderson,1804,364,1808.96
6591,Ondricka - Casper,2021-02-04,2022-02-03,Elite Plus,North America,Sonja Griffin,1804,364,1808.96
1291,Dach - Kunze,2021-03-05,2022-07-21,Elite Plus,Asia,Jerald James,2489,503,1806.13
2877,"Bernier, Metz and Fay",2020-05-11,2021-05-10,Elite Plus,North America,Grant Cortez,1801,364,1805.95
8208,Sipes Group,2018-02-21,2019-02-20,Classic,Europe,Alice Cole,1799,364,1803.94
6007,O'Connell - Lehner,2021-12-03,2024-12-02,Elite Plus,North America,Karl Long,5410,1095,1803.33
2157,Feeney - Lemke,2020-10-21,2021-10-20,Classic,Latin America,Sonja Griffin,1797,364,1801.94
5502,"Koss, Kub and Hartmann",2021-07-23,2021-08-22,Classic,Europe,Ramon Garcia,148,30,1800.67
4837,Bradtke - Goodwin,2021-03-05,2022-03-04,Classic,Latin America,Aloyna Gregory,1795,364,1799.93
5418,"Cronin, Canten and Langosh",2021-08-22,2021-09-20,Classic,Asia,John Sacker,143,29,1799.83
4832,Deckow - Deckow,2021-03-04,2021-04-02,Classic,Latin America,Angelo Payne,143,29,1799.83
5821,"Hilll, Friesen and O'Connell",2020-10-17,2021-10-16,Elite Plus,North America,Marsha Aguilar,1794,364,1798.93
186,Huel - Simonis,2021-10-13,2022-10-12,Elite Plus,Asia,Karl Long,1794,364,1798.93
1569,Bins LLC,2020-01-07,2021-01-06,Elite Plus,Europe,Judy Jacobs,1798,365,1798.0
6457,Reichert and Sons,2020-09-28,2021-09-27,Classic,Europe,Aloyna Gregory,1793,364,1797.93
1930,Tillman - Kuvalis,2020-04-15,2021-04-14,Classic,North America,Patty Ingram,1793,364,1797.93
7834,Medhurst-White,2019-08-25,2020-08-24,Classic,Europe,Christopher Little,1797,365,1797.0
2260,"Kilback, Johns and Ratke",2021-04-19,2022-04-19,Classic,Europe,Marshall Lawson,1796,365,1796.0
1897,"Quigley, Kub and Ponting",2020-04-07,2021-04-06,Elite Plus,North America,Alton Hunt,1789,364,1793.91
2342,Schmitt - Herman,2020-08-03,2021-08-02,Elite Plus,North America,Alton Hunt,1788,364,1792.91
4737,"Gutkowski, Windler and Kunze",2020-10-30,2021-10-29,Classic,Latin America,Celia Clayton,1787,364,1791.91
6292,Kulas - Ryan,2021-01-15,2022-01-14,Elite Plus,North America,Christopher Little,1787,364,1791.91
6315,Schumm - Bergstrom,2020-12-28,2021-07-27,Classic,North America,Tomas Glover,1035,211,1790.4
3545,"Bode, Agarwal and Deckow",2020-02-09,2021-02-07,Elite Plus,Europe,Celia Clayton,1785,364,1789.9
2043,Ondricka - Sipes,2021-02-09,2022-02-08,Elite Plus,North America,Grant Cortez,1784,364,1788.9
3609,Schimmel - Weber,2021-09-17,2021-10-17,Classic,Latin America,Tomas Glover,147,30,1788.5
6013,"Deckow, Rempel and Orn",2021-08-16,2022-08-15,Elite Plus,Latin America,Christopher Little,1783,364,1787.9
208,Stiedemann Inc,2020-10-10,2021-10-09,Classic,Asia,Phil Baker,1783,364,1787.9
1262,"Bashirian, MacGyver and Gleichner",2021-07-19,2021-08-17,Classic,Latin America,Frankie Fletcher,142,29,1787.24
5876,"Wolff, Kihn and Hagenes",2020-03-04,2021-03-04,Elite Plus,Europe,Lonnie May,1787,365,1787.0
5357,Blick - Harvey,2021-04-20,2022-04-19,Classic,Latin America,Sonja Griffin,1781,364,1785.89
6183,"Dietrich, Larson and Murazik",2022-12-24,2023-06-25,Elite Plus,Europe,Christopher Little,895,183,1785.11
3172,Grant Inc,2021-01-20,2022-01-19,Classic,Europe,Cecelia Burgess,1780,364,1784.89
3195,Skiles - O'Reilly,2021-07-11,2022-07-10,Classic,Latin America,Celia Clayton,1778,364,1782.88
4490,Zemlak Group,2022-02-05,2022-08-06,Elite Plus,North America,Celia Clayton,889,182,1782.88
4608,Renner - Schiller,2023-06-07,2024-06-06,Elite Plus,North America,Judy Jacobs,1782,365,1782.0
4610,Renner - Schiller,2023-02-28,2024-02-28,Elite Plus,North America,Judy Jacobs,1782,365,1782.0
5697,Corwin LLC,2021-02-27,2022-02-26,Elite Plus,Europe,Aloyna Gregory,1777,364,1781.88
4732,"Gutkowski, Windler and Kunze",2020-02-28,2020-12-21,Classic,Latin America,Celia Clayton,1449,297,1780.76
1947,"Huels, Pollich and Jacobi",2020-08-07,2021-08-06,Elite Plus,North America,Karl Long,1775,364,1779.88
833,Schimmel LLC,2023-09-04,2024-09-03,Elite Plus,North America,Ramon Garcia,1777,365,1777.0
2110,Bundel and Sons,2021-12-17,2022-03-18,Elite Plus,Europe,Alton Hunt,443,91,1776.87
276,Koch LLC,2023-03-13,2023-04-12,Elite Plus,North America,Alton Hunt,146,30,1776.33
6723,Strosin - Bins,2021-06-12,2025-11-11,Elite Plus,North America,Marsha Aguilar,7849,1613,1776.12
2255,Beier Inc,2020-06-15,2021-06-14,Elite Plus,Europe,Walter Sacha,1771,364,1775.87
4398,Murray - Bartell,2021-12-30,2022-12-29,Elite Plus,Latin America,Grant Cortez,1771,364,1775.87
191,Schoen LLC,2020-01-12,2021-01-10,Elite Plus,Asia,Karl Long,1771,364,1775.87
809,Schimmel LLC,2020-08-28,2021-05-27,Elite Plus,North America,Ramon Garcia,1323,272,1775.35
2195,"Bartoletti, Hodkiewicz and Sanford",2021-01-15,2022-01-14,Classic,Europe,Ramon Garcia,1770,364,1774.86
6340,Flatley - Tanner,2021-03-13,2022-03-12,Elite Plus,North America,Sonja Griffin,1769,364,1773.86
5840,"Tremblay, Schroeder and Cassle",2021-03-22,2022-03-21,Elite Plus,North America,Sonja Griffin,1769,364,1773.86
7929,Hilpert-Borer,2019-09-12,2020-09-11,Classic,North America,Frankie Fletcher,1773,365,1773.0
7605,Jacobson-Pagac,2018-11-21,2019-11-20,Classic,North America,Patty Ingram,1767,364,1771.85
1891,"Shanahan, Hettinger and Butler",2022-01-26,2023-01-25,Elite Plus,Europe,Angelo Payne,1767,364,1771.85
3770,Lockman and Sons,2021-01-25,2024-01-24,Elite Plus,North America,Lonnie May,5304,1094,1769.62
3135,Frost - Rumsfeld,2021-10-03,2022-10-03,Classic,North America,Frankie Fletcher,1769,365,1769.0
1059,"Johnson, Farrell and Zieme",2021-03-16,2022-03-15,Elite Plus,North America,Aloyna Gregory,1764,364,1768.85
4804,Funk - McClure,2020-11-22,2021-11-21,Classic,Latin America,Ross Hines,1763,364,1767.84
3240,Walsh - Dare,2021-02-06,2022-02-05,Elite Plus,North America,Celia Clayton,1763,364,1767.84
1695,Schumm - Feil,2020-08-09,2021-08-08,Classic,Latin America,Patty Ingram,1762,364,1766.84
2432,"Tromp, Gillespie and Pimpernel",2020-12-15,2021-06-01,Elite Plus,North America,Judy Jacobs,813,168,1766.34
2046,Ondricka - Sipes,2021-06-25,2024-01-14,Elite Plus,North America,Grant Cortez,4515,933,1766.32
1546,Mann - Hane,2021-03-26,2023-09-25,Elite Plus,Asia,Dana Henderson,4415,913,1765.03
5403,Ankunding Group,2021-06-28,2021-07-28,Classic,North America,Christopher Little,145,30,1764.17
2040,Ondricka - Sipes,2020-11-02,2021-11-01,Elite Plus,North America,Grant Cortez,1759,364,1763.83
1801,Schuster - Torp,2020-05-07,2021-05-06,Elite Plus,North America,Ramon Garcia,1759,364,1763.83
4893,MacGyver - Mackerrel,2021-07-31,2021-08-29,Classic,North America,Alice Cole,140,29,1762.07
552,Harvey and Sons,2020-12-24,2023-12-24,Elite Plus,Asia,Walter Sacha,5285,1095,1761.67
1272,Okuneva and Sons,2020-10-10,2021-10-09,Elite Plus,Latin America,Ross Hines,1755,364,1759.82
3547,"Bode, Agarwal and Deckow",2020-03-30,2021-03-30,Classic,Europe,Celia Clayton,1759,365,1759.0
790,Lebsack - Aufderhar,2020-08-13,2021-08-12,Classic,Asia,Ross Hines,1754,364,1758.82
4095,Hartmann - Bergstrom,2020-11-03,2021-11-02,Classic,Europe,Sonja Griffin,1753,364,1757.82
6073,"Kub, Murphy and Pagac",2022-02-24,2023-02-23,Elite Plus,North America,Ross Hines,1752,364,1756.81
5820,"Hilll, Friesen and O'Connell",2021-02-22,2022-02-21,Elite Plus,North America,Marsha Aguilar,1751,364,1755.81
2689,"Lubowitz, Dooley and Keeling",2021-02-28,2022-02-27,Elite Plus,Latin America,Ross Hines,1749,364,1753.8
7200,"Bradtke, Ratke and Huels",2019-08-07,2020-08-06,Classic,Europe,Alton Hunt,1753,365,1753.0
134,Benjamin Batterbond,2021-08-16,2021-09-15,Classic,North America,Ramon Garcia,144,30,1752.0
2021,Roob - Halvorson,2021-06-02,2021-07-02,Classic,North America,Marsha Aguilar,144,30,1752.0
2355,Deckow - Kulas,2020-09-12,2021-09-11,Classic,Latin America,Judy Jacobs,1747,364,1751.8
7112,Zamber-Wehner,2019-09-23,2020-09-22,Classic,North America,Celia Clayton,1751,365,1751.0
1421,"West, Toy and Cummings",2019-12-22,2020-12-21,Elite Plus,North America,Grant Cortez,1750,365,1750.0
2669,Gottlieb - Smitham,2020-10-14,2023-10-13,Elite Plus,Europe,Dana Henderson,5237,1094,1747.26
3733,Stehr LLC,2021-02-28,2022-03-04,Elite Plus,Asia,Tomas Glover,1766,369,1746.86
4491,Zemlak Group,2022-06-02,2022-12-01,Elite Plus,North America,Celia Clayton,871,182,1746.79
2804,Mosciski - Prosacco,2020-12-13,2021-12-13,Elite Plus,North America,Aloyna Gregory,1746,365,1746.0
2116,Bundel and Sons,2021-10-13,2022-10-12,Elite Plus,Europe,Alton Hunt,1740,364,1744.78
3543,"Lockman, Graham and Crist",2021-09-12,2022-09-11,Elite Plus,North America,Lonnie May,1740,364,1744.78
4507,Zemlak Group,2021-01-21,2022-01-20,Elite Plus,North America,Celia Clayton,1739,364,1743.78
4703,"Wunsch, Marquardt and Bon",2021-07-24,2022-07-23,Classic,Europe,Karl Long,1737,364,1741.77
5475,Kertzmann - Langworth,2021-07-29,2022-07-28,Elite Plus,North America,Marshall Lawson,1736,364,1740.77
1649,Kuphal - Hirthe,2020-09-12,2021-09-11,Elite Plus,North America,Marsha Aguilar,1736,364,1740.77
783,Ponting - Keeling,2021-07-22,2021-08-21,Classic,Latin America,Jerald James,143,30,1739.83
1057,"Johnson, Farrell and Zieme",2021-02-25,2022-02-24,Elite Plus,North America,Aloyna Gregory,1735,364,1739.77
6436,Huel - Harber,2020-08-05,2021-08-04,Classic,Latin America,Judy Jacobs,1734,364,1738.76
3560,Tanner - Gaverman,2020-09-17,2021-09-16,Elite Plus,Europe,Grant Cortez,1734,364,1738.76
2033,"Frami, Hackett and Rohan",2019-11-06,2020-11-05,Elite Plus,North America,Aloyna Gregory,1738,365,1738.0
2472,Beahan and Sons,2020-10-16,2021-10-15,Elite Plus,Europe,Dana Henderson,1733,364,1737.76
3343,"Gupta,Agarwal and Nolan",2021-03-26,2024-03-25,Classic,Asia,Tomas Glover,5212,1095,1737.33
6024,Considine Group,2019-11-01,2020-05-31,Classic,Latin America,Phil Baker,1009,212,1737.19
1596,"Fisher, Mann and Klocko",2021-09-19,2021-10-18,Classic,Latin America,Aloyna Gregory,138,29,1736.9
6230,Crooks LLC,2021-08-24,2022-08-23,Elite Plus,North America,Aloyna Gregory,1732,364,1736.76
3524,Howe - Gleichner,2021-03-16,2022-03-15,Elite Plus,North America,Grant Cortez,1732,364,1736.76
3929,Waugh - Hamill,2021-12-11,2022-12-10,Classic,Latin America,Christopher Little,1731,364,1735.76
7650,"Schulist, Luettgen and Miller",2018-02-21,2018-09-22,Classic,North America,Jerald James,1012,213,1734.18
2034,"Frami, Hackett and Rohan",2021-03-06,2022-03-05,Elite Plus,North America,Aloyna Gregory,1729,364,1733.75
7868,Albertson-Belfact,2018-10-20,2019-10-19,Classic,Asia,Grant Cortez,1726,364,1730.74
5057,Collier - Skiles,2021-01-10,2022-01-09,Elite Plus,Europe,Sonja Griffin,1726,364,1730.74
5889,"Gleichner, Nikolaus and Raynor",2019-12-19,2020-12-19,Classic,North America,Frankie Fletcher,1733,366,1728.27
3269,Rutherford Inc,2020-07-19,2021-07-18,Elite Plus,North America,Judy Jacobs,1723,364,1727.73
1809,Schuster - Torp,2020-08-20,2021-08-19,Elite Plus,North America,Ramon Garcia,1723,364,1727.73
6524,Douglas - Kozey,2021-09-05,2021-10-05,Classic,North America,Karl Long,142,30,1727.67
3792,"Leannon, Mills and Cronin",2021-05-02,2022-05-01,Elite Plus,North America,Aloyna Gregory,1722,364,1726.73
312,Kub and Sons,2020-06-25,2022-06-24,Elite Plus,Europe,Ramon Garcia,3447,729,1725.86
5286,Bednar - SchamBundelr,2021-11-08,2022-11-07,Classic,North America,Walter Sacha,1721,364,1725.73
3891,Senger LLC,2021-08-26,2021-09-24,Classic,Latin America,Tomas Glover,137,29,1724.31
3628,"Macejkovic, Bosco and Buckridge",2019-11-01,2020-10-31,Elite Plus,North America,Tomas Glover,1724,365,1724.0
7991,Torp Ltd,2019-09-23,2020-09-22,Classic,North America,Aloyna Gregory,1723,365,1723.0
7066,"Hansen, Frami and Ritchie",2019-05-24,2020-05-23,Classic,North America,Marshall Lawson,1722,365,1722.0
4806,Bashirian - Mante,2020-03-28,2021-03-27,Classic,Europe,Micheal Williams,1717,364,1721.72
8246,Parisian Inc,2019-02-12,2020-02-11,Classic,Europe,Judy Jacobs,1717,364,1721.72
5955,Schuster and Sons,2021-08-29,2022-08-28,Elite Plus,North America,John Sacker,1715,364,1719.71
839,Wiegand - Breitenberg,2021-03-31,2022-03-30,Classic,North America,Ramon Garcia,1715,364,1719.71
5451,Jacobi - Bogisich,2020-03-24,2021-03-23,Elite Plus,North America,Frankie Fletcher,1714,364,1718.71
2859,"Barton, Heidenreich and Witting",2019-12-22,2020-12-21,Elite Plus,Europe,Jerald James,1718,365,1718.0
4818,Waelchi - Conroy,2020-11-23,2021-11-22,Classic,Asia,Karl Long,1713,364,1717.71
3742,Zemlak Group,2021-08-19,2022-08-18,Elite Plus,North America,Celia Clayton,1713,364,1717.71
88,Haag LLC,2021-06-24,2022-06-23,Classic,Latin America,Celia Clayton,1712,364,1716.7
4701,"Lynch, Haag and Buckridge",2021-07-12,2022-07-11,Classic,Europe,Alton Hunt,1712,364,1716.7
6745,"Pfeffer, Stamm and Lindgren",2023-01-14,2024-01-14,Elite Plus,Europe,Lonnie May,1715,365,1715.0
195,Schoen LLC,2021-01-14,2022-01-13,Elite Plus,Asia,Karl Long,1709,364,1713.7
4329,"Klocko, Kessler and Shields",2021-05-26,2022-05-25,Classic,North America,Karl Long,1707,364,1711.69
4281,"Nader, Gulgowski and Kshlerin",2021-05-18,2022-05-17,Classic,Latin America,Patty Ingram,1707,364,1711.69
3242,Walsh - Dare,2021-10-21,2022-10-20,Elite Plus,North America,Celia Clayton,1707,364,1711.69
3084,O'Kon - Weber,2021-01-15,2021-09-16,Elite Plus,North America,Grant Cortez,1144,244,1711.31
4671,Mohr LLC,2021-03-24,2022-03-23,Elite Plus,Asia,Celia Clayton,1706,364,1710.69
5374,Ernser - Zboncak,2021-08-01,2023-01-31,Classic,Latin America,Celia Clayton,2567,548,1709.77
4727,Robel Group,2020-11-26,2022-01-23,Elite Plus,Latin America,Aloyna Gregory,1981,423,1709.37
1720,Erdman - Kozey,2022-08-28,2024-11-27,Elite Plus,North America,Christopher Little,3847,822,1708.22
668,"Goodwin, O'Reilly and Buckridge",2020-11-08,2021-11-07,Elite Plus,North America,Judy Jacobs,1702,364,1706.68
2983,Schaden Group,2023-01-28,2024-01-27,Elite Plus,Europe,Alice Cole,1702,364,1706.68
376,Gislason Group,2021-05-31,2022-05-30,Classic,North America,Christopher Little,1700,364,1704.67
4341,"Macejkovic, Cormier and Hayes",2021-06-18,2023-06-18,Elite Plus,North America,Marsha Aguilar,3408,730,1704.0
593,"Murphy, Weber and Koch",2020-03-11,2021-03-11,Classic,North America,Walter Sacha,1704,365,1704.0
3932,Bode - Morissette,2021-08-31,2022-08-30,Elite Plus,North America,Christopher Little,1696,364,1700.66
4355,Ebert - Lowe,2021-05-25,2022-11-25,Classic,Latin America,Patty Ingram,2557,549,1700.01
5827,"Hilll, Friesen and O'Connell",2021-11-04,2022-11-03,Elite Plus,North America,Marsha Aguilar,1695,364,1699.66
5746,Hyatt - Schmitt,2020-05-20,2021-05-19,Classic,Europe,Frankie Fletcher,1695,364,1699.66
4320,Rodriguez LLC,2020-07-20,2021-07-19,Elite Plus,Asia,Dana Henderson,1695,364,1699.66
748,Sporer Group,2021-05-15,2022-05-22,Elite Plus,Europe,Christopher Little,1732,372,1699.41
1888,"Shanahan, Hettinger and Butler",2021-08-17,2022-08-16,Elite Plus,Europe,Angelo Payne,1694,364,1698.65
5975,"Block, Kassulke and Murray",2021-05-17,2022-05-17,Classic,Asia,Aloyna Gregory,1698,365,1698.0
2969,Schaden Group,2021-04-08,2022-04-07,Elite Plus,Europe,Alice Cole,1693,364,1697.65
2167,Weimann - Hessel,2021-04-06,2022-04-05,Classic,Europe,Dana Henderson,1692,364,1696.65
8202,Hartmann-Murray,2018-12-16,2019-12-15,Classic,Europe,Marsha Aguilar,1691,364,1695.65
357,Labadie and Sons,2019-12-09,2020-12-08,Elite Plus,North America,Marshall Lawson,1693,365,1693.0
1532,Tillman LLC,2021-09-07,2024-09-06,Elite Plus,Europe,Alton Hunt,5078,1095,1692.67
855,Hyatt - Torphy,2020-10-08,2021-10-07,Classic,Europe,Cecelia Burgess,1688,364,1692.64
5662,Raynor - Gusikowski,2020-01-31,2021-01-30,Elite Plus,North America,Christopher Little,1692,365,1692.0
6720,Strosin - Bins,2021-07-19,2025-12-18,Elite Plus,North America,Marsha Aguilar,7473,1613,1691.04
4275,Zboncak Group,2020-11-30,2021-11-29,Classic,North America,Karl Long,1686,364,1690.63
3233,Vandervort - Upton,2020-12-31,2021-12-30,Elite Plus,North America,John Sacker,1684,364,1688.63
7744,Waelchi Inc,2018-07-24,2019-07-23,Classic,North America,Tomas Glover,1684,364,1688.63
6796,Koss-Towne,2019-06-23,2020-06-22,Classic,North America,Dana Henderson,1688,365,1688.0
4538,Murray - Kris,2020-10-24,2023-02-23,Elite Plus,Latin America,Celia Clayton,3938,852,1687.05
1830,Schuster - Torp,2021-04-25,2024-04-24,Elite Plus,North America,Ramon Garcia,5059,1095,1686.33
4529,Reynolds LLC,2021-06-13,2021-10-01,Elite Plus,North America,Marsha Aguilar,508,110,1685.64
7175,Torp Ltd,2019-03-23,2020-03-22,Classic,North America,Aloyna Gregory,1685,365,1685.0
2708,"Stanton, Ernser and Crona",2020-08-26,2021-08-25,Classic,Latin America,Walter Sacha,1680,364,1684.62
391,Zboncak LLC,2020-02-01,2021-01-30,Elite Plus,North America,Marshall Lawson,1680,364,1684.62
5196,Canten - Larson,2020-08-17,2021-08-16,Classic,Latin America,Alton Hunt,1678,364,1682.61
2458,"Tromp, Gillespie and Pimpernel",2021-07-22,2022-07-21,Elite Plus,North America,Judy Jacobs,1677,364,1681.61
458,"Blick, Nolan and Lebsack",2021-04-11,2022-04-10,Elite Plus,Europe,Dana Henderson,1676,364,1680.6
7033,Gorczany LLC,2018-09-22,2019-09-21,Classic,North America,Marshall Lawson,1675,364,1679.6
6077,Hudson Group,2021-09-22,2022-09-21,Classic,Europe,Patty Ingram,1675,364,1679.6
3403,"Kautzer, Lemke and Hyatt",2020-06-09,2021-06-09,Classic,North America,Tomas Glover,1678,365,1678.0
3301,Waters and Sons,2020-10-29,2021-12-30,Elite Plus,Asia,Sonja Griffin,1963,427,1677.97
6003,O'Connell - Lehner,2021-07-02,2024-07-01,Elite Plus,North America,Karl Long,5030,1095,1676.67
6577,"Agarwalms, Jerde and Cormier",2021-06-14,2022-06-13,Elite Plus,Latin America,Alton Hunt,1670,364,1674.59
1552,Satterfield and Sons,2022-10-17,2023-10-16,Elite Plus,Latin America,Jerald James,1670,364,1674.59
4248,Erdman LLC,2021-04-04,2023-04-05,Classic,Latin America,Marsha Aguilar,3351,731,1673.21
5179,"Steuber, Gibson and Kuhlman",2020-12-10,2023-12-09,Elite Plus,Europe,Phil Baker,5014,1094,1672.86
2782,Jaskolski Group,2020-07-18,2021-07-17,Classic,North America,Walter Sacha,1668,364,1672.58
6249,"Schoen, Hudson and SchamBundelr",2021-07-12,2022-07-11,Elite Plus,North America,Tomas Glover,1668,364,1672.58
3160,Krajcik - Bundel,2024-04-19,2025-04-19,Elite Plus,Europe,Marsha Aguilar,1672,365,1672.0
6652,Morissette - Towne,2020-10-10,2021-10-09,Classic,Europe,Angelo Payne,1667,364,1671.58
6864,Romaguera-Spinka,2019-06-22,2020-06-21,Classic,North America,Phil Baker,1671,365,1671.0
2670,Gottlieb - Smitham,2020-08-13,2023-10-31,Elite Plus,Europe,Dana Henderson,5374,1174,1670.79
2946,Bogan Group,2021-01-20,2022-01-19,Classic,Europe,Sonja Griffin,1666,364,1670.58
3379,"Sipes, Dare and Hessel",2020-02-01,2021-01-31,Elite Plus,North America,Lonnie May,1669,365,1669.0
5723,Agarwal LLC,2021-03-15,2022-03-14,Classic,Latin America,Ramon Garcia,1664,364,1668.57
6372,Mackerrel LLC,2021-11-24,2022-11-23,Elite Plus,Europe,Aloyna Gregory,1664,364,1668.57
3283,Deckow LLC,2021-06-07,2022-06-07,Classic,Asia,Frankie Fletcher,1668,365,1668.0
1422,"West, Toy and Cummings",2020-01-20,2021-01-19,Elite Plus,North America,Grant Cortez,1668,365,1668.0
2075,Gleason and Sons,2021-06-23,2022-06-22,Elite Plus,North America,John Sacker,1663,364,1667.57
6515,"Sanford, Herzog and Kunze",2021-05-06,2022-05-05,Classic,Europe,Tomas Glover,1663,364,1667.57
112,"Hayes, Wilderman and Cremin",2021-07-04,2021-08-03,Classic,Latin America,Alton Hunt,137,30,1666.83
7261,"Ledner, Ebert and Gibson",2019-03-23,2020-03-22,Classic,North America,Grant Cortez,1666,365,1666.0
6813,Gorczany-Lind,2019-09-21,2020-09-20,Classic,Europe,Celia Clayton,1665,365,1665.0
1397,Cronin - Lehner,2020-09-25,2021-09-24,Elite Plus,North America,Karl Long,1660,364,1664.56
4669,Mohr LLC,2020-08-31,2021-08-30,Elite Plus,Asia,Celia Clayton,1658,364,1662.55
4952,Lesch - Johnston,2021-08-17,2023-08-16,Elite Plus,North America,Tomas Glover,3320,729,1662.28
3937,Kunze Inc,2021-11-20,2022-11-19,Classic,Latin America,John Sacker,1657,364,1661.55
5401,"Marks, Daniel and Larson",2021-10-17,2021-11-15,Classic,Latin America,Marsha Aguilar,132,29,1661.38
785,Ponting - Keeling,2021-10-05,2021-11-03,Classic,Latin America,Jerald James,132,29,1661.38
5239,Stark LLC,2021-11-16,2021-12-15,Classic,North America,Micheal Williams,132,29,1661.38
2716,Mayer - Mayert,2021-08-04,2022-08-03,Classic,Latin America,Sonja Griffin,1656,364,1660.55
318,Pagac Group,2021-06-23,2024-06-22,Elite Plus,North America,Karl Long,4979,1095,1659.67
212,"Ernser, D'Amore and Gulgowski",2021-04-28,2022-04-27,Elite Plus,Europe,Marsha Aguilar,1652,364,1656.54
3484,Senger LLC,2020-09-13,2021-09-12,Elite Plus,North America,Tomas Glover,1652,364,1656.54
415,Zboncak LLC,2021-06-06,2024-06-06,Elite Plus,North America,Marshall Lawson,4971,1096,1655.49
380,"Murray, Borer and Conn",2021-08-19,2021-09-18,Classic,Latin America,Cecelia Burgess,136,30,1654.67
6987,Jacobi-Tremblay,2019-04-28,2020-04-27,Classic,North America,Dana Henderson,1654,365,1654.0
478,"Klocko, Runolfsson and Langosh",2020-04-15,2021-04-14,Elite Plus,North America,Ross Hines,1649,364,1653.53
144,Schaden LLC,2021-05-29,2022-11-27,Classic,Latin America,Christopher Little,2478,547,1653.51
81,"Torp, Murray and Rolfson",2020-03-29,2021-03-28,Classic,Asia,Judy Jacobs,1647,364,1651.52
2166,Weimann - Hessel,2020-06-01,2021-06-01,Classic,Europe,Dana Henderson,1651,365,1651.0
3017,Gammendor - Frost,2021-01-24,2022-01-23,Elite Plus,Europe,Frankie Fletcher,1646,364,1650.52
2373,Gorczany - Roob,2020-08-09,2021-08-08,Classic,Europe,Celia Clayton,1646,364,1650.52
7846,Prohaska-DuBuque,2019-03-12,2020-03-11,Elite Plus,North America,Micheal Williams,1650,365,1650.0
5883,"Wolff, Kihn and Hagenes",2021-03-20,2022-03-19,Elite Plus,Europe,Lonnie May,1645,364,1649.52
3809,Ferry Inc,2023-05-05,2024-05-04,Elite Plus,Asia,Karl Long,1649,365,1649.0
7961,Mueller LLC,2019-10-17,2020-10-16,Elite Plus,North America,Alice Cole,1649,365,1649.0
4345,Weimann and Sons,2020-06-08,2021-06-07,Elite Plus,North America,Aloyna Gregory,1644,364,1648.52
2208,"Adams, Harvey and Wehner",2021-03-02,2022-03-01,Elite Plus,Europe,Alice Cole,1643,364,1647.51
3061,Marks LLC,2021-06-17,2022-06-16,Elite Plus,Asia,Lonnie May,1643,364,1647.51
936,Gupta - Agarwal,2020-08-09,2023-08-08,Elite Plus,North America,Walter Sacha,4937,1094,1647.17
1759,Ullrich Inc,2021-03-09,2022-03-08,Elite Plus,Europe,Angelo Payne,1642,364,1646.51
4917,Kirlin - Simonis,2022-10-27,2023-10-26,Elite Plus,North America,Frankie Fletcher,1641,364,1645.51
4040,Murazik - Heaney,2021-09-22,2022-09-21,Elite Plus,North America,John Sacker,1641,364,1645.51
4417,"Koss, Jaskolski and O'Connell",2020-12-18,2021-12-17,Classic,North America,Karl Long,1639,364,1643.5
2574,Grady Inc,2020-07-18,2021-07-17,Classic,North America,Aloyna Gregory,1634,364,1638.49
2437,"Tromp, Gillespie and Pimpernel",2021-08-27,2022-08-26,Elite Plus,North America,Judy Jacobs,1634,364,1638.49
4822,"Hills, Rempel and Rempel",2020-12-29,2021-12-28,Classic,Latin America,Marsha Aguilar,1633,364,1637.49
675,"Goodwin, O'Reilly and Buckridge",2021-03-17,2022-03-16,Elite Plus,North America,Judy Jacobs,1632,364,1636.48
4927,Kirlin - Simonis,2022-08-05,2023-08-04,Elite Plus,North America,Frankie Fletcher,1632,364,1636.48
1615,McCullough - White,2020-11-25,2021-11-24,Classic,North America,Karl Long,1631,364,1635.48
3274,Rutherford Inc,2021-09-19,2022-09-18,Elite Plus,North America,Judy Jacobs,1631,364,1635.48
1907,Osinski - Kilback,2020-02-20,2021-02-19,Elite Plus,Europe,Angelo Payne,1635,365,1635.0
4803,"Prohaska, D'Amore and Keebler",2019-10-15,2020-10-14,Classic,Latin America,Karl Long,1635,365,1635.0
6496,Lesch - Wolff,2021-05-11,2022-05-10,Classic,Europe,Alton Hunt,1630,364,1634.48
366,"Bashirian, Pollich and Paucek",2020-11-15,2021-11-14,Classic,North America,Phil Baker,1628,364,1632.47
2305,Wiza and Sons,2021-06-06,2022-06-05,Elite Plus,Europe,Christopher Little,1625,364,1629.46
3109,"Breitenberg, Stroman and Heaney",2020-02-21,2020-04-09,Elite Plus,North America,Karl Long,214,48,1627.29
2668,Gottlieb - Smitham,2021-02-01,2024-01-31,Elite Plus,Europe,Dana Henderson,4875,1094,1626.49
3115,"Stanton, Bergstrom and Skiles",2020-12-20,2021-12-19,Classic,Latin America,Dana Henderson,1621,364,1625.45
3839,Kerluke - Friesen,2020-09-24,2021-09-23,Elite Plus,North America,Christopher Little,1619,364,1623.45
611,Stantner - Trantow,2020-07-26,2022-07-25,Elite Plus,North America,Marsha Aguilar,3241,729,1622.72
4117,Dickinson Inc,2020-08-10,2021-08-09,Elite Plus,North America,Patty Ingram,1618,364,1622.45
1885,"Shanahan, Hettinger and Butler",2020-08-27,2021-08-26,Elite Plus,Europe,Angelo Payne,1618,364,1622.45
4471,Zemlak Group,2021-06-16,2022-06-15,Elite Plus,North America,Celia Clayton,1618,364,1622.45
5591,"Keeling, Jakubowski and Crist",2022-02-03,2023-02-02,Elite Plus,North America,Aloyna Gregory,1617,364,1621.44
7515,"Schulist, Luettgen and Miller",2018-09-23,2019-09-22,Classic,North America,Jerald James,1617,364,1621.44
1820,Schuster - Torp,2021-07-21,2024-07-20,Elite Plus,North America,Ramon Garcia,4861,1095,1620.33
7246,"Bartell, Barrows and Mayert",2018-10-30,2019-10-29,Classic,North America,Aloyna Gregory,1615,364,1619.44
3906,Kreiger - Russel,2021-07-08,2022-07-07,Elite Plus,North America,Phil Baker,1615,364,1619.44
6163,"Dietrich, Larson and Murazik",2021-02-09,2022-02-08,Elite Plus,Europe,Christopher Little,1614,364,1618.43
5967,Gaverman - Boyer,2021-10-16,2021-11-15,Classic,Asia,Judy Jacobs,133,30,1618.17
2252,Hoeger Group,2021-06-25,2022-06-24,Elite Plus,Europe,Ramon Garcia,1612,364,1616.43
7621,Bundel PLC,2018-11-23,2019-11-22,Classic,North America,Ross Hines,1610,364,1614.42
650,"Goodwin, O'Reilly and Buckridge",2020-02-15,2021-02-13,Elite Plus,North America,Judy Jacobs,1610,364,1614.42
731,Morissette Group,2020-07-17,2021-07-16,Elite Plus,Asia,Ross Hines,1609,364,1613.42
5299,Nikolaus - Daniel,2022-06-05,2023-06-04,Elite Plus,Europe,John Sacker,1608,364,1612.42
7692,Russel Ltd,2018-12-13,2019-12-12,Classic,Europe,Patty Ingram,1608,364,1612.42
985,"Lubowitz, Franecki and Schuster",2022-05-15,2026-05-14,Elite Plus,Latin America,John Sacker,6433,1460,1608.25
1780,Waugh Inc,2022-02-28,2022-05-28,Classic,Latin America,Dana Henderson,392,89,1607.64
5776,Cassle - Mosciski,2021-04-04,2022-10-03,Elite Plus,North America,Christopher Little,2409,547,1607.47
3444,Konopelski - Mayer,2020-09-17,2021-09-16,Elite Plus,Europe,Karl Long,1603,364,1607.4
1084,Wuckert - Collier,2020-12-23,2021-12-22,Elite Plus,Europe,Angelo Payne,1603,364,1607.4
6154,"Dietrich, Larson and Murazik",2020-09-22,2021-09-21,Elite Plus,Europe,Christopher Little,1602,364,1606.4
6506,SchamBundelr - Huels,2021-08-20,2022-08-19,Elite Plus,Europe,John Sacker,1600,364,1604.4
6900,"Runolfsson, Stark and Larkin",2019-06-07,2020-06-06,Classic,North America,Walter Sacha,1604,365,1604.0
4325,Rodriguez LLC,2021-07-24,2024-07-23,Elite Plus,Asia,Dana Henderson,4804,1095,1601.33
5839,"Tremblay, Schroeder and Cassle",2020-07-13,2021-03-14,Elite Plus,North America,Sonja Griffin,1070,244,1600.61
4028,"Robel, Kunde and Toy",2021-02-27,2022-02-26,Classic,Latin America,Marshall Lawson,1596,364,1600.38
389,Zboncak LLC,2020-01-29,2021-01-27,Elite Plus,North America,Marshall Lawson,1596,364,1600.38
273,Koch LLC,2022-01-23,2023-01-22,Elite Plus,North America,Alton Hunt,1595,364,1599.38
537,"Mayert, Cerner and Oberbrunner",2021-07-02,2022-07-01,Classic,Latin America,Dana Henderson,1595,364,1599.38
4004,"Cummerata, Legros and Kohler",2021-01-30,2021-02-28,Classic,Europe,Angelo Payne,127,29,1598.45
4261,Kshlerin Group,2021-05-21,2021-06-19,Classic,Latin America,Aloyna Gregory,127,29,1598.45
3472,Runte LLC,2021-05-28,2021-06-26,Classic,North America,Sonja Griffin,127,29,1598.45
4286,"Waugh, King and Bins",2021-07-14,2022-07-13,Elite Plus,Europe,Marshall Lawson,1594,364,1598.38
1068,Wuckert - Collier,2020-09-30,2021-09-29,Elite Plus,Europe,Angelo Payne,1593,364,1597.38
2109,Bundel and Sons,2021-09-19,2021-12-19,Elite Plus,Europe,Alton Hunt,398,91,1596.37
1267,Okuneva and Sons,2020-11-05,2021-11-04,Elite Plus,Latin America,Ross Hines,1592,364,1596.37
741,"Stoltenberg, Halvorson and Nader",2023-04-04,2024-04-02,Elite Plus,Latin America,Angelo Payne,1592,364,1596.37
6755,Erdman - MacGyver,2020-10-07,2022-06-16,Elite Plus,North America,Celia Clayton,2698,617,1596.06
2846,Wiegand - Jacobs,2020-06-23,2021-06-22,Classic,Latin America,Karl Long,1591,364,1595.37
511,Upton - Johnston,2019-11-08,2020-11-07,Elite Plus,North America,Alton Hunt,1595,365,1595.0
4824,Graham Group,2020-08-17,2020-11-15,Classic,North America,Ramon Garcia,393,90,1593.83
3284,Deckow LLC,2022-03-28,2023-03-27,Classic,Asia,Frankie Fletcher,1589,364,1593.37
1650,Kuphal - Hirthe,2020-10-01,2021-09-30,Elite Plus,North America,Marsha Aguilar,1589,364,1593.37
7936,"Bogisich, Welch and Beahan",2019-09-17,2020-09-16,Classic,Asia,Judy Jacobs,1591,365,1591.0
6936,Kozey Group,2019-06-12,2020-06-11,Classic,North America,Phil Baker,1590,365,1590.0
4154,Reichert - Hirthe,2020-10-18,2021-10-17,Elite Plus,North America,Alice Cole,1585,364,1589.35
7023,Gutmann-Rice,2019-06-16,2020-06-15,Elite Plus,Latin America,Aloyna Gregory,1588,365,1588.0
2593,O'Kon - Trantow,2020-12-05,2021-12-04,Classic,Asia,Tomas Glover,1583,364,1587.35
2115,Bundel and Sons,2021-11-25,2022-11-24,Elite Plus,Europe,Alton Hunt,1580,364,1584.34
2583,"Marks, Russel and Hudson",2021-04-04,2022-04-03,Elite Plus,North America,Alice Cole,1580,364,1584.34
4444,Ponting - Jakubowski,2020-05-16,2021-05-15,Elite Plus,Europe,Alton Hunt,1580,364,1584.34
3994,"Chechauski, Jaskolski and Corkery",2021-08-15,2022-08-14,Elite Plus,Asia,Judy Jacobs,1579,364,1583.34
4317,Wolff - Harvey,2021-10-24,2022-10-23,Elite Plus,Asia,Marsha Aguilar,1579,364,1583.34
3005,Gammendor - Frost,2019-11-28,2020-11-27,Elite Plus,Europe,Frankie Fletcher,1583,365,1583.0
176,Erdman - Stehr,2021-06-10,2022-06-09,Classic,North America,Marshall Lawson,1578,364,1582.34
3078,O'Kon - Weber,2021-03-31,2022-03-30,Elite Plus,North America,Grant Cortez,1576,364,1580.33
6724,Gleichner - Homenick,2019-09-28,2020-09-27,Classic,Latin America,Marshall Lawson,1580,365,1580.0
3942,Schroeder - Mayer,2021-06-08,2022-06-07,Classic,Latin America,Patty Ingram,1575,364,1579.33
5034,"Goyette, Reichert and Parker",2021-03-20,2023-03-19,Elite Plus,North America,Alton Hunt,3153,729,1578.66
2981,Schaden Group,2022-04-19,2023-04-18,Elite Plus,Europe,Alice Cole,1574,364,1578.32
3696,Rippin and Sons,2020-09-05,2021-09-04,Classic,North America,Aloyna Gregory,1573,364,1577.32
1124,"Hahn, Nienow and Baumbach",2020-05-17,2021-05-16,Classic,Asia,Christopher Little,1572,364,1576.32
1585,Ritchie - Johns,2021-04-26,2022-04-25,Classic,Europe,Grant Cortez,1572,364,1576.32
368,"Kub, Wunsch and O'Kon",2021-05-11,2023-05-10,Elite Plus,Asia,Aloyna Gregory,3148,729,1576.16
6467,Oberbrunner Inc,2022-04-12,2022-12-04,Elite Plus,Europe,Karl Long,1018,236,1574.45
6144,"Dietrich, Larson and Murazik",2022-08-28,2023-07-26,Elite Plus,Europe,Christopher Little,1432,332,1574.34
732,Morissette Group,2020-06-26,2021-06-25,Elite Plus,Asia,Ross Hines,1570,364,1574.31
4241,Weissnat and Sons,2020-05-19,2021-05-19,Classic,North America,Aloyna Gregory,1574,365,1574.0
7441,"Braun, Nader and Hoeger",2018-03-20,2019-03-19,Classic,Europe,Grant Cortez,1569,364,1573.31
2564,Ratke Inc,2021-02-13,2022-02-12,Classic,Europe,Judy Jacobs,1569,364,1573.31
5605,Funk LLC,2020-03-28,2021-03-27,Elite Plus,Europe,Tomas Glover,1568,364,1572.31
4419,"Zemlak, Steuber and Rempel",2020-07-23,2021-07-22,Elite Plus,North America,Karl Long,1568,364,1572.31
5315,"Erdman, Schaden and Bechel",2020-06-06,2021-06-18,Elite Plus,Europe,Celia Clayton,1623,377,1571.34
4687,"Lowe, Auer and Marks",2020-05-12,2021-05-11,Classic,Latin America,Jerald James,1567,364,1571.3
6567,"Gutmann, Brakus and Rutherford",2020-09-24,2020-10-24,Classic,North America,Christopher Little,129,30,1569.5
3114,"Breitenberg, Stroman and Heaney",2020-12-16,2021-12-15,Elite Plus,North America,Karl Long,1564,364,1568.3
230,Nader LLC,2021-12-23,2022-12-22,Elite Plus,Europe,Marshall Lawson,1563,364,1567.29
4486,Zemlak Group,2021-04-10,2022-04-09,Elite Plus,North America,Celia Clayton,1562,364,1566.29
1670,"Bernier, West and Pimpernel",2021-03-20,2022-03-19,Classic,Latin America,Lonnie May,1561,364,1565.29
8,Towne - Kub,2020-05-24,2021-05-23,Classic,Europe,Alton Hunt,1561,364,1565.29
2980,Schaden Group,2020-11-18,2021-11-17,Elite Plus,Europe,Alice Cole,1560,364,1564.29
4759,Kemmer Group,2020-10-19,2021-10-18,Elite Plus,Asia,Judy Jacobs,1557,364,1561.28
1102,Wuckert - Collier,2021-07-09,2022-07-08,Elite Plus,Europe,Angelo Payne,1557,364,1561.28
6750,"Hayes, Orn and Cassin",2020-07-23,2021-07-22,Classic,North America,Grant Cortez,1556,364,1560.27
386,Zboncak LLC,2020-03-17,2021-03-16,Elite Plus,North America,Marshall Lawson,1556,364,1560.27
6845,Gerlach-Muller,2019-04-03,2020-04-02,Classic,North America,Karl Long,1560,365,1560.0
4057,Christiansen and Sons,2021-05-10,2022-05-09,Elite Plus,North America,Lonnie May,1555,364,1559.27
5109,Rogahn LLC,2021-05-16,2022-05-15,Classic,Europe,Christopher Little,1554,364,1558.27
3481,Runte LLC,2021-08-02,2021-09-01,Classic,North America,Sonja Griffin,128,30,1557.33
3424,Waelchi - Botsford,2021-06-05,2021-07-05,Classic,Latin America,Walter Sacha,128,30,1557.33
6659,Nolan Inc,2021-06-29,2022-06-28,Elite Plus,Europe,Tomas Glover,1553,364,1557.27
2655,"Hyatt, Johns and Lowe",2021-03-24,2022-03-23,Elite Plus,North America,Jerald James,1552,364,1556.26
2148,Luettgen LLC,2020-05-14,2021-05-13,Elite Plus,North America,Frankie Fletcher,1552,364,1556.26
2343,Schmitt - Herman,2020-07-05,2021-07-04,Elite Plus,North America,Alton Hunt,1552,364,1556.26
1402,Cronin - Lehner,2022-12-19,2023-12-18,Elite Plus,North America,Karl Long,1551,364,1555.26
7828,"Gleason, Bartoletti and Stoltenberg",2019-02-21,2020-02-21,Classic,North America,Dana Henderson,1554,365,1554.0
5367,"Kutch, Larson and Boone",2021-01-07,2022-01-06,Elite Plus,North America,Grant Cortez,1549,364,1553.26
7664,"Toy, Price and Pollich",2018-12-24,2019-12-23,Classic,North America,Walter Sacha,1548,364,1552.25
3300,Waters and Sons,2020-12-28,2022-02-28,Elite Plus,Asia,Sonja Griffin,1815,427,1551.46
449,Keebler Inc,2021-08-19,2022-10-18,Elite Plus,Latin America,Phil Baker,1804,425,1549.32
3104,"D'Amore, Bernier and Canten",2021-02-14,2022-02-13,Elite Plus,Europe,Alton Hunt,1544,364,1548.24
6018,Johnson LLC,2020-02-25,2021-02-23,Elite Plus,Europe,Phil Baker,1544,364,1548.24
1077,Wuckert - Collier,2020-09-04,2021-09-03,Elite Plus,Europe,Angelo Payne,1544,364,1548.24
6045,"Pollich, Dicki and Albertson",2021-06-20,2021-07-19,Classic,North America,Walter Sacha,123,29,1548.1
5192,"Klein, Emmerich and Farrell",2020-10-24,2021-10-23,Classic,Europe,Lonnie May,1542,364,1546.24
123,Benjamin Batterbond,2021-04-10,2021-05-10,Classic,North America,Ramon Garcia,127,30,1545.17
6514,Huel - Braun,2020-01-30,2021-01-28,Elite Plus,Latin America,Tomas Glover,1540,364,1544.23
4559,"Erdman, Bode and Beier",2021-05-08,2022-05-07,Elite Plus,Europe,Christopher Little,1539,364,1543.23
7789,"Norman, Lakin and Lesch",2019-02-07,2020-02-06,Classic,Europe,Alice Cole,1537,364,1541.22
1303,Stiedemann Group,2020-05-11,2021-05-10,Elite Plus,North America,Alice Cole,1537,364,1541.22
5383,Dicki - Wilderman,2022-06-12,2023-06-11,Elite Plus,North America,John Sacker,1535,364,1539.22
4029,"Gerlach, Crist and Mueller",2020-05-17,2021-05-16,Classic,Latin America,Dana Henderson,1535,364,1539.22
5673,Pagac - Fay,2021-02-27,2022-02-26,Elite Plus,North America,Cecelia Burgess,1535,364,1539.22
1712,SchoStantner and Sons,2021-04-09,2022-04-08,Classic,Europe,Dana Henderson,1535,364,1539.22
964,Fay Group,2021-10-04,2022-11-03,Elite Plus,Asia,John Sacker,1664,395,1537.62
5428,SchoStantner - Lueilwitz,2020-10-17,2021-10-16,Classic,North America,Sonja Griffin,1533,364,1537.21
3946,"Waugh, Agarwal and Smith",2021-11-03,2022-11-03,Classic,North America,Phil Baker,1536,365,1536.0
4841,"Hamill, Tanner and Stracke",2020-08-08,2021-08-07,Classic,Latin America,Jerald James,1531,364,1535.21
5844,"Kunde, Tremblay and Erdman",2021-07-18,2022-07-17,Classic,North America,Alice Cole,1528,364,1532.2
4481,Zemlak Group,2021-01-23,2022-01-22,Elite Plus,North America,Celia Clayton,1528,364,1532.2
5064,Collier - Skiles,2021-09-01,2023-01-01,Elite Plus,Europe,Sonja Griffin,2044,487,1531.95
4763,Orn - Hamill,2020-06-17,2021-06-16,Classic,North America,Alice Cole,1527,364,1531.2
2503,Agarwaliamson - Mayert,2021-11-02,2022-04-01,Elite Plus,Europe,Dana Henderson,629,150,1530.57
8219,Schuppe LLC,2018-06-13,2019-06-12,Classic,Europe,Grant Cortez,1525,364,1529.19
4282,"Nader, Gulgowski and Kshlerin",2020-11-12,2020-12-09,Classic,Latin America,Patty Ingram,113,27,1527.59
6109,Labadie Inc,2020-10-02,2021-10-01,Classic,North America,Walter Sacha,1522,364,1526.18
5130,Ryan Group,2021-11-02,2022-11-01,Classic,Latin America,Walter Sacha,1522,364,1526.18
730,Morissette Group,2020-09-11,2021-09-10,Elite Plus,Asia,Ross Hines,1518,364,1522.17
1086,Wuckert - Collier,2023-02-26,2023-09-26,Elite Plus,Europe,Angelo Payne,884,212,1521.98
1744,Flatley Inc,2021-06-22,2024-06-21,Classic,Latin America,Walter Sacha,4565,1095,1521.67
4485,Zemlak Group,2022-06-11,2022-12-10,Elite Plus,North America,Celia Clayton,758,182,1520.16
1721,Erdman - Kozey,2022-09-11,2024-12-11,Elite Plus,North America,Christopher Little,3422,822,1519.5
5726,Kessler - Fahey,2020-07-24,2021-07-23,Classic,Latin America,Christopher Little,1514,364,1518.16
4288,"Christiansen, Halvorson and Rolfson",2021-04-28,2022-04-27,Elite Plus,Europe,Patty Ingram,1512,364,1516.15
4842,"Hamill, Tanner and Stracke",2021-09-21,2023-03-21,Classic,Latin America,Jerald James,2268,546,1516.15
6672,McKinnon - Jerde,2020-08-07,2021-08-06,Elite Plus,Latin America,Karl Long,1512,364,1516.15
6621,Hartmann Group,2021-01-30,2024-01-29,Elite Plus,Asia,Walter Sacha,4539,1094,1514.38
3850,Treutel LLC,2020-04-18,2020-08-18,Classic,Latin America,Dana Henderson,506,122,1513.85
2684,Hegmann - Mayert,2021-02-27,2022-02-26,Elite Plus,North America,Alton Hunt,1509,364,1513.15
3231,Vandervort - Upton,2021-01-04,2022-01-03,Elite Plus,North America,John Sacker,1509,364,1513.15
3636,Hintz LLC,2020-12-22,2021-12-21,Elite Plus,Europe,Grant Cortez,1507,364,1511.14
2103,Stark - Moen,2022-09-21,2023-09-20,Elite Plus,Europe,Christopher Little,1506,364,1510.14
1070,Wuckert - Collier,2022-12-31,2023-07-31,Elite Plus,Europe,Angelo Payne,877,212,1509.93
275,Koch LLC,2023-02-25,2023-03-27,Elite Plus,North America,Alton Hunt,124,30,1508.67
277,Koch LLC,2022-12-03,2023-01-02,Elite Plus,North America,Alton Hunt,124,30,1508.67
1148,"Hahn, Nienow and Baumbach",2020-06-30,2021-06-29,Classic,Asia,Christopher Little,1504,364,1508.13
5550,"Wyman, Harber and Jakubowski",2021-07-19,2022-07-18,Elite Plus,North America,Marshall Lawson,1504,364,1508.13
1575,Bins LLC,2020-12-26,2021-12-25,Elite Plus,Europe,Judy Jacobs,1502,364,1506.13
2398,"Tromp, Gillespie and Pimpernel",2021-04-18,2021-08-24,Elite Plus,North America,Judy Jacobs,528,128,1505.62
3013,Gammendor - Frost,2020-10-28,2021-10-27,Elite Plus,Europe,Frankie Fletcher,1501,364,1505.12
199,Collier - O'Kon,2021-07-25,2022-07-24,Classic,Asia,John Sacker,1500,364,1504.12
3720,Jones LLC,2021-06-19,2024-06-18,Elite Plus,North America,Lonnie May,4509,1095,1503.0
2572,"Auer, Rippin and Kris",2020-07-18,2021-07-17,Elite Plus,North America,Dana Henderson,1498,364,1502.12
939,Gupta - Agarwal,2022-06-30,2023-06-29,Elite Plus,North America,Walter Sacha,1497,364,1501.11
5596,"Keeling, Jakubowski and Crist",2021-10-04,2022-10-03,Elite Plus,North America,Aloyna Gregory,1497,364,1501.11
8009,Reichel-Keeling,2019-09-23,2020-09-22,Elite Plus,Europe,Phil Baker,1501,365,1501.0
691,Schulist - Hills,2021-07-22,2024-07-21,Elite Plus,Asia,Alice Cole,4501,1095,1500.33
999,Larson - Bundel,2022-06-14,2023-06-13,Elite Plus,North America,Angelo Payne,1496,364,1500.11
4323,Rodriguez LLC,2021-11-20,2024-11-19,Elite Plus,Asia,Dana Henderson,4498,1095,1499.33
4887,Gammendor - Agarwal,2021-02-22,2022-02-21,Elite Plus,Latin America,Lonnie May,1495,364,1499.11
1671,"Bernier, West and Pimpernel",2021-01-19,2022-01-18,Classic,Latin America,Lonnie May,1493,364,1497.1
1970,Nikolaus - Bernier,2021-08-01,2022-07-31,Elite Plus,Europe,Tomas Glover,1493,364,1497.1
2352,"Emmerich, Block and Huel",2021-05-29,2022-05-28,Elite Plus,Latin America,Ramon Garcia,1491,364,1495.1
3290,Schumm Group,2019-11-15,2020-11-14,Elite Plus,North America,Jerald James,1495,365,1495.0
4506,Zemlak Group,2022-01-02,2022-08-31,Elite Plus,North America,Celia Clayton,987,241,1494.83
4975,Mann and Sons,2020-11-16,2021-11-15,Elite Plus,Latin America,John Sacker,1490,364,1494.09
4016,"Bode, Bartoletti and Schultz",2020-04-07,2021-04-07,Elite Plus,North America,John Sacker,1494,365,1494.0
5869,"Dicki, Bosco and Rempel",2021-04-15,2022-04-14,Elite Plus,North America,Grant Cortez,1489,364,1493.09
2524,Rosemont Inc,2020-07-18,2021-07-17,Elite Plus,Europe,Sonja Griffin,1488,364,1492.09
1989,"Mills, Ziemann and Pfeffer",2021-02-13,2022-02-12,Elite Plus,North America,Celia Clayton,1487,364,1491.09
519,"O'Conner, Klocko and Davis",2020-09-26,2021-09-25,Elite Plus,North America,Christopher Little,1487,364,1491.09
4816,"Friesen, Gillespie and Parisian",2021-12-13,2022-12-13,Classic,North America,Celia Clayton,1491,365,1491.0
1723,Smitham Group,2020-01-25,2021-01-24,Elite Plus,North America,Jerald James,1489,365,1489.0
6146,"Dietrich, Larson and Murazik",2021-11-28,2022-11-27,Elite Plus,Europe,Christopher Little,1484,364,1488.08
1444,"Schneider, Champlin and O'Connell",2020-10-21,2021-10-20,Elite Plus,North America,Micheal Williams,1483,364,1487.07
1781,Luettgen and Sons,2021-07-08,2022-07-07,Elite Plus,Asia,Patty Ingram,1482,364,1486.07
1447,"Schneider, Champlin and O'Connell",2021-01-20,2022-01-19,Elite Plus,North America,Micheal Williams,1482,364,1486.07
5837,"Tremblay, Schroeder and Cassle",2021-01-05,2022-01-04,Elite Plus,North America,Sonja Griffin,1482,364,1486.07
171,Frami Group,2021-02-21,2022-02-20,Elite Plus,North America,John Sacker,1481,364,1485.07
649,"Goodwin, O'Reilly and Buckridge",2020-05-15,2021-05-14,Elite Plus,North America,Judy Jacobs,1479,364,1483.06
854,Murray Inc,2021-08-26,2022-08-25,Classic,Latin America,John Sacker,1479,364,1483.06
6520,Douglas - Kozey,2020-06-30,2020-10-29,Classic,North America,Karl Long,491,121,1481.12
6065,"Kub, Murphy and Pagac",2020-04-20,2021-04-19,Elite Plus,North America,Ross Hines,1476,364,1480.05
1535,Tillman LLC,2021-05-21,2022-05-20,Elite Plus,Europe,Alton Hunt,1476,364,1480.05
4250,"Hessel, Aberly and Swaniawski",2021-06-20,2022-06-20,Classic,North America,Cecelia Burgess,1479,365,1479.0
1065,Cassin - Tillman,2021-03-22,2022-03-21,Elite Plus,Europe,Karl Long,1473,364,1477.05
4459,Ullrich - Lebsack,2020-09-01,2021-08-31,Elite Plus,North America,Judy Jacobs,1473,364,1477.05
6213,"Gottlieb, Breitenberg and Connelly",2020-02-20,2021-02-19,Elite Plus,Europe,Sonja Griffin,1476,365,1476.0
1638,Weissnat - Kessler,2021-09-20,2023-09-19,Elite Plus,Europe,Lonnie May,2947,729,1475.52
2799,Jaskolski Group,2021-05-14,2024-05-13,Elite Plus,Europe,Walter Sacha,4422,1095,1474.0
6678,McKinnon - Jerde,2023-01-28,2026-01-27,Elite Plus,Latin America,Karl Long,4420,1095,1473.33
6715,Strosin - Bins,2020-12-07,2025-12-06,Elite Plus,North America,Marsha Aguilar,7366,1825,1473.2
5414,"Cronin, Canten and Langosh",2021-09-01,2021-10-01,Classic,Asia,John Sacker,121,30,1472.17
1593,"Fisher, Mann and Klocko",2021-10-13,2021-11-12,Classic,Latin America,Aloyna Gregory,121,30,1472.17
7590,Reynolds Inc,2018-06-13,2019-06-12,Classic,North America,Judy Jacobs,1468,364,1472.03
7197,Ankunding LLC,2019-06-18,2020-06-17,Elite Plus,North America,Jerald James,1471,365,1471.0
559,Kihn - Gaverman,2021-03-04,2023-10-04,Elite Plus,Asia,Celia Clayton,3802,944,1470.05
5742,Jaskolski LLC,2020-12-03,2021-12-02,Elite Plus,Latin America,Angelo Payne,1465,364,1469.02
6428,"Quigley, Veum and Reilly",2021-08-30,2022-08-29,Elite Plus,North America,Angelo Payne,1464,364,1468.02
6267,Bechel Inc,2023-05-03,2024-05-02,Elite Plus,Europe,Walter Sacha,1468,365,1468.0
7138,"Wintheiser, Howe and Wisoky",2019-03-21,2020-03-20,Classic,North America,John Sacker,1468,365,1468.0
917,"Douglas, Rolfson and Gammendor",2021-03-20,2024-03-18,Elite Plus,Europe,Marsha Aguilar,4398,1094,1467.34
3128,Frost - Rumsfeld,2020-08-19,2021-08-18,Classic,North America,Frankie Fletcher,1463,364,1467.02
2155,"Kautzer, Mante and Agarwal",2020-12-30,2021-12-29,Elite Plus,North America,Jerald James,1463,364,1467.02
3810,Ferry Inc,2023-07-30,2024-07-29,Elite Plus,Asia,Karl Long,1467,365,1467.0
209,"Mauston, Daniel and Kohler",2021-06-10,2022-06-10,Classic,Europe,Frankie Fletcher,1467,365,1467.0
6132,"Dietrich, Larson and Murazik",2020-02-22,2021-02-21,Elite Plus,Europe,Christopher Little,1466,365,1466.0
5643,"Stiedemann, Labadie and Prosacco",2023-08-22,2024-08-21,Elite Plus,North America,Ramon Garcia,1465,365,1465.0
2808,Mosciski - Prosacco,2020-11-07,2021-11-06,Elite Plus,North America,Aloyna Gregory,1459,364,1463.01
3776,Stracke - Cassin,2021-07-09,2022-07-08,Elite Plus,North America,Lonnie May,1459,364,1463.01
1619,Mauston and Sons,2020-03-12,2021-03-12,Classic,North America,Aloyna Gregory,1463,365,1463.0
4819,Waelchi - Conroy,2021-06-11,2022-06-11,Classic,Asia,Karl Long,1463,365,1463.0
1158,Rosenbaum - Hermiston,2019-04-12,2022-05-26,Elite Plus,North America,Grant Cortez,4569,1140,1462.88
5600,"Smitham, Grimes and Bernier",2020-07-14,2021-07-13,Classic,Europe,Celia Clayton,1458,364,1462.01
4802,Rice - Waelchi,2021-07-07,2024-07-06,Classic,North America,Celia Clayton,4386,1095,1462.0
6039,"Pollich, Dicki and Albertson",2021-05-03,2021-06-01,Classic,North America,Walter Sacha,116,29,1460.0
6508,SchamBundelr - Huels,2022-05-28,2023-05-27,Elite Plus,Europe,John Sacker,1456,364,1460.0
6366,"Torp, Bosco and Agarwal",2021-11-23,2022-12-22,Elite Plus,North America,Christopher Little,1576,394,1460.0
1892,"Shanahan, Hettinger and Butler",2021-12-27,2022-12-26,Elite Plus,Europe,Angelo Payne,1454,364,1457.99
1112,Bradtke - Goyette,2020-09-17,2021-09-16,Classic,Europe,Christopher Little,1453,364,1456.99
187,Huel - Simonis,2020-11-16,2023-02-15,Elite Plus,Asia,Karl Long,3277,821,1456.89
1806,Schuster - Torp,2020-07-26,2021-07-25,Elite Plus,North America,Ramon Garcia,1452,364,1455.99
3626,"Macejkovic, Bosco and Buckridge",2019-12-17,2020-12-16,Elite Plus,North America,Tomas Glover,1453,365,1453.0
4722,Robel Group,2019-10-31,2020-10-30,Elite Plus,Latin America,Aloyna Gregory,1453,365,1453.0
660,"Goodwin, O'Reilly and Buckridge",2020-12-10,2021-12-09,Elite Plus,North America,Judy Jacobs,1449,364,1452.98
4982,Schmitt and Sons,2021-04-02,2022-04-01,Elite Plus,North America,Micheal Williams,1449,364,1452.98
950,Keeling - Koelpin,2019-12-17,2020-12-16,Elite Plus,North America,Lonnie May,1452,365,1452.0
5516,Dietrich Inc,2021-07-01,2022-06-30,Classic,Latin America,Aloyna Gregory,1448,364,1451.98
6727,Kshlerin - Hirthe,2020-07-10,2021-07-09,Classic,Asia,Judy Jacobs,1448,364,1451.98
3978,Ortiz Inc,2020-05-20,2021-05-19,Elite Plus,North America,Angelo Payne,1448,364,1451.98
952,Keeling - Koelpin,2020-12-08,2021-12-07,Elite Plus,North America,Lonnie May,1446,364,1449.97
1191,"Nienow, Bosco and Nolan",2020-10-18,2021-10-17,Elite Plus,North America,Judy Jacobs,1445,364,1448.97
4680,Wolf - Kemmer,2020-11-23,2021-11-22,Elite Plus,Asia,Micheal Williams,1445,364,1448.97
7002,Fadel-Pfannerstill,2018-09-19,2019-09-18,Classic,Europe,Aloyna Gregory,1444,364,1447.97
3148,Aufderhar LLC,2021-06-22,2022-06-21,Elite Plus,North America,Micheal Williams,1443,364,1446.96
2183,Collins - Rosenbaum,2020-11-22,2022-11-21,Elite Plus,Europe,Ramon Garcia,2889,729,1446.48
4657,"Bernier, Abbott and Mann",2021-07-25,2022-07-24,Elite Plus,Asia,Lonnie May,1442,364,1445.96
2498,Agarwaliamson - Mayert,2023-08-07,2024-08-06,Elite Plus,Europe,Dana Henderson,1445,365,1445.0
4411,"Koss, Jaskolski and O'Connell",2020-03-04,2021-01-01,Classic,North America,Karl Long,1199,303,1444.34
3580,Gottlieb - Huel,2021-01-07,2021-04-07,Elite Plus,Europe,Grant Cortez,356,90,1443.78
4560,"Erdman, Bode and Beier",2020-12-14,2021-12-13,Elite Plus,Europe,Christopher Little,1439,364,1442.95
4646,"Jaskolski, Raynor and Wehner",2020-11-28,2021-11-27,Elite Plus,North America,Grant Cortez,1438,364,1441.95
1511,"Schmeler, Schmitt and Frami",2020-05-15,2021-05-14,Classic,North America,Walter Sacha,1438,364,1441.95
738,"Stoltenberg, Halvorson and Nader",2021-01-26,2022-01-25,Elite Plus,Latin America,Angelo Payne,1438,364,1441.95
4601,Renner - Schiller,2023-02-13,2024-02-13,Elite Plus,North America,Judy Jacobs,1441,365,1441.0
5716,Feil - Breitenberg,2020-08-09,2021-08-08,Elite Plus,North America,Judy Jacobs,1437,364,1440.95
3710,Aufderhar LLC,2020-09-06,2021-09-05,Classic,North America,Micheal Williams,1435,364,1438.94
6067,"Kub, Murphy and Pagac",2020-12-30,2021-12-29,Elite Plus,North America,Ross Hines,1435,364,1438.94
7524,"Quitzon, Bon and Trantow",2018-06-13,2019-06-12,Classic,North America,Alton Hunt,1435,364,1438.94
4652,Raynor - Howell,2020-12-04,2021-12-03,Classic,Latin America,Cecelia Burgess,1435,364,1438.94
4517,Zemlak Group,2021-06-10,2022-11-09,Elite Plus,North America,Celia Clayton,2034,517,1436.0
6780,Leuschke LLC,2019-04-07,2020-04-06,Classic,North America,Tomas Glover,1435,365,1435.0
7367,Littel PLC,2018-11-12,2019-11-11,Classic,Latin America,Grant Cortez,1431,364,1434.93
2813,Mosciski - Prosacco,2021-06-09,2021-10-05,Elite Plus,North America,Aloyna Gregory,463,118,1432.16
4916,Kirlin - Simonis,2021-06-10,2022-06-09,Elite Plus,North America,Frankie Fletcher,1426,364,1429.92
3625,Bogan - Rohan,2020-08-17,2021-08-17,Classic,Latin America,John Sacker,1428,365,1428.0
4914,Kirlin - Simonis,2021-11-29,2022-11-28,Elite Plus,North America,Frankie Fletcher,1424,364,1427.91
326,"Hessel, Langworth and Abtel",2021-09-06,2024-09-05,Elite Plus,North America,Dana Henderson,4280,1095,1426.67
5764,Hintz and Sons,2021-01-31,2022-01-30,Elite Plus,Europe,Cecelia Burgess,1422,364,1425.91
2978,Schaden Group,2023-03-10,2024-03-08,Elite Plus,Europe,Alice Cole,1422,364,1425.91
3092,O'Kon - Weber,2022-04-13,2023-11-11,Elite Plus,North America,Grant Cortez,2254,577,1425.84
6673,McKinnon - Jerde,2021-10-11,2022-10-10,Elite Plus,Latin America,Karl Long,1421,364,1424.9
4716,Padberg Inc,2021-05-22,2022-05-21,Classic,North America,Phil Baker,1421,364,1424.9
2162,Moen - Schmeler,2021-03-30,2022-06-27,Classic,Asia,Lonnie May,1772,454,1424.63
1287,"Trantow, Dickens and Rogahn",2021-12-31,2022-12-30,Elite Plus,North America,Celia Clayton,1420,364,1423.9
1669,"Bernier, West and Pimpernel",2021-03-26,2021-04-25,Classic,Latin America,Lonnie May,117,30,1423.5
2337,Graham and Sons,2020-05-26,2021-05-25,Elite Plus,North America,Angelo Payne,1419,364,1422.9
5627,"Stiedemann, Labadie and Prosacco",2020-10-08,2021-10-07,Elite Plus,North America,Ramon Garcia,1419,364,1422.9
1576,Bins LLC,2021-01-23,2022-01-22,Elite Plus,Europe,Judy Jacobs,1418,364,1421.9
3077,O'Kon - Weber,2020-07-22,2021-07-21,Elite Plus,North America,Grant Cortez,1418,364,1421.9
7322,Donnelly Group,2019-01-24,2020-01-23,Classic,Europe,Ross Hines,1417,364,1420.89
2997,Kuhlman - Greenfelder,2020-11-12,2021-11-11,Elite Plus,Europe,Frankie Fletcher,1417,364,1420.89
3439,Konopelski - Mayer,2019-12-02,2020-07-26,Elite Plus,Europe,Karl Long,922,237,1419.96
6661,Lindgren and Sons,2022-08-01,2023-07-31,Elite Plus,North America,Walter Sacha,1416,364,1419.89
2801,Medhurst Inc,2020-02-28,2021-02-26,Classic,North America,Marsha Aguilar,1415,364,1418.89
4426,"Zemlak, Steuber and Rempel",2021-07-30,2022-07-29,Elite Plus,North America,Karl Long,1415,364,1418.89
1836,Schuster - Torp,2021-04-25,2024-02-23,Elite Plus,North America,Ramon Garcia,4018,1034,1418.35
6501,Lesch - Wolff,2021-10-27,2022-06-29,Elite Plus,Europe,Alton Hunt,950,245,1415.31
4413,"Koss, Jaskolski and O'Connell",2020-11-12,2021-02-09,Classic,North America,Karl Long,345,89,1414.89
2261,Jenkins - Kertzmann,2020-02-19,2021-02-17,Elite Plus,North America,Judy Jacobs,1411,364,1414.88
925,"Douglas, Rolfson and Gammendor",2021-05-09,2022-01-22,Elite Plus,Europe,Marsha Aguilar,1000,258,1414.73
3004,Gammendor - Frost,2019-12-19,2020-12-18,Elite Plus,Europe,Frankie Fletcher,1413,365,1413.0
4306,Bundel - Reichert,2020-12-18,2021-01-17,Classic,Asia,Christopher Little,116,30,1411.33
6173,"Dietrich, Larson and Murazik",2022-03-12,2023-03-11,Elite Plus,Europe,Christopher Little,1406,364,1409.86
858,Heidenreich and Sons,2021-10-09,2021-11-07,Classic,North America,Jerald James,112,29,1409.66
8091,"Upton, Terry and Kunze",2019-10-31,2020-10-30,Classic,Latin America,Patty Ingram,1409,365,1409.0
6579,Canten - Gerlach,2020-06-04,2021-06-03,Elite Plus,North America,Grant Cortez,1405,364,1408.86
11,Towne - Kub,2020-10-14,2021-10-13,Classic,Europe,Alton Hunt,1405,364,1408.86
2391,"Hilll, Kohler and Brown",2023-06-24,2024-06-23,Elite Plus,Europe,Patty Ingram,1408,365,1408.0
7541,Bernier-Boyer,2018-06-12,2019-06-11,Elite Plus,North America,Micheal Williams,1404,364,1407.86
7783,Kuvalis-Stiedemann,2019-03-24,2020-03-23,Elite Plus,North America,Karl Long,1407,365,1407.0
4298,Larson Group,2020-11-30,2021-11-29,Classic,Latin America,Grant Cortez,1403,364,1406.85
7514,"Sporer, Huel and Cremin",2018-12-09,2019-12-08,Classic,North America,Grant Cortez,1403,364,1406.85
2661,"D'Amore, Bechel and Bechel",2022-03-24,2023-03-23,Classic,North America,Patty Ingram,1401,364,1404.85
1234,Fadel LLC,2021-05-03,2022-05-02,Elite Plus,North America,Alice Cole,1401,364,1404.85
2777,Jast Group,2020-11-22,2021-11-21,Elite Plus,North America,Phil Baker,1401,364,1404.85
1384,"Stroman, Tromp and Funk",2021-02-19,2022-02-18,Classic,Latin America,Alice Cole,1401,364,1404.85
6580,Canten - Gerlach,2020-06-21,2021-06-20,Elite Plus,North America,Grant Cortez,1400,364,1403.85
1941,"Huels, Pollich and Jacobi",2020-11-25,2021-11-24,Elite Plus,North America,Karl Long,1400,364,1403.85
1188,"Nienow, Bosco and Nolan",2020-07-26,2021-07-25,Elite Plus,North America,Judy Jacobs,1399,364,1402.84
7984,Konopelski Ltd,2019-09-23,2020-09-22,Classic,Europe,Lonnie May,1402,365,1402.0
6697,Gorczany - Marvin,2021-01-30,2022-01-29,Classic,Latin America,Ramon Garcia,1397,364,1400.84
5355,"Grimes, Dickens and Gillespie",2021-03-17,2022-03-17,Classic,North America,Marsha Aguilar,1400,365,1400.0
1832,Schuster - Torp,2021-02-27,2022-02-26,Elite Plus,North America,Ramon Garcia,1396,364,1399.84
1952,"Marquardt, Terry and Sauer",2021-08-08,2021-09-07,Classic,Asia,Dana Henderson,115,30,1399.17
6918,Schuster-Lind,2019-06-23,2020-06-22,Classic,Europe,Walter Sacha,1399,365,1399.0
720,Huels - Mante,2020-07-02,2021-07-01,Classic,Latin America,Christopher Little,1394,364,1397.83
6202,"Dietrich, Larson and Murazik",2020-11-16,2023-05-16,Elite Plus,Europe,Christopher Little,3487,911,1397.1
2198,"Farrell, Fahey and Funk",2021-05-26,2022-05-25,Elite Plus,North America,Aloyna Gregory,1393,364,1396.83
1843,Schuster - Torp,2021-08-09,2022-08-08,Elite Plus,North America,Ramon Garcia,1393,364,1396.83
4955,Dare Inc,2020-06-11,2020-12-12,Classic,Asia,Micheal Williams,704,184,1396.52
4167,Smith - Rice,2019-12-20,2020-12-19,Elite Plus,Europe,Ross Hines,1396,365,1396.0
300,O'Keefe - Skiles,2021-01-23,2023-01-22,Elite Plus,Europe,Sonja Griffin,2788,729,1395.91
6493,Morissette Inc,2020-12-06,2021-12-05,Elite Plus,Europe,Marsha Aguilar,1392,364,1395.82
7988,Cremin-Hilpert,2019-09-23,2020-09-22,Classic,North America,Alton Hunt,1393,365,1393.0
2528,Rosemont Inc,2022-06-09,2023-06-08,Elite Plus,Europe,Sonja Griffin,1389,364,1392.82
4609,Renner - Schiller,2023-06-03,2024-06-02,Elite Plus,North America,Judy Jacobs,1392,365,1392.0
2754,Jast - Balistreri,2020-05-23,2021-05-22,Elite Plus,North America,Lonnie May,1388,364,1391.81
4318,Rodriguez LLC,2020-07-10,2021-07-09,Elite Plus,Asia,Dana Henderson,1386,364,1389.81
70,Beier Group,2021-08-18,2024-08-17,Elite Plus,Europe,Frankie Fletcher,4169,1095,1389.67
600,Gibson Group,2021-03-28,2022-03-27,Elite Plus,Europe,Sonja Griffin,1385,364,1388.8
5219,Aufderhar and Sons,2021-06-13,2021-07-13,Classic,Latin America,Alton Hunt,114,30,1387.0
2857,Crona - Cassin,2020-07-20,2021-07-20,Classic,Europe,Aloyna Gregory,1387,365,1387.0
6525,Douglas - Kozey,2021-07-24,2021-08-23,Classic,North America,Karl Long,114,30,1387.0
102,Kemmer - Shields,2021-10-30,2022-10-29,Elite Plus,Latin America,Ramon Garcia,1383,364,1386.8
898,"Schuppe, Kuhic and Kerluke",2021-07-23,2022-07-22,Elite Plus,North America,Walter Sacha,1383,364,1386.8
3380,"Sipes, Dare and Hessel",2021-03-19,2022-03-18,Elite Plus,North America,Lonnie May,1382,364,1385.8
425,Zboncak LLC,2021-11-17,2024-05-20,Elite Plus,North America,Marshall Lawson,3473,915,1385.4
4068,Ward LLC,2021-06-18,2024-06-17,Classic,Latin America,Grant Cortez,4156,1095,1385.33
1009,Larson - Bundel,2022-08-31,2023-08-30,Elite Plus,North America,Angelo Payne,1381,364,1384.79
7026,"Zboncak, O'Conner and Rempel",2018-09-18,2019-09-17,Classic,Europe,Sonja Griffin,1381,364,1384.79
3817,Quitzon Group,2021-06-05,2026-03-07,Elite Plus,Asia,Grant Cortez,6584,1736,1384.31
3464,"Koss, Muller and Little",2021-09-24,2022-09-23,Classic,North America,Karl Long,1380,364,1383.79
2645,"Hyatt, Johns and Lowe",2020-05-13,2021-05-12,Elite Plus,North America,Jerald James,1379,364,1382.79
6510,SchamBundelr - Huels,2023-09-04,2024-09-03,Elite Plus,Europe,John Sacker,1382,365,1382.0
993,Larson - Bundel,2021-08-22,2022-08-21,Elite Plus,North America,Angelo Payne,1378,364,1381.79
893,Hahn - Shields,2020-10-04,2021-08-21,Elite Plus,North America,Christopher Little,1215,321,1381.54
1522,Kuvalis Inc,2020-12-22,2021-12-31,Elite Plus,Latin America,Micheal Williams,1414,374,1379.97
3586,Gottlieb - Huel,2021-10-14,2022-01-13,Elite Plus,Europe,Grant Cortez,344,91,1379.78
2656,"Hyatt, Johns and Lowe",2021-03-26,2022-03-25,Elite Plus,North America,Jerald James,1376,364,1379.78
5115,Boehm - Romaguera,2021-02-11,2022-02-10,Elite Plus,Latin America,Celia Clayton,1375,364,1378.78
760,Herman - Quitzon,2020-07-25,2021-07-24,Elite Plus,Europe,Alice Cole,1375,364,1378.78
1289,"Rowe, Franecki and Koelpin",2020-10-08,2021-04-01,Classic,Europe,Alice Cole,661,175,1378.66
259,Koch LLC,2019-09-21,2020-09-20,Elite Plus,North America,Alton Hunt,1376,365,1376.0
281,Koch LLC,2021-06-06,2022-06-05,Elite Plus,North America,Alton Hunt,1372,364,1375.77
888,Reichel - Trantow,2021-07-29,2023-07-28,Elite Plus,North America,Ramon Garcia,2746,729,1374.88
6562,"Bogan, Bogisich and Ernser",2021-06-18,2021-07-18,Classic,Latin America,Ramon Garcia,113,30,1374.83
5415,"Cronin, Canten and Langosh",2021-05-16,2021-06-15,Classic,Asia,John Sacker,113,30,1374.83
2893,"Bernier, Metz and Fay",2021-04-21,2022-04-20,Elite Plus,North America,Grant Cortez,1370,364,1373.76
3938,Jenkins Group,2020-08-06,2021-08-05,Classic,Latin America,Lonnie May,1370,364,1373.76
6729,Kshlerin - Hirthe,2021-06-21,2021-07-20,Classic,Asia,Judy Jacobs,109,29,1371.9
7628,Cronin-Batz,2018-03-28,2019-03-27,Classic,Asia,Alton Hunt,1368,364,1371.76
1316,Stiedemann Group,2021-01-07,2022-01-06,Elite Plus,North America,Alice Cole,1367,364,1370.76
807,Schimmel LLC,2022-12-25,2023-09-23,Elite Plus,North America,Ramon Garcia,1021,272,1370.09
4249,Hermann and Sons,2021-01-31,2022-01-30,Classic,Europe,Dana Henderson,1366,364,1369.75
1371,Zieme Group,2020-06-12,2021-06-11,Elite Plus,North America,Alton Hunt,1365,364,1368.75
1555,Satterfield and Sons,2021-07-22,2022-07-21,Elite Plus,Latin America,Jerald James,1362,364,1365.74
775,Ponting LLC,2020-05-29,2021-05-28,Elite Plus,North America,Marsha Aguilar,1361,364,1364.74
428,Zboncak LLC,2021-08-16,2024-05-29,Elite Plus,North America,Marshall Lawson,3798,1017,1363.1
5097,Hettinger - Reilly,2021-09-23,2021-10-23,Classic,Latin America,Cecelia Burgess,112,30,1362.67
3473,Runte LLC,2021-04-24,2021-05-24,Classic,North America,Sonja Griffin,112,30,1362.67
6593,Ondricka - Casper,2020-12-15,2021-09-10,Elite Plus,North America,Sonja Griffin,1004,269,1362.3
7618,"Gleason, Bartoletti and Stoltenberg",2018-02-21,2019-02-20,Classic,North America,Dana Henderson,1358,364,1361.73
5708,"Heidenreich, Hauck and Koelpin",2021-02-19,2022-02-18,Elite Plus,Asia,Marsha Aguilar,1357,364,1360.73
6516,Reichert Group,2021-03-13,2022-03-12,Classic,Latin America,Phil Baker,1357,364,1360.73
1101,Wuckert - Collier,2021-08-02,2022-08-01,Elite Plus,Europe,Angelo Payne,1357,364,1360.73
4074,"Osinski, Farrell and Kutch",2021-01-27,2022-03-20,Elite Plus,Europe,Marsha Aguilar,1553,417,1359.34
5733,Kessler - Fahey,2021-06-16,2021-07-15,Classic,Latin America,Christopher Little,108,29,1359.31
1568,"Grimes, Kshlerin and Connelly",2020-12-27,2023-12-26,Elite Plus,Europe,Cecelia Burgess,4073,1094,1358.91
146,Schaden LLC,2021-02-19,2022-02-18,Classic,Latin America,Christopher Little,1355,364,1358.72
2083,Murphy - Bahringer,2021-09-23,2024-09-22,Elite Plus,Latin America,Christopher Little,4073,1095,1357.67
4693,Hackett LLC,2021-01-25,2022-01-24,Elite Plus,Asia,Frankie Fletcher,1353,364,1356.72
7397,"Reichert, Kuvalis and Collins",2019-01-24,2020-01-23,Elite Plus,Latin America,Ross Hines,1353,364,1356.72
8135,Campbelll-Donnelly,2019-05-15,2020-05-14,Elite Plus,North America,Patty Ingram,1356,365,1356.0
3631,"Macejkovic, Bosco and Buckridge",2020-12-12,2021-12-11,Elite Plus,North America,Tomas Glover,1352,364,1355.71
1714,Erdman - Kozey,2021-10-21,2024-10-20,Elite Plus,North America,Christopher Little,4067,1095,1355.67
1212,"Rumsfeld, Bogan and Canten",2021-04-16,2022-04-15,Elite Plus,North America,John Sacker,1350,364,1353.71
4954,Lesch - Johnston,2021-09-09,2023-09-08,Elite Plus,North America,Tomas Glover,2703,729,1353.35
6145,"Dietrich, Larson and Murazik",2020-09-06,2021-09-05,Elite Plus,Europe,Christopher Little,1349,364,1352.71
1762,Hane - Oberbrunner,2019-11-24,2020-11-23,Elite Plus,Asia,Judy Jacobs,1352,365,1352.0
6235,"Stark, Murray and Rogahn",2021-01-08,2022-01-07,Elite Plus,Europe,Celia Clayton,1348,364,1351.7
2764,Jast - Balistreri,2021-06-29,2022-12-29,Elite Plus,North America,Lonnie May,2029,548,1351.43
7468,Corwin-Metz,2018-06-16,2019-06-15,Classic,North America,Aloyna Gregory,1346,364,1349.7
1233,Fadel LLC,2020-04-03,2021-04-02,Elite Plus,North America,Alice Cole,1346,364,1349.7
2291,Weissnat - Dicki,2022-09-15,2024-07-14,Elite Plus,Europe,Phil Baker,2470,668,1349.63
6286,Kulas - Ryan,2020-04-16,2021-04-15,Elite Plus,North America,Christopher Little,1345,364,1348.7
740,"Stoltenberg, Halvorson and Nader",2022-01-29,2023-01-28,Elite Plus,Latin America,Angelo Payne,1345,364,1348.7
6400,"Quigley, Veum and Reilly",2020-07-10,2021-07-09,Elite Plus,North America,Angelo Payne,1343,364,1346.69
3550,"Bode, Agarwal and Deckow",2021-03-11,2021-11-19,Elite Plus,Europe,Celia Clayton,933,253,1346.03
6022,Considine Group,2019-10-10,2020-10-09,Classic,Latin America,Phil Baker,1346,365,1346.0
2548,"Hintz, Bartell and Hudson",2020-07-18,2021-07-17,Elite Plus,Latin America,Ross Hines,1342,364,1345.69
5209,Mueller LLC,2020-11-29,2021-11-28,Elite Plus,Asia,Alice Cole,1341,364,1344.68
5905,"Schmitt, Grady and Dickens",2021-02-19,2022-02-18,Elite Plus,North America,Angelo Payne,1341,364,1344.68
5359,Blick - Harvey,2020-03-19,2021-03-18,Classic,Latin America,Sonja Griffin,1340,364,1343.68
1115,"Mueller, Cremin and Pollich",2020-10-01,2021-12-02,Elite Plus,Europe,Frankie Fletcher,1571,427,1342.89
6441,Howe - Krajcik,2021-12-16,2022-12-15,Elite Plus,Asia,Jerald James,1339,364,1342.68
1909,Osinski - Kilback,2020-11-30,2021-11-29,Elite Plus,Europe,Angelo Payne,1339,364,1342.68
2129,Gupta LLC,2021-10-02,2025-01-17,Elite Plus,North America,Marsha Aguilar,4424,1203,1342.28
5703,Altenwerth - Rosenbaum,2020-09-28,2021-09-27,Elite Plus,Latin America,Aloyna Gregory,1338,364,1341.68
6363,"Torp, Bosco and Agarwal",2020-10-24,2021-10-23,Elite Plus,North America,Christopher Little,1338,364,1341.68
4830,Deckow - Deckow,2019-11-26,2020-11-26,Classic,Latin America,Angelo Payne,1345,366,1341.33
7799,"Wintheiser, Howe and Wisoky",2019-04-02,2020-04-01,Classic,North America,John Sacker,1341,365,1341.0
4149,Reichert - Hirthe,2021-10-05,2022-10-04,Elite Plus,North America,Alice Cole,1337,364,1340.67
7273,"Collins, Pfannerstill and Auer",2018-10-07,2019-10-06,Elite Plus,Asia,Phil Baker,1336,364,1339.67
6082,O'Keefe Inc,2021-06-20,2022-06-19,Classic,North America,Patty Ingram,1336,364,1339.67
487,Lesch and Sons,2020-09-28,2021-09-27,Elite Plus,North America,Ross Hines,1335,364,1338.67
576,Schinner LLC,2020-01-29,2021-01-27,Elite Plus,North America,Marshall Lawson,1335,364,1338.67
1443,"Schneider, Champlin and O'Connell",2020-12-11,2021-12-10,Elite Plus,North America,Micheal Williams,1335,364,1338.67
4192,"Upton, Steuber and Conn",2021-01-23,2024-01-22,Elite Plus,North America,Jerald James,4007,1094,1336.89
1143,"Hahn, Nienow and Baumbach",2021-06-18,2022-06-17,Classic,Asia,Christopher Little,1332,364,1335.66
95,Aufderhar Group,2020-08-13,2021-05-06,Elite Plus,North America,Judy Jacobs,973,266,1335.13
762,Herman - Quitzon,2021-05-19,2022-05-18,Elite Plus,Europe,Alice Cole,1331,364,1334.66
1341,"Kertzmann, Sipes and Herzog",2021-06-23,2022-06-22,Elite Plus,Europe,John Sacker,1331,364,1334.66
899,"Schuppe, Kuhic and Kerluke",2021-08-22,2022-08-21,Elite Plus,North America,Walter Sacha,1331,364,1334.66
2577,"Waters, Wyman and Abbott",2021-01-03,2022-01-02,Classic,Latin America,Phil Baker,1331,364,1334.66
3714,Jones LLC,2020-08-23,2021-08-22,Elite Plus,North America,Lonnie May,1330,364,1333.65
884,Lakin - Connelly,2021-09-19,2022-09-18,Classic,Latin America,Micheal Williams,1330,364,1333.65
6636,Boyle Inc,2021-11-18,2022-11-17,Elite Plus,Latin America,Phil Baker,1329,364,1332.65
5675,Crona - Dickens,2020-09-30,2021-09-29,Elite Plus,North America,Patty Ingram,1328,364,1331.65
4547,Heidenreich - O'Hara,2021-04-03,2022-04-02,Elite Plus,North America,Lonnie May,1328,364,1331.65
3677,"Schmitt, Purdy and Reichel",2022-06-03,2023-06-02,Elite Plus,North America,Christopher Little,1328,364,1331.65
4721,Robel Group,2020-03-12,2020-10-24,Elite Plus,Latin America,Aloyna Gregory,824,226,1330.8
7638,Koss-Towne,2018-03-08,2019-03-07,Classic,North America,Dana Henderson,1327,364,1330.65
7624,Ullrich-Zamber,2018-02-13,2019-02-12,Classic,Latin America,Cecelia Burgess,1327,364,1330.65
821,Schimmel LLC,2021-05-15,2022-05-14,Elite Plus,North America,Ramon Garcia,1326,364,1329.64
8157,Bradtke-Waters,2019-11-23,2020-11-22,Classic,Europe,Judy Jacobs,1329,365,1329.0
1419,Gaylord Group,2021-09-21,2022-09-20,Elite Plus,Asia,Marsha Aguilar,1324,364,1327.64
2606,Gaverman - Erdman,2021-06-01,2024-05-31,Elite Plus,Asia,Phil Baker,3981,1095,1327.0
6674,McKinnon - Jerde,2021-11-16,2022-11-15,Elite Plus,Latin America,Karl Long,1323,364,1326.63
5040,"Reichert, Balistreri and Dicki",2021-04-04,2021-05-04,Classic,Latin America,Lonnie May,109,30,1326.17
3853,Douglas - Schaden,2020-04-01,2021-03-31,Elite Plus,North America,Cecelia Burgess,1320,364,1323.63
521,"O'Conner, Klocko and Davis",2021-07-22,2022-07-21,Elite Plus,North America,Christopher Little,1320,364,1323.63
3643,Lakin - Glover,2020-02-15,2021-02-13,Elite Plus,North America,Phil Baker,1319,364,1322.62
1700,Schumm - Feil,2021-06-02,2021-07-01,Classic,Latin America,Patty Ingram,105,29,1321.55
61,Lind and Sons,2019-11-12,2020-11-11,Elite Plus,Europe,Karl Long,1321,365,1321.0
7320,Donnelly Group,2019-01-24,2020-01-23,Classic,Europe,Ross Hines,1317,364,1320.62
6463,Oberbrunner Inc,2020-12-16,2021-10-15,Elite Plus,Europe,Karl Long,1096,303,1320.26
1582,Beahan Inc,2021-07-08,2024-07-07,Classic,Latin America,Ross Hines,3959,1095,1319.67
3222,Vandervort - Upton,2019-12-06,2020-12-05,Elite Plus,North America,John Sacker,1319,365,1319.0
7363,"Bernhard, DuBuque and Green",2018-10-24,2019-05-24,Classic,North America,Frankie Fletcher,766,212,1318.82
4378,Gusikowski Inc,2021-12-08,2022-12-07,Elite Plus,Latin America,Aloyna Gregory,1314,364,1317.61
5310,Hudson and Sons,2021-01-28,2022-01-27,Elite Plus,Europe,Ramon Garcia,1314,364,1317.61
1,Hyatt Group,2020-12-03,2023-12-02,Elite Plus,Latin America,Grant Cortez,3949,1094,1317.54
4666,Mohr LLC,2019-11-15,2020-11-14,Elite Plus,Asia,Celia Clayton,1317,365,1317.0
2477,Schmidt - McClure,2020-10-27,2021-10-26,Classic,Latin America,Phil Baker,1313,364,1316.61
1523,Kuvalis Inc,2020-09-28,2021-10-07,Elite Plus,Latin America,Micheal Williams,1349,374,1316.54
5296,Nikolaus - Daniel,2021-09-26,2022-09-25,Elite Plus,Europe,John Sacker,1312,364,1315.6
4175,Smith - Rice,2022-05-02,2023-05-01,Elite Plus,Europe,Ross Hines,1312,364,1315.6
3243,Walsh - Dare,2021-07-05,2022-07-04,Elite Plus,North America,Celia Clayton,1312,364,1315.6
2194,Chechauski Inc,2020-02-29,2021-02-27,Elite Plus,North America,Christopher Little,1311,364,1314.6
3302,Waters and Sons,2021-11-05,2021-12-05,Elite Plus,Asia,Sonja Griffin,108,30,1314.0
1140,"Hahn, Nienow and Baumbach",2021-02-06,2022-02-05,Classic,Asia,Christopher Little,1310,364,1313.6
272,Koch LLC,2022-02-01,2023-01-31,Elite Plus,North America,Alton Hunt,1310,364,1313.6
6850,Wuckert-Hane,2018-05-02,2019-05-01,Classic,North America,Sonja Griffin,1309,364,1312.6
7019,"Zboncak, O'Conner and Rempel",2018-09-18,2019-09-17,Classic,Europe,Sonja Griffin,1309,364,1312.6
2741,"Volkman, Ponting and Stanton",2021-02-07,2021-03-06,Classic,Europe,Karl Long,97,27,1311.3
2265,Jenkins - Kertzmann,2021-06-02,2022-06-01,Elite Plus,North America,Judy Jacobs,1306,364,1309.59
3621,Schimmel - Weber,2021-09-11,2021-10-10,Classic,Latin America,Tomas Glover,104,29,1308.97
5531,Stantner LLC,2021-04-12,2021-05-11,Classic,North America,Jerald James,104,29,1308.97
4691,Hackett LLC,2020-01-22,2021-01-20,Elite Plus,Asia,Frankie Fletcher,1305,364,1308.59
2761,Jast - Balistreri,2021-08-15,2022-02-15,Elite Plus,North America,Lonnie May,658,184,1305.27
6955,Reichert and Sons,2019-06-02,2020-06-01,Classic,Latin America,Aloyna Gregory,1305,365,1305.0
3784,Erdman and Sons,2020-08-10,2022-12-31,Elite Plus,Europe,Cecelia Burgess,3121,873,1304.89
4222,Boone Inc,2020-06-07,2021-06-06,Elite Plus,Asia,Marshall Lawson,1301,364,1304.57
4753,"Cole, Considine and Mraz",2021-07-07,2022-07-06,Elite Plus,Europe,Micheal Williams,1301,364,1304.57
922,"Douglas, Rolfson and Gammendor",2022-01-31,2022-04-16,Elite Plus,Europe,Marsha Aguilar,268,75,1304.27
413,Zboncak LLC,2021-05-07,2024-05-07,Elite Plus,North America,Marshall Lawson,3912,1096,1302.81
5722,Feil - Breitenberg,2021-11-04,2022-11-03,Elite Plus,North America,Judy Jacobs,1299,364,1302.57
4604,Renner - Schiller,2023-02-13,2024-02-13,Elite Plus,North America,Judy Jacobs,1302,365,1302.0
5562,Gislason LLC,2021-01-30,2022-01-29,Elite Plus,Asia,Marshall Lawson,1297,364,1300.56
5845,Weissnat Group,2020-07-10,2021-07-09,Elite Plus,North America,Patty Ingram,1297,364,1300.56
2705,"Stanton, Ernser and Crona",2019-11-25,2020-11-24,Classic,Latin America,Walter Sacha,1300,365,1300.0
163,King Group,2020-06-10,2021-06-09,Classic,North America,Angelo Payne,1296,364,1299.56
4919,Kirlin - Simonis,2021-10-13,2022-10-12,Elite Plus,North America,Frankie Fletcher,1296,364,1299.56
7682,Torp Ltd,2018-03-23,2019-03-22,Classic,North America,Aloyna Gregory,1296,364,1299.56
3945,"Waugh, Agarwal and Smith",2021-07-18,2022-07-17,Elite Plus,North America,Phil Baker,1296,364,1299.56
3925,Hills and Sons,2021-11-29,2024-11-28,Elite Plus,Asia,Phil Baker,3898,1095,1299.33
1072,Wuckert - Collier,2021-09-21,2022-09-20,Elite Plus,Europe,Angelo Payne,1295,364,1298.56
7591,Auer-Koch,2018-03-21,2019-03-20,Classic,North America,Grant Cortez,1294,364,1297.55
6893,Glover and Sons,2019-06-18,2020-06-17,Classic,North America,Cecelia Burgess,1297,365,1297.0
926,Johns - Grant,2021-06-06,2024-06-05,Elite Plus,North America,Alice Cole,3887,1095,1295.67
1821,Schuster - Torp,2021-03-17,2024-03-16,Elite Plus,North America,Ramon Garcia,3886,1095,1295.33
4521,Harris LLC,2020-12-09,2021-12-08,Classic,Latin America,Ross Hines,1291,364,1294.55
6106,Stoltenberg - Kassulke,2021-08-13,2023-08-12,Elite Plus,North America,Karl Long,2585,729,1294.27
6966,Morissette Inc,2019-07-23,2020-07-22,Classic,North America,Marsha Aguilar,1294,365,1294.0
3001,Gammendor - Frost,2019-12-08,2020-12-07,Elite Plus,Europe,Frankie Fletcher,1292,365,1292.0
5094,Agarwalms - Nitzsche,2020-06-19,2021-06-18,Elite Plus,Europe,Grant Cortez,1288,364,1291.54
3426,Waelchi - Botsford,2021-07-14,2021-08-13,Classic,Latin America,Walter Sacha,106,30,1289.67
3927,Waugh - Hamill,2020-06-30,2021-06-29,Classic,Latin America,Christopher Little,1286,364,1289.53
5628,"Stiedemann, Labadie and Prosacco",2021-07-11,2021-11-09,Elite Plus,North America,Ramon Garcia,427,121,1288.06
4790,"Hermiston, Weimann and Lemke",2021-06-02,2023-10-02,Elite Plus,North America,Ross Hines,3006,852,1287.78
367,"Kub, Wunsch and O'Kon",2021-05-12,2023-05-11,Elite Plus,Asia,Aloyna Gregory,2571,729,1287.26
2505,Stoltenberg Group,2020-01-01,2020-12-31,Elite Plus,North America,Judy Jacobs,1285,365,1285.0
2763,Jast - Balistreri,2021-09-29,2023-03-31,Elite Plus,North America,Lonnie May,1929,548,1284.83
1151,"Osinski, Bradtke and Schmidt",2020-01-14,2021-01-12,Classic,North America,Dana Henderson,1281,364,1284.52
65,Marks and Sons,2021-02-23,2022-02-22,Elite Plus,Europe,Karl Long,1280,364,1283.52
4396,Murray - Bartell,2021-04-14,2022-04-13,Elite Plus,Latin America,Grant Cortez,1280,364,1283.52
6353,"Crist, Ondricka and DuBuque",2021-03-26,2022-03-25,Elite Plus,North America,Karl Long,1279,364,1282.51
5609,Funk LLC,2020-07-14,2021-07-13,Elite Plus,Europe,Tomas Glover,1279,364,1282.51
1600,Parisian - Gorczany,2020-05-23,2021-05-22,Classic,North America,Alton Hunt,1279,364,1282.51
4662,"Rodriguez, Miller and Johnston",2021-07-09,2022-07-08,Elite Plus,Asia,Aloyna Gregory,1279,364,1282.51
6360,"Torp, Bosco and Agarwal",2020-09-11,2021-09-10,Elite Plus,North America,Christopher Little,1277,364,1280.51
6483,Greenholt LLC,2020-10-30,2023-10-29,Elite Plus,Europe,Alton Hunt,3838,1094,1280.5
3552,"Bode, Agarwal and Deckow",2020-12-15,2021-12-14,Classic,Europe,Celia Clayton,1276,364,1279.51
7098,Cremin-Wolff,2018-10-08,2019-10-07,Classic,North America,Sonja Griffin,1276,364,1279.51
2149,Luettgen LLC,2021-03-28,2022-02-08,Elite Plus,North America,Frankie Fletcher,1111,317,1279.23
4207,King LLC,2021-01-04,2021-02-23,Elite Plus,Asia,Walter Sacha,175,50,1277.5
1164,Rosenbaum - Hermiston,2021-04-11,2022-04-10,Classic,North America,Grant Cortez,1273,364,1276.5
5228,Stark LLC,2020-02-01,2021-01-31,Classic,North America,Micheal Williams,1276,365,1276.0
3510,Cerner Group,2021-02-13,2022-02-12,Classic,Latin America,Aloyna Gregory,1272,364,1275.49
75,Toy - Butler,2021-05-29,2022-05-29,Classic,North America,Aloyna Gregory,1274,365,1274.0
606,"Belfact, Balistreri and Kreiger",2022-07-14,2023-07-13,Elite Plus,North America,Tomas Glover,1268,364,1271.48
218,"Ernser, D'Amore and Gulgowski",2023-07-06,2024-07-05,Elite Plus,Europe,Marsha Aguilar,1271,365,1271.0
1623,Mauston and Sons,2021-09-10,2022-09-09,Classic,North America,Aloyna Gregory,1267,364,1270.48
1514,"Schmeler, Schmitt and Frami",2021-04-14,2022-04-13,Classic,North America,Walter Sacha,1267,364,1270.48
5907,"Schmitt, Grady and Dickens",2021-01-27,2022-01-26,Elite Plus,North America,Angelo Payne,1267,364,1270.48
5505,Jacobson - Harber,2021-07-23,2022-07-22,Classic,North America,Alice Cole,1266,364,1269.48
1061,Frost - Wehner,2021-03-07,2022-03-06,Elite Plus,Europe,Judy Jacobs,1265,364,1268.48
2135,"Swaniawski, Orn and Smitham",2020-05-07,2021-07-06,Elite Plus,Europe,Celia Clayton,1476,425,1267.62
2235,D'Amore Group,2020-09-17,2021-09-16,Classic,North America,Karl Long,1264,364,1267.47
2363,"Veum, Pollich and Kuvalis",2020-12-09,2021-12-08,Elite Plus,Europe,Frankie Fletcher,1264,364,1267.47
6270,Bechel Inc,2021-03-02,2022-03-01,Elite Plus,Europe,Walter Sacha,1262,364,1265.47
3990,Gammendor Inc,2021-08-19,2022-08-18,Elite Plus,Asia,Ross Hines,1262,364,1265.47
3699,Rippin and Sons,2021-02-03,2021-03-05,Classic,North America,Aloyna Gregory,104,30,1265.33
365,Yost - Hettinger,2021-05-23,2021-06-22,Classic,Latin America,Frankie Fletcher,104,30,1265.33
5430,Schmitt - Zieme,2020-09-13,2021-09-12,Elite Plus,Asia,Walter Sacha,1261,364,1264.46
6943,Moen and Sons,2018-03-20,2019-03-19,Classic,North America,Karl Long,1259,364,1262.46
359,Yost - Hettinger,2020-11-29,2021-11-28,Classic,Latin America,Frankie Fletcher,1259,364,1262.46
842,"Larkin, Runolfsson and Orn",2020-12-05,2021-12-04,Classic,Asia,Marshall Lawson,1258,364,1261.46
7588,Kuhlman Inc,2018-06-21,2019-06-20,Elite Plus,North America,Sonja Griffin,1257,364,1260.45
6184,"Dietrich, Larson and Murazik",2021-06-07,2022-06-06,Elite Plus,Europe,Christopher Little,1256,364,1259.45
3443,Konopelski - Mayer,2020-11-05,2021-11-04,Elite Plus,Europe,Karl Long,1256,364,1259.45
3429,"Lebsack, Dicki and Bosco",2020-02-11,2021-02-09,Classic,Latin America,Frankie Fletcher,1256,364,1259.45
7763,McKinnon PLC,2018-06-22,2019-06-21,Classic,North America,Alice Cole,1255,364,1258.45
2156,"Kautzer, Mante and Agarwal",2021-01-04,2022-01-03,Elite Plus,North America,Jerald James,1254,364,1257.45
5147,"Leffler, Kertzmann and Heathcote",2020-12-03,2021-12-02,Classic,North America,Grant Cortez,1254,364,1257.45
2089,Donnelly and Sons,2020-05-19,2021-05-19,Classic,North America,Walter Sacha,1255,365,1255.0
1417,Gaylord Group,2021-07-14,2022-07-13,Elite Plus,Asia,Marsha Aguilar,1251,364,1254.44
4283,"Nader, Gulgowski and Kshlerin",2021-03-20,2022-03-19,Classic,Latin America,Patty Ingram,1251,364,1254.44
1553,Satterfield and Sons,2021-07-14,2023-07-13,Elite Plus,Latin America,Jerald James,2505,729,1254.22
7163,Davis LLC,2019-03-21,2020-03-20,Classic,Latin America,Alton Hunt,1254,365,1254.0
4041,Murazik - Heaney,2021-09-18,2022-09-17,Elite Plus,North America,John Sacker,1250,364,1253.43
3097,O'Kon - Weber,2021-09-24,2023-09-23,Elite Plus,North America,Grant Cortez,2503,729,1253.22
2008,"Altenwerth, Beahan and Buckridge",2020-12-09,2021-01-08,Classic,Latin America,Ross Hines,103,30,1253.17
3476,Runte LLC,2021-04-11,2021-05-11,Classic,North America,Sonja Griffin,103,30,1253.17
1052,"Johnson, Farrell and Zieme",2021-08-28,2022-08-27,Elite Plus,North America,Aloyna Gregory,1248,364,1251.43
4000,"Cummerata, Legros and Kohler",2020-09-03,2021-09-02,Classic,Europe,Angelo Payne,1247,364,1250.43
941,Miller and Sons,2020-07-07,2021-07-06,Elite Plus,North America,Micheal Williams,1247,364,1250.43
1834,Schuster - Torp,2021-06-02,2022-06-01,Elite Plus,North America,Ramon Garcia,1247,364,1250.43
6604,"Simonis, Boone and Swift",2020-12-18,2021-12-17,Classic,North America,Cecelia Burgess,1247,364,1250.43
3867,Douglas - Schaden,2020-07-22,2021-07-21,Elite Plus,North America,Cecelia Burgess,1245,364,1248.42
7963,Flatley Ltd,2019-09-08,2020-06-08,Elite Plus,North America,Alton Hunt,937,274,1248.19
7123,Kiehn PLC,2019-05-08,2020-05-07,Classic,North America,Ramon Garcia,1248,365,1248.0
4956,Dare Inc,2020-05-08,2020-11-08,Classic,Asia,Micheal Williams,629,184,1247.74
6448,Streich - Kiehn,2021-01-31,2021-03-01,Classic,North America,Celia Clayton,99,29,1246.03
2774,Lehner - Mohr,2021-07-21,2022-07-21,Classic,Europe,Sonja Griffin,1246,365,1246.0
5329,"Erdman, Schaden and Bechel",2021-08-20,2022-07-11,Elite Plus,Europe,Celia Clayton,1108,325,1244.37
205,"Avelona,, Jacuz and Mikhael",2020-11-17,2021-11-16,Elite Plus,Asia,Patty Ingram,1239,364,1242.4
4682,Wolf - Kemmer,2021-11-02,2022-11-01,Elite Plus,Asia,Micheal Williams,1239,364,1242.4
7712,Dare and Sons,2019-01-13,2020-01-12,Classic,Europe,Patty Ingram,1238,364,1241.4
2484,Schmidt - McClure,2021-04-18,2021-05-18,Classic,Latin America,Phil Baker,102,30,1241.0
2468,"Hintz, McDermott and Walsh",2021-04-10,2022-04-09,Elite Plus,Europe,Phil Baker,1236,364,1239.4
6582,Ondricka - Casper,2020-04-28,2021-04-27,Elite Plus,North America,Sonja Griffin,1236,364,1239.4
1223,Rau Group,2021-04-13,2022-04-12,Classic,Latin America,Sonja Griffin,1236,364,1239.4
3782,Hauck and Sons,2021-11-29,2022-11-28,Classic,Latin America,Sonja Griffin,1235,364,1238.39
1109,Bradtke - Goyette,2020-06-28,2021-01-03,Classic,Europe,Christopher Little,641,189,1237.91
4678,Wolf - Kemmer,2020-07-21,2020-10-21,Elite Plus,Asia,Micheal Williams,312,92,1237.83
7612,Prohaska-Hansen,2018-10-07,2019-10-06,Classic,Latin America,Angelo Payne,1234,364,1237.39
2541,Rutherford Group,2020-11-15,2021-11-14,Classic,Europe,Celia Clayton,1234,364,1237.39
3849,Treutel LLC,2020-07-26,2021-03-24,Classic,Latin America,Dana Henderson,817,241,1237.37
2141,"Bayer, Adams and Hilll",2020-07-05,2021-07-04,Elite Plus,Europe,Celia Clayton,1233,364,1236.39
3152,Leannon Inc,2020-11-08,2021-11-07,Classic,Latin America,Walter Sacha,1232,364,1235.38
5394,"Marks, Daniel and Larson",2020-12-30,2021-12-29,Classic,Latin America,Marsha Aguilar,1232,364,1235.38
4079,"Osinski, Farrell and Kutch",2020-04-22,2021-04-22,Elite Plus,Europe,Marsha Aguilar,1234,365,1234.0
5368,"Kutch, Larson and Boone",2021-06-27,2022-06-26,Elite Plus,North America,Grant Cortez,1230,364,1233.38
1799,Schuster - Torp,2020-08-08,2021-08-07,Elite Plus,North America,Ramon Garcia,1230,364,1233.38
149,Terry - Dooley,2021-10-11,2022-10-10,Elite Plus,North America,Aloyna Gregory,1230,364,1233.38
8088,"Hauck, Cronin and Kunde",2019-11-22,2020-11-21,Classic,North America,Patty Ingram,1232,365,1232.0
263,Koch LLC,2020-01-27,2021-01-26,Elite Plus,North America,Alton Hunt,1232,365,1232.0
744,Sporer Group,2020-07-13,2021-07-12,Elite Plus,Europe,Christopher Little,1228,364,1231.37
1176,"Zamber, Gaverman and Hableton",2021-09-07,2022-02-23,Elite Plus,Europe,Lonnie May,570,169,1231.07
2894,"Bernier, Metz and Fay",2021-02-18,2022-02-17,Elite Plus,North America,Grant Cortez,1227,364,1230.37
5321,"Erdman, Schaden and Bechel",2020-08-26,2021-08-25,Elite Plus,Europe,Celia Clayton,1227,364,1230.37
2114,Bundel and Sons,2021-12-01,2022-11-30,Elite Plus,Europe,Alton Hunt,1226,364,1229.37
5770,Cassle - Mosciski,2021-05-30,2024-05-28,Elite Plus,North America,Christopher Little,3684,1094,1229.12
131,Benjamin Batterbond,2021-05-17,2021-06-16,Classic,North America,Ramon Garcia,101,30,1228.83
5346,Stantner - Doyle,2021-09-23,2021-10-23,Classic,Latin America,Micheal Williams,101,30,1228.83
2854,Gleichner - Lockman,2021-02-05,2022-02-04,Elite Plus,Latin America,Aloyna Gregory,1225,364,1228.37
7574,Reynolds Inc,2018-06-13,2019-06-12,Classic,North America,Judy Jacobs,1225,364,1228.37
4987,Sawayn - Jaskolski,2021-06-30,2022-08-18,Elite Plus,Europe,Celia Clayton,1393,414,1228.13
3325,Feil - Dickens,2020-09-13,2021-09-12,Classic,Asia,Christopher Little,1224,364,1227.36
8103,Beier-Stehr,2019-12-10,2020-12-09,Classic,Europe,Patty Ingram,1227,365,1227.0
4458,Ullrich - Lebsack,2020-05-10,2021-05-09,Elite Plus,North America,Judy Jacobs,1223,364,1226.36
2800,Medhurst Inc,2020-03-09,2021-03-10,Classic,North America,Marsha Aguilar,1229,366,1225.64
6807,"Moen, Wuckert and Dicki",2019-02-26,2020-02-26,Classic,North America,Grant Cortez,1225,365,1225.0
1400,Cronin - Lehner,2022-02-20,2023-02-19,Elite Plus,North America,Karl Long,1220,364,1223.35
172,Frami Group,2021-01-10,2022-01-09,Elite Plus,North America,John Sacker,1220,364,1223.35
5028,Butler LLC,2021-07-26,2021-08-24,Classic,North America,Celia Clayton,97,29,1220.86
4033,"Gerlach, Crist and Mueller",2021-09-19,2021-10-18,Classic,Latin America,Dana Henderson,97,29,1220.86
4534,Leffler - Gleason,2021-05-18,2022-05-17,Elite Plus,Europe,Dana Henderson,1217,364,1220.34
4460,Ullrich - Lebsack,2020-05-16,2021-05-15,Elite Plus,North America,Judy Jacobs,1217,364,1220.34
3435,Larkin - Russel,2021-08-18,2022-08-18,Classic,Latin America,Sonja Griffin,1220,365,1220.0
4242,Weissnat and Sons,2020-02-11,2021-02-10,Classic,North America,Aloyna Gregory,1219,365,1219.0
4105,Hartmann - Bergstrom,2021-06-18,2021-07-18,Classic,Europe,Sonja Griffin,100,30,1216.67
4237,Waugh LLC,2021-07-28,2021-09-26,Elite Plus,Asia,Lonnie May,200,60,1216.67
2780,Jaskolski Group,2019-11-30,2020-11-29,Classic,North America,Walter Sacha,1216,365,1216.0
4497,Zemlak Group,2021-06-06,2022-06-05,Elite Plus,North America,Celia Clayton,1211,364,1214.33
5465,Jacobi - Bogisich,2022-03-05,2023-03-04,Elite Plus,North America,Frankie Fletcher,1210,364,1213.32
978,"Lubowitz, Franecki and Schuster",2021-12-26,2022-06-24,Elite Plus,Latin America,John Sacker,598,180,1212.61
5317,"Erdman, Schaden and Bechel",2020-06-14,2021-06-13,Elite Plus,Europe,Celia Clayton,1209,364,1212.32
6238,Gutkowski - Hessel,2021-05-28,2022-05-27,Classic,Latin America,Tomas Glover,1209,364,1212.32
7283,"Runolfsson, Shanahan and Gammendor",2019-03-20,2020-03-19,Elite Plus,North America,Patty Ingram,1212,365,1212.0
1227,"Pagac, Rowe and McClure",2021-08-18,2022-08-17,Classic,Latin America,Sonja Griffin,1208,364,1211.32
3549,"Bode, Agarwal and Deckow",2020-11-24,2021-11-23,Elite Plus,Europe,Celia Clayton,1207,364,1210.32
1226,"Pagac, Rowe and McClure",2020-05-28,2021-05-27,Classic,Latin America,Sonja Griffin,1207,364,1210.32
6899,Herman Group,2019-05-14,2020-05-13,Elite Plus,Europe,Dana Henderson,1210,365,1210.0
3262,Reynolds - Goodwin,2020-06-07,2021-06-06,Elite Plus,North America,Cecelia Burgess,1206,364,1209.31
1423,"West, Toy and Cummings",2020-02-27,2021-02-25,Elite Plus,North America,Grant Cortez,1206,364,1209.31
40,Okuneva - Zamber,2021-03-14,2022-03-13,Classic,Latin America,Christopher Little,1205,364,1208.31
640,"Goodwin, O'Reilly and Buckridge",2020-04-13,2021-04-13,Elite Plus,North America,Judy Jacobs,1208,365,1208.0
358,Labadie and Sons,2019-09-16,2020-09-15,Elite Plus,North America,Marshall Lawson,1208,365,1208.0
6756,Erdman - MacGyver,2021-01-17,2022-09-26,Elite Plus,North America,Celia Clayton,2041,617,1207.4
2318,Rowe LLC,2021-06-28,2023-06-27,Classic,Latin America,Christopher Little,2410,729,1206.65
5273,Schmeler - Ankunding,2021-06-10,2023-08-25,Elite Plus,North America,John Sacker,2663,806,1205.95
38,"Kessler, Steuber and Abbott",2021-08-14,2022-08-13,Classic,North America,Grant Cortez,1202,364,1205.3
3627,"Macejkovic, Bosco and Buckridge",2019-12-25,2020-12-24,Elite Plus,North America,Tomas Glover,1205,365,1205.0
1763,Hane - Oberbrunner,2019-12-08,2020-12-07,Elite Plus,Asia,Judy Jacobs,1204,365,1204.0
7438,Harvey PLC,2018-03-08,2019-03-07,Classic,North America,Christopher Little,1200,364,1203.3
6660,Lindgren and Sons,2020-09-09,2021-09-08,Elite Plus,North America,Walter Sacha,1199,364,1202.29
1570,Bins LLC,2019-09-12,2020-09-11,Elite Plus,Europe,Judy Jacobs,1202,365,1202.0
7705,Gerhold-Armstrong,2018-12-24,2019-12-23,Classic,Europe,Micheal Williams,1197,364,1200.29
1520,"Ullrich, Frost and Purdy",2020-11-26,2021-11-25,Elite Plus,Latin America,Tomas Glover,1197,364,1200.29
6264,Bechel Inc,2023-06-10,2024-06-09,Elite Plus,Europe,Walter Sacha,1200,365,1200.0
3772,Lockman and Sons,2021-03-03,2024-03-01,Elite Plus,North America,Lonnie May,3592,1094,1198.43
2070,Gleason and Sons,2020-11-12,2021-11-11,Elite Plus,North America,John Sacker,1195,364,1198.28
5666,Raynor - Gusikowski,2021-04-01,2022-03-31,Elite Plus,North America,Christopher Little,1195,364,1198.28
804,Schimmel LLC,2020-04-21,2021-04-20,Elite Plus,North America,Ramon Garcia,1195,364,1198.28
1505,Legros and Sons,2020-03-15,2021-03-15,Classic,Latin America,Lonnie May,1198,365,1198.0
2510,"Leffler, Lesch and Halvorson",2021-03-21,2022-12-13,Elite Plus,North America,Ross Hines,2071,632,1196.07
6896,Glover and Sons,2019-06-18,2020-06-17,Classic,North America,Cecelia Burgess,1196,365,1196.0
5061,Collier - Skiles,2021-09-15,2022-09-14,Elite Plus,Europe,Sonja Griffin,1191,364,1194.27
1629,Kuhic - Dooley,2021-03-29,2024-03-27,Elite Plus,North America,John Sacker,3577,1094,1193.42
7572,Konopelski Ltd,2018-07-16,2019-07-15,Classic,Europe,Lonnie May,1190,364,1193.27
244,Nader LLC,2021-02-12,2022-02-11,Elite Plus,Europe,Marshall Lawson,1190,364,1193.27
7885,"Effertz, Lind and Auer",2018-08-20,2019-08-19,Classic,North America,Micheal Williams,1189,364,1192.27
2855,Gleichner - Lockman,2021-10-28,2022-10-27,Elite Plus,Latin America,Aloyna Gregory,1189,364,1192.27
2526,Rosemont Inc,2021-02-24,2022-02-23,Elite Plus,Europe,Sonja Griffin,1188,364,1191.26
2151,Luettgen LLC,2021-04-12,2022-02-23,Elite Plus,North America,Frankie Fletcher,1034,317,1190.57
6102,Stoltenberg - Kassulke,2021-06-21,2023-06-20,Elite Plus,North America,Karl Long,2377,729,1190.13
7533,"Parker, Ledner and Kassulke",2019-02-14,2020-02-13,Classic,Europe,Cecelia Burgess,1186,364,1189.26
5271,Schmeler - Ankunding,2022-06-23,2023-06-22,Elite Plus,North America,John Sacker,1186,364,1189.26
6655,Morissette - Towne,2021-12-21,2022-12-20,Classic,Europe,Angelo Payne,1185,364,1188.26
4462,Ullrich - Lebsack,2021-08-26,2022-08-25,Elite Plus,North America,Judy Jacobs,1184,364,1187.25
2289,Weissnat - Dicki,2021-08-15,2024-08-14,Elite Plus,Europe,Phil Baker,3557,1095,1185.67
1858,Grant LLC,2021-08-21,2022-08-20,Elite Plus,North America,Karl Long,1182,364,1185.25
2092,Hudson - Romaguera,2021-06-30,2022-06-29,Elite Plus,Europe,Celia Clayton,1181,364,1184.24
5154,"Leffler, Kertzmann and Heathcote",2020-10-28,2021-10-27,Classic,North America,Grant Cortez,1179,364,1182.24
3320,Halvorson and Sons,2021-01-02,2021-04-01,Elite Plus,Europe,Marshall Lawson,288,89,1181.12
1896,"Quigley, Kub and Ponting",2020-09-06,2021-09-05,Elite Plus,North America,Alton Hunt,1177,364,1180.23
3773,Stracke - Cassin,2020-08-01,2021-07-31,Elite Plus,North America,Lonnie May,1177,364,1180.23
6078,Hudson Group,2021-05-16,2021-06-15,Classic,Europe,Patty Ingram,97,30,1180.17
1440,"Schneider, Champlin and O'Connell",2020-02-20,2021-02-19,Elite Plus,North America,Micheal Williams,1177,365,1177.0
5227,Ferry Inc,2021-05-14,2024-05-13,Classic,Europe,Karl Long,3527,1095,1175.67
4092,Corkery - Powlowski,2021-12-17,2023-12-16,Elite Plus,Asia,Aloyna Gregory,2348,729,1175.61
1382,Zieme Group,2021-08-30,2022-12-14,Elite Plus,North America,Alton Hunt,1517,471,1175.59
4271,Hamill - Kuphal,2021-08-06,2022-08-05,Elite Plus,Europe,Tomas Glover,1172,364,1175.22
462,Thiel - Butler,2021-05-17,2022-05-16,Elite Plus,Europe,Dana Henderson,1172,364,1175.22
3391,Rippin Inc,2021-04-07,2021-09-09,Elite Plus,North America,Tomas Glover,499,155,1175.06
5796,"Hilll, Friesen and O'Connell",2020-05-10,2021-05-09,Elite Plus,North America,Marsha Aguilar,1171,364,1174.22
7509,Hudson Group,2018-12-23,2019-12-22,Classic,North America,Patty Ingram,1171,364,1174.22
589,Harvey Inc,2021-07-21,2022-07-20,Classic,Europe,Grant Cortez,1170,364,1173.21
4461,Ullrich - Lebsack,2021-06-17,2022-06-16,Elite Plus,North America,Judy Jacobs,1170,364,1173.21
4501,Zemlak Group,2020-05-20,2020-12-19,Elite Plus,North America,Celia Clayton,684,213,1172.11
1865,"Kassulke, Fritsch and Lebsack",2021-10-14,2024-10-13,Elite Plus,North America,Jerald James,3514,1095,1171.33
1922,Gupta - Hessel,2021-12-08,2022-12-07,Classic,Europe,Angelo Payne,1168,364,1171.21
5108,Rogahn LLC,2020-09-13,2021-09-12,Classic,Europe,Christopher Little,1168,364,1171.21
5100,Hettinger - Reilly,2021-08-28,2021-09-26,Classic,Latin America,Cecelia Burgess,93,29,1170.52
3618,Schimmel - Weber,2021-09-12,2021-10-11,Classic,Latin America,Tomas Glover,93,29,1170.52
4364,Belfact LLC,2021-07-23,2022-07-22,Elite Plus,North America,John Sacker,1167,364,1170.21
443,Graham and Sons,2021-01-29,2022-01-28,Classic,Latin America,Angelo Payne,1166,364,1169.2
4587,Renner - Schiller,2022-06-25,2023-06-24,Elite Plus,North America,Judy Jacobs,1166,364,1169.2
7329,"Hansen, Frami and Ritchie",2019-07-21,2020-07-20,Classic,North America,Marshall Lawson,1169,365,1169.0
2926,"Bartell, Cremin and Kuvalis",2021-08-26,2021-09-25,Classic,Latin America,Marsha Aguilar,96,30,1168.0
3131,Frost - Rumsfeld,2021-06-04,2021-07-04,Classic,North America,Frankie Fletcher,96,30,1168.0
3400,Ziemann - Weber,2021-06-01,2021-07-01,Classic,Europe,Christopher Little,96,30,1168.0
6949,Kohler Inc,2018-06-13,2019-06-12,Classic,Europe,Phil Baker,1164,364,1167.2
520,"O'Conner, Klocko and Davis",2020-11-02,2021-11-01,Elite Plus,North America,Christopher Little,1163,364,1166.2
5433,Schmitt - Zieme,2020-09-29,2021-09-28,Elite Plus,Asia,Walter Sacha,1162,364,1165.19
972,"Lubowitz, Franecki and Schuster",2021-04-05,2021-10-05,Elite Plus,Latin America,John Sacker,584,183,1164.81
535,"Glover, Hirthe and Dare",2021-03-22,2022-03-21,Classic,Latin America,Karl Long,1161,364,1164.19
5213,Balistreri - Ondricka,2020-01-27,2021-01-25,Elite Plus,Latin America,Judy Jacobs,1160,364,1163.19
5138,"Leffler, Kertzmann and Heathcote",2021-11-22,2022-11-21,Classic,North America,Grant Cortez,1160,364,1163.19
2538,Rutherford Group,2020-07-05,2021-07-04,Classic,Europe,Celia Clayton,1160,364,1163.19
469,Johnson - Kulas,2020-09-29,2021-09-28,Classic,Europe,Marshall Lawson,1159,364,1162.18
5087,Kuhlman - Schumm,2021-09-12,2022-09-12,Classic,Asia,Ross Hines,1162,365,1162.0
632,"Goodwin, O'Reilly and Buckridge",2019-12-03,2020-12-02,Elite Plus,North America,Judy Jacobs,1161,365,1161.0
4407,"Koss, Jaskolski and O'Connell",2019-11-27,2020-01-27,Classic,North America,Karl Long,194,61,1160.82
6341,Flatley - Tanner,2021-04-13,2022-04-12,Elite Plus,North America,Sonja Griffin,1157,364,1160.18
4234,"Cerner, Farrell and White",2023-05-14,2024-05-13,Elite Plus,Latin America,Walter Sacha,1159,365,1159.0
7998,Fahey-Ponting,2019-10-18,2020-10-17,Classic,Europe,Grant Cortez,1159,365,1159.0
6208,"Dietrich, Larson and Murazik",2021-04-08,2022-09-04,Elite Plus,Europe,Christopher Little,1631,514,1158.2
716,Rogahn - Albertson,2022-07-17,2023-07-16,Elite Plus,Asia,Alice Cole,1155,364,1158.17
5279,Hills LLC,2020-02-13,2021-02-11,Elite Plus,Europe,Angelo Payne,1153,364,1156.17
556,Harvey and Sons,2021-10-23,2023-01-14,Elite Plus,Asia,Walter Sacha,1419,448,1156.1
2662,"D'Amore, Bechel and Bechel",2020-10-07,2021-10-06,Classic,North America,Patty Ingram,1152,364,1155.16
2537,Rutherford Group,2020-07-17,2021-07-16,Classic,Europe,Celia Clayton,1152,364,1155.16
5139,"Leffler, Kertzmann and Heathcote",2019-10-27,2020-10-26,Classic,North America,Grant Cortez,1154,365,1154.0
3966,"Gaylord, Fay and Frost",2021-11-23,2022-06-17,Elite Plus,Asia,Phil Baker,651,206,1153.47
7622,Cole-Towne,2018-03-21,2019-03-20,Classic,North America,Marshall Lawson,1150,364,1153.16
1480,"Cummings, Pollich and Hoppe",2020-01-16,2021-01-14,Elite Plus,North America,Ross Hines,1150,364,1153.16
7321,Donnelly Group,2019-01-24,2020-01-23,Classic,Europe,Ross Hines,1150,364,1153.16
5635,"Stiedemann, Labadie and Prosacco",2021-11-27,2022-11-26,Elite Plus,North America,Ramon Garcia,1149,364,1152.16
4729,"Lebsack, Wunsch and Ziemann",2020-11-28,2021-11-27,Classic,Europe,Patty Ingram,1148,364,1151.15
2907,Sanford LLC,2020-05-04,2021-05-05,Elite Plus,North America,Alice Cole,1154,366,1150.85
717,Rogahn - Albertson,2021-10-20,2023-08-02,Elite Plus,Asia,Alice Cole,2051,651,1149.95
7346,Frost and Sons,2019-06-21,2020-05-27,Elite Plus,North America,Marshall Lawson,1074,341,1149.59
3040,Tanner Inc,2021-02-17,2022-02-16,Elite Plus,North America,Karl Long,1145,364,1148.15
1170,"Zamber, Gaverman and Hableton",2021-03-07,2024-03-05,Elite Plus,Europe,Lonnie May,3439,1094,1147.38
5803,"Hilll, Friesen and O'Connell",2021-06-27,2022-06-26,Elite Plus,North America,Marsha Aguilar,1143,364,1146.14
1550,Koss Inc,2020-12-12,2021-12-11,Classic,North America,Christopher Little,1143,364,1146.14
5880,"Wolff, Kihn and Hagenes",2020-10-25,2021-10-24,Elite Plus,Europe,Lonnie May,1141,364,1144.13
1182,"Zamber, Gaverman and Hableton",2023-02-06,2024-02-05,Elite Plus,Europe,Lonnie May,1141,364,1144.13
846,Bechtelar - Connelly,2021-08-26,2021-09-25,Classic,North America,Sonja Griffin,94,30,1143.67
4014,"Bode, Bartoletti and Schultz",2020-11-07,2021-02-06,Elite Plus,North America,John Sacker,285,91,1143.13
2440,"Tromp, Gillespie and Pimpernel",2021-06-05,2022-06-04,Elite Plus,North America,Judy Jacobs,1140,364,1143.13
553,Harvey and Sons,2021-05-10,2022-11-30,Elite Plus,Asia,Walter Sacha,1781,569,1142.47
4944,Lesch - Johnston,2021-10-07,2022-10-06,Elite Plus,North America,Tomas Glover,1137,364,1140.12
4205,King LLC,2020-12-23,2021-02-11,Elite Plus,Asia,Walter Sacha,156,50,1138.8
5283,Hills LLC,2022-05-25,2023-05-24,Elite Plus,Europe,Angelo Payne,1135,364,1138.12
5459,Jacobi - Bogisich,2021-05-28,2022-05-27,Elite Plus,North America,Frankie Fletcher,1133,364,1136.11
5476,Kertzmann - Langworth,2021-06-18,2022-06-17,Elite Plus,North America,Marshall Lawson,1133,364,1136.11
6771,"Lueilwitz, Yost and McDermott",2019-03-20,2020-03-19,Classic,North America,Walter Sacha,1136,365,1136.0
3328,Koch Inc,2020-10-26,2022-10-25,Elite Plus,Europe,Micheal Williams,2268,729,1135.56
91,Gutkowski and Sons,2021-01-21,2022-01-20,Elite Plus,Europe,Ross Hines,1132,364,1135.11
3052,Marks LLC,2020-08-30,2021-08-29,Elite Plus,Asia,Lonnie May,1131,364,1134.11
2338,Graham and Sons,2020-12-26,2021-12-25,Classic,North America,Angelo Payne,1130,364,1133.1
6480,Greenholt LLC,2020-09-24,2023-09-23,Elite Plus,Europe,Alton Hunt,3395,1094,1132.7
4126,Bundel - Hagenes,2021-09-28,2026-09-27,Elite Plus,Asia,Dana Henderson,5662,1825,1132.4
659,"Goodwin, O'Reilly and Buckridge",2020-10-30,2021-10-29,Elite Plus,North America,Judy Jacobs,1128,364,1131.1
6563,"Ritchie, Langworth and Daniel",2020-04-07,2021-04-06,Classic,Latin America,Grant Cortez,1127,364,1130.1
8102,Murphy Group,2019-11-17,2020-11-16,Elite Plus,North America,Marshall Lawson,1129,365,1129.0
2351,"Emmerich, Block and Huel",2021-04-16,2022-04-15,Elite Plus,Latin America,Ramon Garcia,1124,364,1127.09
1674,Funk LLC,2021-07-25,2022-07-24,Classic,North America,Tomas Glover,1123,364,1126.09
5997,Stehr and Sons,2021-08-01,2022-07-31,Elite Plus,North America,Phil Baker,1123,364,1126.09
808,Schimmel LLC,2022-12-25,2023-09-23,Elite Plus,North America,Ramon Garcia,838,272,1124.52
3044,Tanner Inc,2023-04-11,2024-04-10,Elite Plus,North America,Karl Long,1124,365,1124.0
7153,Larson Inc,2018-08-14,2019-08-13,Classic,North America,Tomas Glover,1120,364,1123.08
4928,Kirlin - Simonis,2021-06-09,2022-06-08,Elite Plus,North America,Frankie Fletcher,1119,364,1122.07
2313,Lynch LLC,2021-02-10,2024-02-10,Classic,Latin America,Aloyna Gregory,3361,1095,1120.33
518,Upton - Johnston,2021-06-22,2021-07-21,Classic,North America,Alton Hunt,89,29,1120.17
6847,Connelly PLC,2018-03-15,2019-03-14,Classic,North America,Micheal Williams,1117,364,1120.07
3840,Kerluke - Friesen,2020-11-20,2021-11-19,Elite Plus,North America,Christopher Little,1117,364,1120.07
12,Towne - Kub,2020-09-29,2021-09-28,Classic,Europe,Alton Hunt,1117,364,1120.07
6344,"Spinka, McClure and Reilly",2019-09-27,2020-09-26,Elite Plus,North America,Judy Jacobs,1120,365,1120.0
1430,"West, Toy and Cummings",2021-09-06,2022-09-05,Elite Plus,North America,Grant Cortez,1116,364,1119.07
830,Schimmel LLC,2022-05-02,2023-05-01,Elite Plus,North America,Ramon Garcia,1115,364,1118.06
7423,Heller and Sons,2018-01-23,2019-01-22,Elite Plus,North America,Patty Ingram,1114,364,1117.06
214,"Ernser, D'Amore and Gulgowski",2022-06-28,2023-06-27,Elite Plus,Europe,Marsha Aguilar,1113,364,1116.06
3799,"Hilll, Kiehn and Douglas",2020-08-12,2021-08-11,Elite Plus,Latin America,Karl Long,1113,364,1116.06
2112,Bundel and Sons,2021-12-06,2022-03-07,Elite Plus,Europe,Alton Hunt,278,91,1115.05
2558,Murray - Dicki,2021-10-16,2022-10-15,Elite Plus,North America,Christopher Little,1111,364,1114.05
7490,Schulist Inc,2018-06-23,2019-01-23,Classic,North America,Patty Ingram,653,214,1113.76
5246,"Kessler, Kautzer and Bednar",2021-05-24,2022-05-23,Elite Plus,Asia,Lonnie May,1110,364,1113.05
5117,"Thiel, Klocko and Hilpert",2020-06-03,2021-06-02,Elite Plus,Europe,Grant Cortez,1108,364,1111.04
7498,Fadel Group,2018-03-22,2019-03-21,Elite Plus,North America,Ross Hines,1106,364,1109.04
5957,Schuster and Sons,2022-12-10,2023-12-09,Elite Plus,North America,John Sacker,1106,364,1109.04
5464,Jacobi - Bogisich,2022-08-09,2023-08-08,Elite Plus,North America,Frankie Fletcher,1105,364,1108.04
4141,Reichert - Hirthe,2020-02-04,2021-02-03,Elite Plus,North America,Alice Cole,1108,365,1108.0
4137,Reichert - Hirthe,2020-01-23,2021-01-22,Elite Plus,North America,Alice Cole,1108,365,1108.0
3220,Vandervort - Upton,2020-03-25,2021-03-25,Elite Plus,North America,John Sacker,1108,365,1108.0
3470,Runte LLC,2021-05-17,2021-06-15,Classic,North America,Sonja Griffin,88,29,1107.59
3617,Schimmel - Weber,2021-09-01,2021-09-30,Classic,Latin America,Tomas Glover,88,29,1107.59
1249,Waelchi Inc,2021-04-15,2021-05-15,Classic,Europe,Tomas Glover,91,30,1107.17
8214,Mayer Inc,2018-03-21,2019-03-20,Classic,Europe,Marshall Lawson,1104,364,1107.03
6258,Bechel Inc,2022-04-17,2023-04-16,Elite Plus,Europe,Walter Sacha,1103,364,1106.03
3824,Davis - Frami,2021-04-04,2022-04-03,Elite Plus,Europe,Dana Henderson,1103,364,1106.03
5548,Oberbrunner Inc,2021-08-22,2024-04-13,Elite Plus,North America,Karl Long,2923,965,1105.59
8247,Parisian Inc,2019-02-12,2020-02-11,Classic,Europe,Judy Jacobs,1102,364,1105.03
2206,"Purdy, Howe and Cassin",2021-05-06,2022-05-05,Elite Plus,Europe,Marshall Lawson,1102,364,1105.03
7125,Dicki PLC,2018-11-07,2019-11-06,Elite Plus,Europe,Patty Ingram,1101,364,1104.02
4774,Tanner Inc,2021-06-26,2022-06-26,Classic,Asia,Karl Long,1102,365,1102.0
2467,"Hintz, McDermott and Walsh",2021-09-13,2022-09-12,Elite Plus,Europe,Phil Baker,1098,364,1101.02
4565,"Butler, Veum and Pouros",2021-07-04,2022-07-03,Elite Plus,North America,Karl Long,1097,364,1100.01
3874,Douglas - Schaden,2021-05-08,2022-04-09,Elite Plus,North America,Cecelia Burgess,1012,336,1099.35
877,Fay Group,2020-12-28,2021-12-27,Classic,Latin America,John Sacker,1095,364,1098.01
7710,Bahringer-Ankunding,2018-11-22,2019-11-21,Classic,North America,Alice Cole,1093,364,1096.0
6361,"Torp, Bosco and Agarwal",2020-12-22,2021-12-21,Elite Plus,North America,Christopher Little,1093,364,1096.0
6194,"Dietrich, Larson and Murazik",2022-03-03,2023-03-03,Elite Plus,Europe,Christopher Little,1096,365,1096.0
5184,Herzog LLC,2021-11-23,2022-11-22,Elite Plus,Europe,Phil Baker,1092,364,1095.0
435,King and Sons,2021-08-11,2021-09-09,Classic,Latin America,Judy Jacobs,87,29,1095.0
4872,Mitchell - Boyer,2021-10-10,2022-10-09,Elite Plus,Europe,Grant Cortez,1092,364,1095.0
1590,Renner - Kozey,2020-04-14,2021-04-14,Elite Plus,North America,Dana Henderson,1094,365,1094.0
3054,Marks LLC,2020-10-18,2021-10-17,Elite Plus,Asia,Lonnie May,1091,364,1094.0
3009,Gammendor - Frost,2020-09-27,2021-09-26,Elite Plus,Europe,Frankie Fletcher,1090,364,1092.99
2038,Ondricka - Sipes,2021-01-20,2022-01-19,Elite Plus,North America,Grant Cortez,1090,364,1092.99
3374,"Purdy, Torphy and Klein",2021-04-13,2022-04-12,Elite Plus,North America,Karl Long,1090,364,1092.99
5800,"Hilll, Friesen and O'Connell",2021-07-25,2022-07-24,Elite Plus,North America,Marsha Aguilar,1089,364,1091.99
5617,Funk LLC,2021-04-29,2022-04-28,Elite Plus,Europe,Tomas Glover,1088,364,1090.99
7453,Huels-Parker,2018-06-13,2019-06-12,Classic,North America,Marshall Lawson,1088,364,1090.99
1393,Connelly - Cerner,2021-02-28,2022-02-27,Classic,Latin America,Dana Henderson,1084,364,1086.98
7733,Larson Inc,2019-01-06,2020-01-05,Elite Plus,North America,Tomas Glover,1084,364,1086.98
6588,Ondricka - Casper,2020-07-21,2021-07-20,Elite Plus,North America,Sonja Griffin,1081,364,1083.97
2871,Bruen - Schinner,2021-07-03,2021-08-02,Classic,North America,Ramon Garcia,89,30,1082.83
5892,"Gleichner, Nikolaus and Raynor",2021-03-30,2021-04-29,Classic,North America,Frankie Fletcher,89,30,1082.83
3605,Schimmel - Weber,2021-07-30,2021-08-29,Classic,Latin America,Tomas Glover,89,30,1082.83
4308,Bundel - Reichert,2021-05-06,2021-06-04,Classic,Asia,Christopher Little,86,29,1082.41
5020,Butler LLC,2021-08-24,2021-09-22,Classic,North America,Celia Clayton,86,29,1082.41
7017,Smitham PLC,2019-08-27,2020-08-26,Elite Plus,Asia,Dana Henderson,1082,365,1082.0
4278,"Nader, Gulgowski and Kshlerin",2020-03-11,2021-03-11,Classic,Latin America,Patty Ingram,1078,365,1078.0
7100,Avelona Group,2019-03-11,2020-03-10,Classic,Europe,Ross Hines,1077,365,1077.0
3950,"Graham, Rempel and Boyer",2020-10-08,2021-10-07,Elite Plus,North America,Walter Sacha,1074,364,1076.95
7047,Grant-Lemke,2018-08-20,2019-08-19,Elite Plus,Latin America,Angelo Payne,1074,364,1076.95
4226,Boone Inc,2021-08-17,2022-08-16,Elite Plus,Asia,Marshall Lawson,1073,364,1075.95
2397,"Tromp, Gillespie and Pimpernel",2021-05-26,2021-10-01,Elite Plus,North America,Judy Jacobs,377,128,1075.04
1255,Koss Inc,2020-10-25,2021-10-24,Classic,Latin America,Christopher Little,1072,364,1074.95
5822,"Hilll, Friesen and O'Connell",2020-12-06,2021-12-05,Elite Plus,North America,Marsha Aguilar,1071,364,1073.94
2381,"Hilll, Kohler and Brown",2021-02-12,2022-02-11,Elite Plus,Europe,Patty Ingram,1071,364,1073.94
7452,Rau Ltd,2018-03-21,2019-03-20,Classic,North America,Grant Cortez,1071,364,1073.94
6744,"Pfeffer, Stamm and Lindgren",2023-04-30,2024-04-29,Elite Plus,Europe,Lonnie May,1073,365,1073.0
6086,Quitzon LLC,2021-03-18,2022-03-17,Elite Plus,North America,Walter Sacha,1070,364,1072.94
1564,"Grimes, Kshlerin and Connelly",2021-03-01,2024-02-28,Elite Plus,Europe,Cecelia Burgess,3210,1094,1070.98
3382,Dicki - Buckridge,2021-05-10,2023-05-09,Elite Plus,Asia,Aloyna Gregory,2139,729,1070.97
501,"Witting, Rogahn and Jerde",2021-08-27,2021-09-26,Classic,Europe,Christopher Little,88,30,1070.67
6901,"Runolfsson, Stark and Larkin",2019-06-07,2020-06-06,Classic,North America,Walter Sacha,1070,365,1070.0
4958,Dare Inc,2021-02-19,2022-02-18,Classic,Asia,Micheal Williams,1067,364,1069.93
3430,"Lebsack, Dicki and Bosco",2020-05-06,2021-05-05,Elite Plus,Latin America,Frankie Fletcher,1067,364,1069.93
6456,Frost Group,2021-05-21,2021-06-19,Classic,North America,Angelo Payne,85,29,1069.83
6790,"Braun, Nader and Hoeger",2018-03-20,2019-03-19,Classic,Europe,Grant Cortez,1066,364,1068.93
4439,Breitenberg Group,2020-04-17,2021-04-16,Classic,Latin America,Aloyna Gregory,1064,364,1066.92
929,Johns - Grant,2021-07-03,2024-07-02,Elite Plus,North America,Alice Cole,3200,1095,1066.67
339,Pouros - Ward,2021-04-24,2022-04-23,Elite Plus,North America,Karl Long,1063,364,1065.92
1827,Schuster - Torp,2021-03-08,2024-03-07,Elite Plus,North America,Ramon Garcia,3195,1095,1065.0
5594,"Keeling, Jakubowski and Crist",2024-03-16,2025-03-16,Elite Plus,North America,Aloyna Gregory,1064,365,1064.0
1364,Kozey and Sons,2021-01-27,2022-01-26,Elite Plus,Europe,Frankie Fletcher,1060,364,1062.91
5477,Kertzmann - Langworth,2021-07-05,2022-07-04,Elite Plus,North America,Marshall Lawson,1059,364,1061.91
729,Morissette Group,2020-08-16,2021-08-15,Elite Plus,Asia,Ross Hines,1059,364,1061.91
2229,D'Amore Group,2019-10-15,2020-10-15,Classic,North America,Karl Long,1064,366,1061.09
5978,Stehr and Sons,2020-04-30,2021-04-29,Elite Plus,North America,Phil Baker,1058,364,1060.91
372,Gislason Group,2020-07-15,2021-07-14,Classic,North America,Christopher Little,1057,364,1059.9
7973,"Stanton, Homenick and Donnelly",2019-09-17,2020-09-16,Classic,North America,Cecelia Burgess,1059,365,1059.0
2257,Beier Inc,2021-07-12,2022-07-11,Elite Plus,Europe,Walter Sacha,1056,364,1058.9
5022,Butler LLC,2021-08-18,2021-09-17,Classic,North America,Celia Clayton,87,30,1058.5
5699,Farrell and Sons,2021-04-20,2022-08-19,Elite Plus,North America,Marsha Aguilar,1409,486,1058.2
5756,"Waugh, Herzog and Tremblay",2021-08-16,2022-08-15,Elite Plus,Europe,Marsha Aguilar,1055,364,1057.9
3416,Waelchi - Botsford,2021-06-02,2021-07-01,Classic,Latin America,Walter Sacha,84,29,1057.24
1254,Waelchi Inc,2021-08-11,2021-09-09,Classic,Europe,Tomas Glover,84,29,1057.24
4202,Turcotte - Kling,2020-05-23,2021-11-21,Classic,North America,Christopher Little,1584,547,1056.97
4838,Murphy LLC,2020-10-03,2021-10-02,Classic,Europe,Marsha Aguilar,1054,364,1056.9
2039,Ondricka - Sipes,2021-10-16,2022-10-15,Elite Plus,North America,Grant Cortez,1054,364,1056.9
5491,Keeling - Jacobson,2020-11-29,2021-11-28,Classic,Latin America,Frankie Fletcher,1052,364,1054.89
7314,"Purdy, Schneider and Quitzon",2018-10-25,2019-10-24,Classic,North America,Alton Hunt,1052,364,1054.89
5989,Stehr and Sons,2021-01-27,2021-04-28,Elite Plus,North America,Phil Baker,263,91,1054.89
8086,"Hauck, Nolan and Rath",2019-10-28,2020-10-27,Classic,North America,Christopher Little,1054,365,1054.0
2988,Schaden Group,2020-12-27,2024-08-26,Elite Plus,Europe,Alice Cole,3863,1338,1053.81
2697,"Kilback, Lockman and Okuneva",2021-03-08,2022-03-07,Classic,Europe,Tomas Glover,1050,364,1052.88
4570,Heidenreich - Bogan,2020-08-28,2021-08-27,Elite Plus,Europe,Aloyna Gregory,1048,364,1050.88
6722,Strosin - Bins,2021-05-21,2025-10-20,Elite Plus,North America,Marsha Aguilar,4642,1613,1050.42
4739,Jaskolski - Auer,2020-08-15,2021-08-14,Elite Plus,Europe,Aloyna Gregory,1047,364,1049.88
6407,"Quigley, Veum and Reilly",2020-08-29,2021-08-28,Elite Plus,North America,Angelo Payne,1047,364,1049.88
2672,SchoStantner Group,2020-07-12,2021-07-11,Classic,North America,Alice Cole,1047,364,1049.88
6699,Stantner - Parker,2021-04-11,2022-04-10,Classic,Latin America,Phil Baker,1047,364,1049.88
4213,King LLC,2021-06-03,2022-03-04,Elite Plus,Asia,Walter Sacha,788,274,1049.71
4592,Renner - Schiller,2022-05-31,2023-05-30,Elite Plus,North America,Judy Jacobs,1046,364,1048.87
6718,Strosin - Bins,2021-04-06,2025-09-05,Elite Plus,North America,Marsha Aguilar,4635,1613,1048.84
2770,Schneider - Marquardt,2021-10-18,2022-10-17,Classic,Latin America,Aloyna Gregory,1045,364,1047.87
2476,Beahan and Sons,2022-09-08,2023-09-07,Elite Plus,Europe,Dana Henderson,1044,364,1046.87
4303,Bundel - Reichert,2020-11-07,2020-12-07,Classic,Asia,Christopher Little,86,30,1046.33
7629,Bundel PLC,2018-11-23,2019-11-22,Classic,North America,Ross Hines,1043,364,1045.87
2492,Schmidt - McClure,2021-09-02,2021-10-01,Classic,Latin America,Phil Baker,83,29,1044.66
1737,Dietrich and Sons,2021-06-22,2024-06-21,Elite Plus,Europe,Angelo Payne,3133,1095,1044.33
8084,"McClure, Howe and Pfeffer",2019-10-24,2020-10-23,Elite Plus,Europe,Walter Sacha,1044,365,1044.0
1902,"Koepp, Schumm and Macejkovic",2020-07-16,2021-07-15,Elite Plus,Europe,Angelo Payne,1041,364,1043.86
4921,Kirlin - Simonis,2022-08-13,2023-08-12,Elite Plus,North America,Frankie Fletcher,1040,364,1042.86
8114,Mackerrel-Deckow,2019-10-24,2020-10-23,Classic,Europe,Christopher Little,1042,365,1042.0
6134,"Dietrich, Larson and Murazik",2019-12-10,2020-12-09,Elite Plus,Europe,Christopher Little,1041,365,1041.0
2113,Bundel and Sons,2021-10-29,2022-10-28,Elite Plus,Europe,Alton Hunt,1038,364,1040.85
1482,"Cummings, Pollich and Hoppe",2020-10-28,2021-10-27,Elite Plus,North America,Ross Hines,1038,364,1040.85
7736,Glover Group,2018-11-27,2019-11-26,Classic,Europe,Alice Cole,1037,364,1039.85
5124,"Reinger, Champlin and Streich",2020-04-27,2021-04-26,Elite Plus,North America,Marsha Aguilar,1036,364,1038.85
1886,"Shanahan, Hettinger and Butler",2020-10-02,2021-10-01,Elite Plus,Europe,Angelo Payne,1036,364,1038.85
6048,Rutherford and Sons,2021-08-14,2022-08-31,Elite Plus,Asia,Lonnie May,1087,382,1038.63
1898,"Quigley, Kub and Ponting",2021-06-28,2022-06-27,Elite Plus,North America,Alton Hunt,1035,364,1037.84
4971,Shields LLC,2021-05-30,2022-05-29,Classic,Europe,Celia Clayton,1035,364,1037.84
5003,Wehner and Sons,2020-01-03,2021-01-01,Elite Plus,North America,Lonnie May,1035,364,1037.84
2180,Collins - Rosenbaum,2020-11-19,2022-11-18,Elite Plus,Europe,Ramon Garcia,2072,729,1037.42
4692,Hackett LLC,2020-04-13,2021-04-12,Elite Plus,Asia,Frankie Fletcher,1034,364,1036.84
7215,Huels-Parker,2018-10-04,2019-10-03,Classic,North America,Marshall Lawson,1034,364,1036.84
1877,Baumbach and Sons,2020-12-05,2021-12-05,Classic,Latin America,Frankie Fletcher,1036,365,1036.0
7804,"Gusikowski, Mertz and Abbott",2019-02-26,2020-02-26,Classic,North America,Tomas Glover,1036,365,1036.0
7083,"Purdy, Schneider and Quitzon",2019-04-23,2019-10-24,Classic,North America,Alton Hunt,522,184,1035.49
4176,Smith - Rice,2019-12-21,2020-12-20,Elite Plus,Europe,Ross Hines,1035,365,1035.0
1635,Greenholt - Farrell,2021-07-14,2022-07-13,Elite Plus,Asia,Grant Cortez,1032,364,1034.84
383,"Murray, Borer and Conn",2021-05-22,2021-06-21,Classic,Latin America,Cecelia Burgess,85,30,1034.17
6805,Fadel Group,2019-03-22,2020-03-21,Classic,North America,Ross Hines,1033,365,1033.0
7677,"Lindgren, Torphy and Gislason",2018-03-19,2019-03-18,Classic,Europe,Grant Cortez,1030,364,1032.83
1539,Mann - Hane,2020-09-25,2021-09-24,Elite Plus,Asia,Dana Henderson,1030,364,1032.83
5710,Heaney - Dickinson,2020-04-29,2021-04-28,Elite Plus,North America,Judy Jacobs,1029,364,1031.83
5452,Jacobi - Bogisich,2020-06-11,2021-06-10,Elite Plus,North America,Frankie Fletcher,1029,364,1031.83
270,Koch LLC,2022-02-23,2023-02-22,Elite Plus,North America,Alton Hunt,1029,364,1031.83
7115,Campbelll-Donnelly,2019-07-23,2020-02-25,Elite Plus,North America,Patty Ingram,613,217,1031.08
622,Blanda - O'Hara,2021-07-24,2022-07-23,Elite Plus,Europe,Alice Cole,1027,364,1029.82
2354,Beahan LLC,2021-06-27,2024-06-26,Classic,Latin America,Celia Clayton,3089,1095,1029.67
6201,"Dietrich, Larson and Murazik",2020-07-31,2022-04-28,Elite Plus,Europe,Christopher Little,1793,636,1029.0
7469,Bahringer-Ankunding,2018-06-21,2019-06-20,Classic,North America,Alice Cole,1026,364,1028.82
1179,"Zamber, Gaverman and Hableton",2022-01-14,2023-01-13,Elite Plus,Europe,Lonnie May,1026,364,1028.82
3924,Hills and Sons,2021-07-25,2024-07-24,Elite Plus,Asia,Phil Baker,3086,1095,1028.67
1195,"Collins, Casper and Rogahn",2019-12-18,2020-12-17,Classic,North America,Karl Long,1028,365,1028.0
3846,Kerluke - Friesen,2020-11-08,2021-11-07,Elite Plus,North America,Christopher Little,1024,364,1026.81
5260,Schmeler - Ankunding,2020-06-20,2021-06-19,Elite Plus,North America,John Sacker,1023,364,1025.81
1094,Wuckert - Collier,2020-10-06,2021-10-05,Elite Plus,Europe,Angelo Payne,1023,364,1025.81
8033,Canten Inc,2019-08-11,2020-08-10,Classic,North America,Marsha Aguilar,1024,365,1024.0
6798,Schroeder-Leffler,2019-05-07,2020-05-06,Elite Plus,Latin America,Phil Baker,1024,365,1024.0
2914,Watsica - Price,2021-06-10,2022-06-10,Classic,North America,Jerald James,1023,365,1023.0
3236,Walsh - Dare,2020-07-28,2021-07-27,Elite Plus,North America,Celia Clayton,1020,364,1022.8
5044,"Reichert, Balistreri and Dicki",2021-09-25,2021-10-25,Classic,Latin America,Lonnie May,84,30,1022.0
1343,Runolfsson - Dare,2021-05-20,2024-05-19,Classic,Latin America,Karl Long,3066,1095,1022.0
568,Mann - Mauston,2021-08-18,2022-08-17,Classic,Latin America,Walter Sacha,1019,364,1021.8
466,Thiel - Butler,2023-02-17,2024-02-17,Elite Plus,Europe,Dana Henderson,1021,365,1021.0
3593,Bundel Inc,2021-05-30,2022-05-29,Classic,Europe,Grant Cortez,1018,364,1020.8
3572,Gottlieb - Huel,2020-02-07,2021-02-05,Elite Plus,Europe,Grant Cortez,1018,364,1020.8
6455,Frost Group,2021-03-24,2021-04-22,Classic,North America,Angelo Payne,81,29,1019.48
4162,Hills Inc,2021-06-08,2022-07-22,Elite Plus,Latin America,Aloyna Gregory,1142,409,1019.14
644,"Goodwin, O'Reilly and Buckridge",2020-03-03,2021-03-02,Elite Plus,North America,Judy Jacobs,1016,364,1018.79
2594,O'Kon - Trantow,2020-09-15,2021-06-29,Classic,Asia,Tomas Glover,801,287,1018.69
4125,Bundel - Hagenes,2021-05-15,2026-05-14,Elite Plus,Asia,Dana Henderson,5089,1825,1017.8
5412,"Cronin, Canten and Langosh",2022-04-04,2023-04-03,Elite Plus,Asia,John Sacker,1014,364,1016.79
6055,Lockman LLC,2020-05-19,2021-05-18,Elite Plus,North America,Aloyna Gregory,1013,364,1015.78
4432,Rath Group,2021-01-11,2022-01-10,Elite Plus,North America,Frankie Fletcher,1013,364,1015.78
1788,"Sipes, O'Hara and Okuneva",2020-07-28,2021-07-27,Classic,Latin America,Grant Cortez,1013,364,1015.78
1521,Stantner Group,2020-09-14,2021-09-13,Classic,North America,Karl Long,1013,364,1015.78
915,"Lesch, Bernhard and Hills",2021-04-12,2023-01-26,Elite Plus,Europe,Jerald James,1819,654,1015.19
4598,Renner - Schiller,2023-07-14,2024-07-13,Elite Plus,North America,Judy Jacobs,1015,365,1015.0
624,Blanda - O'Hara,2021-12-19,2022-08-17,Elite Plus,Europe,Alice Cole,670,241,1014.73
1225,Rau Group,2021-03-29,2022-03-28,Classic,Latin America,Sonja Griffin,1010,364,1012.77
4821,"Hills, Rempel and Rempel",2019-11-15,2020-11-15,Classic,Latin America,Marsha Aguilar,1015,366,1012.23
4968,Kertzmann - Blick,2021-09-03,2024-09-02,Elite Plus,Latin America,Marshall Lawson,3034,1095,1011.33
493,Lesch and Sons,2021-09-05,2022-09-04,Elite Plus,North America,Ross Hines,1008,364,1010.77
1890,"Shanahan, Hettinger and Butler",2021-05-08,2022-05-07,Elite Plus,Europe,Angelo Payne,1008,364,1010.77
8256,"Mosciski, Legros and Hirthe",2019-03-18,2020-03-17,Elite Plus,Latin America,Judy Jacobs,1010,365,1010.0
5247,"Kessler, Kautzer and Bednar",2021-02-26,2022-02-25,Elite Plus,Asia,Lonnie May,1007,364,1009.77
575,Schinner LLC,2020-02-20,2021-02-18,Elite Plus,North America,Marshall Lawson,1005,364,1007.76
7108,Rau Ltd,2019-03-21,2020-03-20,Classic,North America,Grant Cortez,1007,365,1007.0
5203,Canten - Larson,2021-08-10,2021-09-08,Classic,Latin America,Alton Hunt,80,29,1006.9
3881,Douglas - Schaden,2021-08-18,2022-02-02,Elite Plus,North America,Cecelia Burgess,463,168,1005.92
1031,"Johnson, Farrell and Zieme",2020-12-18,2021-12-17,Elite Plus,North America,Aloyna Gregory,1002,364,1004.75
3909,Kreiger - Russel,2021-07-08,2022-07-07,Elite Plus,North America,Phil Baker,1002,364,1004.75
4948,Lesch - Johnston,2021-06-16,2022-06-15,Elite Plus,North America,Tomas Glover,1001,364,1003.75
7693,Marquardt PLC,2018-11-20,2019-11-19,Classic,North America,Marsha Aguilar,1000,364,1002.75
408,Zboncak LLC,2021-04-25,2022-04-24,Elite Plus,North America,Marshall Lawson,999,364,1001.74
1530,Tillman LLC,2020-08-15,2021-08-14,Elite Plus,Europe,Alton Hunt,997,364,999.74
6564,"Gutmann, Brakus and Rutherford",2020-06-24,2021-06-24,Classic,North America,Christopher Little,999,365,999.0
3804,"Hilll, Kiehn and Douglas",2021-05-29,2022-05-28,Elite Plus,Latin America,Karl Long,996,364,998.74
4401,Lockman and Sons,2021-07-19,2022-07-18,Classic,Latin America,Lonnie May,996,364,998.74
7742,Belfact-Stroman,2018-05-24,2019-05-23,Classic,North America,Lonnie May,994,364,996.73
3463,"Koss, Muller and Little",2020-09-06,2021-09-05,Classic,North America,Karl Long,994,364,996.73
4081,"Osinski, Farrell and Kutch",2020-04-21,2021-04-21,Elite Plus,Europe,Marsha Aguilar,996,365,996.0
8136,Reichert-Skiles,2019-11-23,2020-11-22,Classic,Europe,Ross Hines,996,365,996.0
2146,Hammes LLC,2021-09-05,2022-09-04,Classic,Latin America,Ramon Garcia,993,364,995.73
7337,"Purdy, Schneider and Quitzon",2018-10-25,2019-10-24,Classic,North America,Alton Hunt,993,364,995.73
2407,"Tromp, Gillespie and Pimpernel",2020-08-06,2021-08-05,Elite Plus,North America,Judy Jacobs,993,364,995.73
2348,Rempel - Cassin,2021-05-29,2023-05-28,Classic,Latin America,Lonnie May,1987,729,994.86
6056,Lockman LLC,2020-06-27,2021-06-26,Elite Plus,North America,Aloyna Gregory,992,364,994.73
4354,Ebert - Lowe,2021-08-09,2021-09-07,Classic,Latin America,Patty Ingram,79,29,994.31
5672,Pagac - Fay,2019-11-25,2020-11-24,Elite Plus,North America,Cecelia Burgess,994,365,994.0
1339,O'Conner and Sons,2021-05-25,2022-05-24,Elite Plus,North America,Cecelia Burgess,991,364,993.72
6849,Zamber-Cassle,2018-08-23,2019-08-22,Classic,North America,Tomas Glover,990,364,992.72
4232,"Cerner, Farrell and White",2022-04-15,2023-04-14,Elite Plus,Latin America,Walter Sacha,989,364,991.72
5495,"Koss, Kub and Hartmann",2020-06-14,2021-06-13,Classic,Europe,Ramon Garcia,987,364,989.71
3652,"Skiles, Powlowski and Bartell",2021-07-14,2022-07-13,Elite Plus,North America,Patty Ingram,987,364,989.71
2461,"Tromp, Gillespie and Pimpernel",2021-07-06,2022-07-05,Elite Plus,North America,Judy Jacobs,986,364,988.71
6637,Boyle Inc,2021-08-05,2022-08-04,Elite Plus,Latin America,Phil Baker,985,364,987.71
3083,O'Kon - Weber,2020-11-15,2021-07-17,Elite Plus,North America,Grant Cortez,660,244,987.3
426,Zboncak LLC,2021-05-23,2024-05-23,Elite Plus,North America,Marshall Lawson,2960,1096,985.77
2860,"Barton, Heidenreich and Witting",2020-10-12,2021-10-11,Elite Plus,Europe,Jerald James,983,364,985.7
2449,"Tromp, Gillespie and Pimpernel",2021-07-24,2022-07-23,Elite Plus,North America,Judy Jacobs,983,364,985.7
2785,"Padberg, Schumm and Moen",2021-09-10,2021-10-10,Classic,North America,Lonnie May,81,30,985.5
3080,O'Kon - Weber,2020-11-09,2021-07-11,Elite Plus,North America,Grant Cortez,658,244,984.3
1578,Bins LLC,2020-09-08,2021-09-07,Elite Plus,Europe,Judy Jacobs,981,364,983.7
4885,Johns LLC,2021-12-05,2022-12-04,Elite Plus,North America,Lonnie May,981,364,983.7
4399,Murray - Bartell,2021-12-11,2022-12-10,Elite Plus,Latin America,Grant Cortez,981,364,983.7
4240,Weissnat and Sons,2020-02-12,2021-02-11,Classic,North America,Aloyna Gregory,983,365,983.0
7298,Cole-Towne,2018-03-21,2019-03-20,Classic,North America,Marshall Lawson,980,364,982.69
3672,"Schmitt, Purdy and Reichel",2021-09-07,2022-09-06,Elite Plus,North America,Christopher Little,980,364,982.69
1082,Wuckert - Collier,2022-06-12,2023-05-12,Elite Plus,Europe,Angelo Payne,899,334,982.44
6690,Reichel - Leannon,2023-07-24,2024-07-23,Elite Plus,Latin America,Celia Clayton,982,365,982.0
4009,"Cummerata, Legros and Kohler",2021-03-28,2021-04-26,Classic,Europe,Angelo Payne,78,29,981.72
2874,Heaney - Borer,2020-09-13,2023-09-12,Elite Plus,Europe,John Sacker,2942,1094,981.56
2293,Weissnat - Dicki,2022-07-15,2024-05-13,Elite Plus,Europe,Phil Baker,1795,668,980.8
1391,Shanahan - Kulas,2021-05-21,2022-05-20,Elite Plus,Asia,Judy Jacobs,978,364,980.69
4060,Conn Group,2021-06-18,2024-06-17,Elite Plus,North America,Marshall Lawson,2940,1095,980.0
2704,"Stanton, Ernser and Crona",2020-03-02,2021-03-02,Classic,Latin America,Walter Sacha,980,365,980.0
4574,Renner - Schiller,2021-04-04,2022-04-03,Elite Plus,North America,Judy Jacobs,977,364,979.68
4966,Langosh Inc,2021-07-10,2023-07-09,Elite Plus,Europe,Cecelia Burgess,1956,729,979.34
3105,"D'Amore, Bernier and Canten",2021-12-02,2023-03-12,Elite Plus,Europe,Alton Hunt,1247,465,978.83
2563,Murray - Dicki,2021-06-12,2022-06-11,Elite Plus,North America,Christopher Little,976,364,978.68
6442,Howe - Krajcik,2021-10-17,2022-10-16,Elite Plus,Asia,Jerald James,975,364,977.68
5121,"Thiel, Klocko and Hilpert",2021-07-16,2022-07-15,Elite Plus,Europe,Grant Cortez,975,364,977.68
3671,"Schmitt, Purdy and Reichel",2021-04-03,2022-04-02,Elite Plus,North America,Christopher Little,972,364,974.67
4620,Erdman Group,2019-12-10,2021-11-08,Classic,Europe,Judy Jacobs,1866,699,974.38
7849,Prohaska-DuBuque,2019-03-12,2020-03-11,Elite Plus,North America,Micheal Williams,974,365,974.0
2012,"Altenwerth, Beahan and Buckridge",2021-03-19,2021-04-18,Classic,Latin America,Ross Hines,80,30,973.33
3338,"Gupta,Agarwal and Nolan",2020-11-24,2020-12-24,Classic,Asia,Tomas Glover,80,30,973.33
109,"Hayes, Wilderman and Cremin",2021-03-20,2021-04-19,Classic,Latin America,Alton Hunt,80,30,973.33
2192,Pagac - Hermiston,2021-03-01,2021-03-31,Classic,Latin America,Lonnie May,80,30,973.33
841,Wiegand - Breitenberg,2020-12-15,2021-01-14,Classic,North America,Ramon Garcia,80,30,973.33
3173,Grant Inc,2021-06-19,2022-06-19,Classic,Europe,Cecelia Burgess,973,365,973.0
6181,"Dietrich, Larson and Murazik",2020-10-02,2021-10-01,Elite Plus,Europe,Christopher Little,969,364,971.66
6139,"Dietrich, Larson and Murazik",2020-08-28,2021-08-27,Elite Plus,Europe,Christopher Little,969,364,971.66
2248,Hoeger Group,2020-01-13,2021-01-11,Elite Plus,Europe,Ramon Garcia,968,364,970.66
6019,Johnson LLC,2020-03-08,2021-03-07,Elite Plus,Europe,Phil Baker,968,364,970.66
1851,Greenholt LLC,2020-02-11,2021-02-11,Classic,Latin America,Alton Hunt,973,366,970.34
7461,Greenfelder Ltd,2018-06-07,2019-06-07,Classic,Europe,John Sacker,970,365,970.0
5681,"Hermann, Bogisich and Rosenbaum",2021-02-15,2022-02-14,Elite Plus,North America,Jerald James,967,364,969.66
6770,"Lueilwitz, Yost and McDermott",2019-03-20,2020-03-19,Classic,North America,Walter Sacha,969,365,969.0
5335,Schmeler - Little,2021-06-24,2022-06-23,Elite Plus,Europe,Frankie Fletcher,966,364,968.65
3858,Douglas - Schaden,2021-06-10,2022-04-23,Elite Plus,North America,Cecelia Burgess,841,317,968.34
6819,Jakubowski-Schneider,2019-06-20,2020-06-19,Classic,North America,Judy Jacobs,968,365,968.0
5593,"Keeling, Jakubowski and Crist",2023-02-05,2024-02-04,Elite Plus,North America,Aloyna Gregory,965,364,967.65
3922,Monahan - Ruecker,2020-10-27,2021-10-26,Elite Plus,North America,Judy Jacobs,964,364,966.65
3977,Ortiz Inc,2020-06-17,2021-06-16,Elite Plus,North America,Angelo Payne,964,364,966.65
1355,Mohr - Streich,2021-10-23,2022-10-22,Elite Plus,North America,Dana Henderson,963,364,965.65
4523,Reynolds LLC,2019-12-28,2020-03-27,Elite Plus,North America,Marsha Aguilar,238,90,965.22
981,"Lubowitz, Franecki and Schuster",2022-05-17,2026-05-16,Elite Plus,Latin America,John Sacker,3854,1460,963.5
2640,"Mayert, Murazik and Ernser",2021-06-16,2022-06-15,Elite Plus,North America,Jerald James,960,364,962.64
1484,"Cummings, Pollich and Hoppe",2020-12-08,2021-11-09,Elite Plus,North America,Ross Hines,885,336,961.38
6111,"Romaguera, Hilll and Hayes",2022-02-28,2024-10-27,Elite Plus,North America,Ross Hines,2560,972,961.32
5218,Aufderhar and Sons,2021-05-13,2021-06-12,Classic,Latin America,Alton Hunt,79,30,961.17
4110,Hartmann - Bergstrom,2021-06-11,2021-07-11,Classic,Europe,Sonja Griffin,79,30,961.17
5458,Jacobi - Bogisich,2021-04-23,2022-04-22,Elite Plus,North America,Frankie Fletcher,958,364,960.63
5958,Schuster and Sons,2020-11-23,2021-11-22,Elite Plus,North America,John Sacker,958,364,960.63
3961,"Gaylord, Fay and Frost",2020-06-17,2021-06-16,Elite Plus,Asia,Phil Baker,957,364,959.63
6071,"Kub, Murphy and Pagac",2022-02-20,2023-02-19,Elite Plus,North America,Ross Hines,957,364,959.63
6873,"Pouros, Schumm and Feil",2018-05-24,2019-05-23,Classic,North America,Marshall Lawson,957,364,959.63
5032,Kilback LLC,2021-04-21,2022-04-21,Classic,Europe,Aloyna Gregory,958,365,958.0
6030,McDermott LLC,2021-03-04,2022-03-03,Classic,Latin America,Cecelia Burgess,955,364,957.62
2372,Beahan Inc,2021-01-23,2022-01-22,Classic,North America,Ross Hines,954,364,956.62
5392,Huels LLC,2021-11-27,2022-11-26,Elite Plus,Europe,Karl Long,954,364,956.62
7684,Wunsch PLC,2018-12-24,2019-12-23,Classic,Europe,Jerald James,954,364,956.62
7674,Stark and Sons,2019-04-27,2020-04-26,Classic,North America,Phil Baker,956,365,956.0
4386,Denesik and Sons,2020-11-19,2021-11-18,Elite Plus,Europe,Karl Long,953,364,955.62
805,Schimmel LLC,2022-04-02,2023-04-01,Elite Plus,North America,Ramon Garcia,953,364,955.62
5071,Considine and Sons,2021-01-27,2023-01-26,Elite Plus,Europe,Micheal Williams,1908,729,955.31
1418,Gaylord Group,2021-07-25,2022-07-24,Elite Plus,Asia,Marsha Aguilar,952,364,954.62
2772,Lindgren LLC,2020-07-16,2021-07-15,Classic,Europe,Marsha Aguilar,952,364,954.62
4922,Kirlin - Simonis,2022-02-25,2023-02-24,Elite Plus,North America,Frankie Fletcher,950,364,952.61
3027,Gammendor - Frost,2021-06-28,2022-06-27,Elite Plus,Europe,Frankie Fletcher,949,364,951.61
4795,Mante - Kertzmann,2020-04-05,2021-04-04,Classic,Asia,Marsha Aguilar,948,364,950.6
1308,Stiedemann Group,2021-05-08,2022-05-07,Elite Plus,North America,Alice Cole,947,364,949.6
5602,"Donnelly, Crist and Deckow",2021-06-07,2022-04-09,Elite Plus,North America,Aloyna Gregory,796,306,949.48
7831,Bins-Glover,2019-03-07,2020-03-06,Classic,North America,Alice Cole,949,365,949.0
6848,"D'Amore, Douglas and Hintz",2019-06-16,2020-06-15,Elite Plus,Europe,Walter Sacha,949,365,949.0
1613,Hessel Group,2021-05-24,2021-06-23,Classic,Latin America,Grant Cortez,78,30,949.0
524,Orn - Brown,2020-01-01,2020-12-31,Classic,Europe,Walter Sacha,949,365,949.0
3602,Schimmel - Weber,2021-05-17,2021-06-16,Classic,Latin America,Tomas Glover,78,30,949.0
2560,Murray - Dicki,2021-09-17,2022-09-16,Elite Plus,North America,Christopher Little,946,364,948.6
551,Harvey and Sons,2021-04-01,2024-03-31,Elite Plus,Asia,Walter Sacha,2845,1095,948.33
3786,Erdman and Sons,2021-03-17,2023-03-16,Elite Plus,Europe,Cecelia Burgess,1891,729,946.8
844,"Larkin, Runolfsson and Orn",2021-05-22,2022-05-21,Elite Plus,Asia,Marshall Lawson,944,364,946.59
7067,"Lueilwitz, Yost and McDermott",2018-09-20,2019-09-19,Classic,North America,Walter Sacha,943,364,945.59
503,Stark Group,2021-10-22,2022-10-21,Elite Plus,Latin America,Walter Sacha,943,364,945.59
8172,"Lowe, Kautzer and Ward",2019-11-26,2020-11-25,Classic,Asia,Frankie Fletcher,945,365,945.0
4708,Lebsack - Turcotte,2021-07-26,2021-08-24,Classic,Europe,Christopher Little,75,29,943.97
6611,"Simonis, Boone and Swift",2021-09-20,2021-10-19,Classic,North America,Cecelia Burgess,75,29,943.97
2077,"Fahey, Collins and Labadie",2020-04-16,2021-04-15,Classic,Latin America,Cecelia Burgess,940,364,942.58
7050,McCullough Inc,2018-03-22,2019-03-21,Classic,North America,Lonnie May,939,364,941.58
7048,Harvey PLC,2018-03-08,2019-03-07,Classic,North America,Christopher Little,938,364,940.58
5471,Kertzmann - Langworth,2021-07-09,2022-07-08,Elite Plus,North America,Marshall Lawson,937,364,939.57
6629,"Frost, Olson and Schmeler",2021-10-31,2022-10-30,Elite Plus,Asia,Grant Cortez,936,364,938.57
7513,Leannon Group,2018-09-28,2019-09-27,Classic,Asia,Alice Cole,935,364,937.57
5977,Stehr and Sons,2020-10-27,2021-10-26,Elite Plus,North America,Phil Baker,935,364,937.57
2612,Marquardt LLC,2022-05-26,2022-11-25,Elite Plus,Latin America,Karl Long,469,183,935.44
6304,Kulas - Ryan,2021-06-13,2023-04-07,Elite Plus,North America,Christopher Little,1699,663,935.35
2132,Gupta LLC,2022-02-25,2025-02-24,Elite Plus,North America,Marsha Aguilar,2806,1095,935.33
2519,"Leffler, Lesch and Halvorson",2022-10-04,2023-10-03,Elite Plus,North America,Ross Hines,932,364,934.56
2124,Bundel and Sons,2023-02-13,2024-02-12,Elite Plus,Europe,Alton Hunt,929,364,931.55
6837,Schmitt PLC,2019-04-28,2020-04-27,Elite Plus,North America,Grant Cortez,931,365,931.0
2367,Brakus Group,2020-11-10,2021-11-09,Elite Plus,North America,Marshall Lawson,928,364,930.55
1707,Lakin - Gislason,2021-09-16,2022-09-15,Elite Plus,Latin America,Phil Baker,927,364,929.55
6324,"Pfannerstill, Kuphal and Kohler",2020-11-30,2021-11-29,Elite Plus,North America,Celia Clayton,927,364,929.55
6138,"Dietrich, Larson and Murazik",2020-05-26,2021-05-25,Elite Plus,Europe,Christopher Little,926,364,928.54
3210,Stantner and Sons,2021-02-04,2023-09-05,Elite Plus,North America,Ramon Garcia,2397,943,927.79
5309,Hudson and Sons,2020-09-06,2021-09-05,Elite Plus,Europe,Ramon Garcia,925,364,927.54
5,Towne - Kub,2021-03-30,2021-11-05,Classic,Europe,Alton Hunt,559,220,927.43
5453,Jacobi - Bogisich,2020-04-14,2021-04-13,Elite Plus,North America,Frankie Fletcher,924,364,926.54
8109,Zieme-Hermann,2020-01-07,2020-11-22,Classic,Europe,Grant Cortez,812,320,926.19
6555,Murray Inc,2021-08-11,2022-08-10,Classic,Latin America,John Sacker,923,364,925.54
6554,Murray Inc,2020-08-03,2021-08-02,Classic,Latin America,John Sacker,923,364,925.54
6294,Kulas - Ryan,2021-01-09,2022-01-08,Elite Plus,North America,Christopher Little,921,364,923.53
5705,Altenwerth - Rosenbaum,2022-05-31,2023-05-30,Elite Plus,Latin America,Aloyna Gregory,919,364,921.52
5051,Collier - Skiles,2020-08-27,2021-08-26,Elite Plus,Europe,Sonja Griffin,919,364,921.52
4572,Renner - Schiller,2021-07-21,2022-07-20,Elite Plus,North America,Judy Jacobs,919,364,921.52
2281,"Hintz, Bogan and Breitenberg",2021-08-22,2024-08-21,Elite Plus,Europe,Marsha Aguilar,2764,1095,921.33
4196,Turcotte - Kling,2020-01-08,2021-01-08,Classic,North America,Christopher Little,922,366,919.48
638,"Goodwin, O'Reilly and Buckridge",2019-11-26,2020-11-25,Elite Plus,North America,Judy Jacobs,918,365,918.0
3440,Konopelski - Mayer,2020-03-13,2020-11-05,Elite Plus,Europe,Karl Long,596,237,917.89
7487,"Harber, Schiller and Nitzsche",2019-09-23,2020-09-22,Classic,Asia,Lonnie May,916,365,916.0
8217,Beahan Group,2019-06-22,2020-06-21,Elite Plus,Europe,John Sacker,915,365,915.0
6866,Tromp-Frami,2019-08-04,2020-08-03,Classic,Asia,Tomas Glover,915,365,915.0
6426,"Quigley, Veum and Reilly",2021-06-07,2022-06-06,Elite Plus,North America,Angelo Payne,911,364,913.5
1932,Tillman - Kuvalis,2020-04-30,2021-04-29,Classic,North America,Patty Ingram,911,364,913.5
7086,Konopelski PLC,2018-07-17,2019-07-17,Classic,Europe,Marshall Lawson,913,365,913.0
184,"Ortiz, Reilly and Aberly",2020-12-12,2022-12-11,Elite Plus,Europe,Alice Cole,1823,729,912.75
1486,"Cummings, Pollich and Hoppe",2021-03-17,2022-03-16,Elite Plus,North America,Ross Hines,910,364,912.5
8038,McCullough-Reichel,2019-10-09,2020-10-08,Classic,North America,Cecelia Burgess,912,365,912.0
1524,Kuvalis Inc,2020-02-18,2021-02-17,Elite Plus,Latin America,Micheal Williams,911,365,911.0
735,Morissette Group,2021-04-07,2023-08-16,Elite Plus,Asia,Ross Hines,2145,861,909.32
5303,Nikolaus - Daniel,2020-11-10,2023-06-09,Elite Plus,Europe,John Sacker,2343,941,908.82
2849,Powlowski - Hilpert,2019-10-16,2020-10-15,Elite Plus,Asia,Sonja Griffin,908,365,908.0
4723,Robel Group,2020-04-17,2020-11-29,Elite Plus,Latin America,Aloyna Gregory,562,226,907.65
5177,"Abtel, Rumsfeld andTruman",2021-09-06,2021-10-05,Classic,Latin America,Micheal Williams,72,29,906.21
3159,Krajcik - Bundel,2024-03-02,2025-03-02,Elite Plus,Europe,Marsha Aguilar,906,365,906.0
1893,"Shanahan, Hettinger and Butler",2021-06-12,2022-06-11,Elite Plus,Europe,Angelo Payne,903,364,905.48
5962,Gaverman - Boyer,2021-02-28,2022-02-27,Classic,Asia,Judy Jacobs,902,364,904.48
7326,Koelpin-Nitzsche,2018-12-27,2019-12-26,Elite Plus,Latin America,Tomas Glover,902,364,904.48
6547,"Brekke, Goodwin and Purdy",2021-11-02,2024-11-01,Elite Plus,North America,Celia Clayton,2712,1095,904.0
6296,Kulas - Ryan,2022-04-16,2023-04-15,Elite Plus,North America,Christopher Little,901,364,903.48
4319,Rodriguez LLC,2020-09-16,2021-09-15,Elite Plus,Asia,Dana Henderson,900,364,902.47
2453,"Tromp, Gillespie and Pimpernel",2021-06-17,2022-06-16,Elite Plus,North America,Judy Jacobs,900,364,902.47
5153,"Leffler, Kertzmann and Heathcote",2020-02-15,2021-02-14,Elite Plus,North America,Grant Cortez,902,365,902.0
5090,Upton - Stehr,2020-06-10,2021-06-10,Classic,North America,Micheal Williams,902,365,902.0
175,"Boone, Franecki and Mills",2021-07-13,2022-07-12,Classic,Latin America,Ross Hines,899,364,901.47
5882,"Wolff, Kihn and Hagenes",2020-12-12,2021-12-11,Elite Plus,Europe,Lonnie May,899,364,901.47
5783,Erdman - Macejkovic,2021-05-30,2021-06-29,Classic,North America,Grant Cortez,74,30,900.33
3,Towne - Kub,2019-12-13,2020-12-12,Classic,Europe,Alton Hunt,900,365,900.0
3933,Bode - Morissette,2021-10-27,2022-10-26,Elite Plus,North America,Christopher Little,897,364,899.46
3292,Schumm Group,2020-06-05,2020-12-14,Elite Plus,North America,Jerald James,473,192,899.19
4219,Cummings and Sons,2021-12-30,2023-12-29,Elite Plus,Europe,Marsha Aguilar,1794,729,898.23
1346,Stoltenberg LLC,2021-01-06,2024-01-05,Elite Plus,North America,Angelo Payne,2689,1094,897.15
6743,"Pfeffer, Stamm and Lindgren",2022-02-16,2023-02-15,Elite Plus,Europe,Lonnie May,894,364,896.46
4216,Cummings and Sons,2021-12-28,2023-12-27,Elite Plus,Europe,Marsha Aguilar,1789,729,895.73
890,Reichel - Trantow,2021-10-19,2023-10-18,Elite Plus,North America,Ramon Garcia,1789,729,895.73
5158,"Leffler, Kertzmann and Heathcote",2021-02-03,2022-02-02,Classic,North America,Grant Cortez,893,364,895.45
7683,"Hauck, Cronin and Kunde",2019-03-21,2020-03-20,Classic,North America,Patty Ingram,895,365,895.0
6536,Marquardt - McClure,2020-04-28,2020-05-29,Classic,North America,Angelo Payne,76,31,894.84
7701,Zboncak Group,2018-12-19,2019-12-18,Classic,North America,Karl Long,892,364,894.45
4292,Douglas LLC,2021-08-23,2021-09-21,Classic,Latin America,Angelo Payne,71,29,893.62
2531,"Friesen, Schimmel and Stamm",2021-07-07,2021-08-05,Classic,Europe,Christopher Little,71,29,893.62
5049,"Reichert, Balistreri and Dicki",2021-07-16,2021-08-14,Classic,Latin America,Lonnie May,71,29,893.62
1571,Bins LLC,2019-12-28,2020-12-27,Elite Plus,Europe,Judy Jacobs,893,365,893.0
758,Sporer Group,2021-08-02,2022-08-01,Elite Plus,Europe,Christopher Little,890,364,892.45
3585,Gottlieb - Huel,2021-08-08,2021-11-07,Elite Plus,Europe,Grant Cortez,222,91,890.44
3794,"Leannon, Mills and Cronin",2021-06-26,2022-06-25,Elite Plus,North America,Aloyna Gregory,886,364,888.43
2743,"Volkman, Ponting and Stanton",2021-04-16,2021-05-16,Classic,Europe,Karl Long,73,30,888.17
8036,Gutmann LLC,2019-09-23,2020-09-22,Classic,North America,Micheal Williams,888,365,888.0
5556,"Wyman, Harber and Jakubowski",2021-07-15,2023-09-01,Elite Plus,North America,Marshall Lawson,1892,778,887.63
1774,Hane - Oberbrunner,2020-11-04,2021-11-03,Elite Plus,Asia,Judy Jacobs,885,364,887.43
2979,Schaden Group,2021-01-10,2022-01-09,Elite Plus,Europe,Alice Cole,884,364,886.43
5006,Wehner and Sons,2020-01-08,2021-01-06,Elite Plus,North America,Lonnie May,884,364,886.43
4535,Leffler - Gleason,2020-12-19,2021-12-18,Elite Plus,Europe,Dana Henderson,883,364,885.43
6983,Lemke Inc,2018-10-09,2019-10-08,Classic,North America,Walter Sacha,883,364,885.43
7652,Boyle-Cronin,2018-10-22,2019-10-21,Classic,North America,Karl Long,880,364,882.42
4369,Belfact LLC,2021-07-06,2022-07-05,Elite Plus,North America,John Sacker,879,364,881.41
7097,Lubowitz Ltd,2018-10-23,2019-10-22,Classic,Europe,Ramon Garcia,879,364,881.41
7598,Mann-Baumbach,2018-12-26,2019-12-25,Classic,Latin America,Karl Long,879,364,881.41
5351,Beer - Ruecker,2021-05-24,2021-06-22,Classic,Latin America,Alice Cole,70,29,881.03
1955,"Marquardt, Terry and Sauer",2021-06-05,2021-07-04,Classic,Asia,Dana Henderson,70,29,881.03
2076,"Fahey, Collins and Labadie",2020-05-11,2021-05-10,Classic,Latin America,Cecelia Burgess,878,364,880.41
5945,"Howe, Stiedemann and Larson",2020-11-25,2021-11-24,Elite Plus,North America,Jerald James,878,364,880.41
8209,"Koch, Flatley and Spinka",2018-11-07,2019-11-06,Classic,Europe,Frankie Fletcher,878,364,880.41
1154,"Osinski, Bradtke and Schmidt",2021-06-07,2022-06-06,Classic,North America,Dana Henderson,878,364,880.41
2362,"Veum, Pollich and Kuvalis",2020-05-11,2021-05-11,Elite Plus,Europe,Frankie Fletcher,880,365,880.0
596,Gibson Group,2021-03-12,2022-03-11,Elite Plus,Europe,Sonja Griffin,877,364,879.41
1729,Smitham Group,2021-04-05,2022-04-04,Elite Plus,North America,Jerald James,877,364,879.41
874,"Barrows, Tromp and Bahringer",2020-05-09,2021-05-09,Classic,North America,Marsha Aguilar,879,365,879.0
3248,Reynolds - Goodwin,2020-03-21,2021-03-21,Elite Plus,North America,Cecelia Burgess,879,365,879.0
7199,"Bradtke, Ratke and Huels",2019-08-07,2020-08-06,Classic,Europe,Alton Hunt,878,365,878.0
4552,Effertz Group,2021-08-16,2022-08-15,Elite Plus,North America,Ramon Garcia,875,364,877.4
216,"Ernser, D'Amore and Gulgowski",2022-03-22,2023-03-21,Elite Plus,Europe,Marsha Aguilar,875,364,877.4
7577,Halvorson Inc,2018-07-01,2019-06-30,Classic,Europe,Judy Jacobs,875,364,877.4
2460,"Tromp, Gillespie and Pimpernel",2021-08-04,2022-08-03,Elite Plus,North America,Judy Jacobs,875,364,877.4
3640,"Shields, Kassulke and Purdy",2021-08-25,2023-08-24,Elite Plus,Europe,Dana Henderson,1750,729,876.2
5200,Canten - Larson,2021-10-19,2021-11-18,Classic,Latin America,Alton Hunt,72,30,876.0
5501,"Koss, Kub and Hartmann",2021-07-01,2021-07-31,Classic,Europe,Ramon Garcia,72,30,876.0
1913,Gupta - Hessel,2020-08-20,2021-08-19,Classic,Europe,Angelo Payne,873,364,875.4
2550,Runte and Sons,2021-08-08,2023-08-07,Classic,Latin America,Karl Long,1748,729,875.2
6503,Ledner - Sporer,2020-08-01,2021-01-31,Classic,Europe,John Sacker,438,183,873.61
4986,Sawayn - Jaskolski,2021-01-10,2023-01-09,Elite Plus,Europe,Celia Clayton,1744,729,873.2
307,O'Keefe - Skiles,2022-11-28,2023-02-26,Elite Plus,Europe,Sonja Griffin,215,90,871.94
5731,Kessler - Fahey,2021-04-03,2021-05-02,Classic,Latin America,Christopher Little,69,29,868.45
5043,"Reichert, Balistreri and Dicki",2021-04-18,2021-05-17,Classic,Latin America,Lonnie May,69,29,868.45
2002,Wiza - Robel,2021-09-18,2021-10-17,Classic,North America,Frankie Fletcher,69,29,868.45
94,Aufderhar Group,2020-01-29,2021-01-27,Elite Plus,North America,Judy Jacobs,866,364,868.38
5778,Gleason - Hableton,2021-06-21,2022-06-20,Classic,Asia,Jerald James,866,364,868.38
7626,Ferry PLC,2017-12-27,2018-12-26,Classic,North America,Celia Clayton,864,364,866.37
5497,"Koss, Kub and Hartmann",2021-02-28,2021-03-27,Classic,Europe,Ramon Garcia,64,27,865.19
1572,Bins LLC,2020-04-07,2021-04-06,Elite Plus,Europe,Judy Jacobs,862,364,864.37
3124,Heaney LLC,2021-08-13,2022-08-12,Elite Plus,North America,Karl Long,862,364,864.37
8167,"McGlynn, Huel and Goyette",2019-11-08,2020-11-07,Classic,North America,Alice Cole,864,365,864.0
4941,Lesch - Johnston,2020-12-15,2021-06-16,Elite Plus,North America,Tomas Glover,433,183,863.63
6005,O'Connell - Lehner,2021-10-25,2024-10-24,Elite Plus,North America,Karl Long,2588,1095,862.67
5149,"Leffler, Kertzmann and Heathcote",2020-03-14,2021-03-14,Classic,North America,Grant Cortez,862,365,862.0
4664,Mohr LLC,2019-12-25,2020-12-24,Elite Plus,Asia,Celia Clayton,862,365,862.0
4989,Hahn - Nitzsche,2021-10-24,2022-08-23,Elite Plus,Europe,Alton Hunt,715,303,861.3
7264,Bashirian Group,2019-03-21,2020-03-20,Classic,North America,Marshall Lawson,861,365,861.0
584,SchoStantner - Ritchie,2019-12-09,2020-12-08,Elite Plus,Asia,Celia Clayton,861,365,861.0
6096,Sporer - Hills,2019-12-13,2020-11-26,Classic,Latin America,Christopher Little,822,349,859.68
5067,Collier - Skiles,2022-05-21,2023-02-27,Elite Plus,Europe,Sonja Griffin,664,282,859.43
5407,"Cronin, Canten and Langosh",2021-05-17,2022-05-16,Elite Plus,Asia,John Sacker,857,364,859.35
5127,"Reinger, Champlin and Streich",2021-08-01,2022-07-31,Elite Plus,North America,Marsha Aguilar,857,364,859.35
2399,"Tromp, Gillespie and Pimpernel",2020-05-05,2021-05-04,Elite Plus,North America,Judy Jacobs,857,364,859.35
6867,Tromp-Frami,2019-08-04,2020-08-03,Classic,Asia,Tomas Glover,859,365,859.0
2721,"Rosenbaum, Bruen and Okuneva",2021-05-23,2022-07-28,Classic,North America,Alice Cole,1014,431,858.72
6489,"Russel, White and Koepp",2021-03-07,2022-03-06,Classic,Europe,Ross Hines,856,364,858.35
4847,Muller - Reichert,2020-02-05,2021-02-04,Classic,North America,John Sacker,858,365,858.0
7190,Norman-Hahn,2019-05-24,2020-05-23,Classic,North America,Walter Sacha,858,365,858.0
1917,Gupta - Hessel,2021-06-20,2022-06-19,Elite Plus,Europe,Angelo Payne,855,364,857.35
956,Wunsch LLC,2019-09-26,2020-09-25,Classic,Europe,Sonja Griffin,857,365,857.0
4771,Tromp Group,2021-07-22,2021-11-20,Elite Plus,North America,Sonja Griffin,284,121,856.69
5056,Collier - Skiles,2021-03-16,2022-03-15,Elite Plus,Europe,Sonja Griffin,854,364,856.35
3844,Kerluke - Friesen,2020-12-07,2021-12-06,Elite Plus,North America,Christopher Little,854,364,856.35
6736,"Robel, Norman and Bartell",2021-07-23,2022-07-22,Elite Plus,Asia,Celia Clayton,854,364,856.35
5970,Gaverman - Boyer,2021-11-30,2021-12-29,Classic,Asia,Judy Jacobs,68,29,855.86
1018,Koss - Streich,2021-04-20,2021-05-19,Classic,North America,Karl Long,68,29,855.86
787,"Hegmann, Corwin and Canten",2020-11-13,2022-08-12,Elite Plus,Europe,Phil Baker,1493,637,855.49
254,Nader LLC,2022-04-19,2023-01-18,Elite Plus,Europe,Marshall Lawson,642,274,855.22
3492,McCullough - Albertson,2020-08-03,2021-04-14,Elite Plus,North America,Ross Hines,595,254,855.02
6373,Mackerrel LLC,2021-12-04,2022-12-03,Elite Plus,Europe,Aloyna Gregory,852,364,854.34
1826,Schuster - Torp,2021-06-12,2024-06-11,Elite Plus,North America,Ramon Garcia,2563,1095,854.33
2798,Jaskolski Group,2021-06-22,2024-06-21,Elite Plus,Europe,Walter Sacha,2561,1095,853.67
4918,Kirlin - Simonis,2021-07-22,2022-07-21,Elite Plus,North America,Frankie Fletcher,851,364,853.34
4245,Pollich - MacGyver,2020-11-02,2021-11-01,Elite Plus,North America,Aloyna Gregory,851,364,853.34
1579,Bins LLC,2021-04-02,2021-09-09,Elite Plus,Europe,Judy Jacobs,374,160,853.19
3686,"Schmitt, Purdy and Reichel",2023-08-15,2024-08-14,Elite Plus,North America,Christopher Little,853,365,853.0
3535,Crist Group,2021-01-03,2022-01-02,Elite Plus,Asia,Walter Sacha,850,364,852.34
5361,Harvey - Metz,2021-03-12,2021-04-11,Classic,North America,Ross Hines,70,30,851.67
7863,Beier-Bins,2019-09-05,2020-09-04,Classic,North America,Grant Cortez,851,365,851.0
3376,Lang Inc,2020-11-10,2022-05-12,Classic,Latin America,Ross Hines,1277,548,850.56
2085,Murphy - Bahringer,2021-10-02,2024-04-23,Elite Plus,Latin America,Christopher Little,2170,934,848.02
6198,"Dietrich, Larson and Murazik",2021-10-28,2022-09-06,Elite Plus,Europe,Christopher Little,727,313,847.78
2057,Frami LLC,2021-06-22,2022-06-21,Classic,Latin America,Celia Clayton,845,364,847.32
6996,Luettgen-Beatty,2019-09-04,2020-09-03,Elite Plus,North America,Patty Ingram,847,365,847.0
7563,Moen-Prosacco,2018-02-28,2019-02-27,Classic,North America,Dana Henderson,844,364,846.32
2163,Parker - Daniel,2020-03-12,2021-03-11,Classic,North America,Cecelia Burgess,844,364,846.32
4476,Zemlak Group,2022-04-11,2022-10-10,Elite Plus,North America,Celia Clayton,422,182,846.32
3558,Tanner - Gaverman,2020-03-01,2021-03-01,Elite Plus,Europe,Grant Cortez,846,365,846.0
7351,"Turcotte, Kuhic and Keeling",2018-11-23,2019-11-22,Classic,North America,John Sacker,843,364,845.32
2142,"Bayer, Adams and Hilll",2020-05-23,2021-05-22,Elite Plus,Europe,Celia Clayton,842,364,844.31
987,Chechauski LLC,2021-05-25,2022-05-24,Classic,Europe,John Sacker,842,364,844.31
7376,Kassulke-Beier,2019-08-04,2020-08-03,Elite Plus,North America,Alice Cole,844,365,844.0
41,Belfact LLC,2022-01-01,2022-12-01,Classic,North America,John Sacker,772,334,843.65
83,Cormier - Bergstrom,2021-02-13,2022-02-12,Elite Plus,Europe,Ramon Garcia,841,364,843.31
856,Heidenreich and Sons,2020-11-27,2021-11-26,Classic,Latin America,Jerald James,841,364,843.31
2778,Jast Group,2021-01-23,2022-01-22,Elite Plus,North America,Phil Baker,841,364,843.31
2875,Heaney - Borer,2020-10-01,2023-09-30,Elite Plus,Europe,John Sacker,2526,1094,842.77
3730,Stehr LLC,2021-01-06,2022-01-05,Elite Plus,Asia,Tomas Glover,840,364,842.31
2991,Yost - Kemmer,2021-01-07,2022-01-06,Classic,Latin America,Celia Clayton,840,364,842.31
7395,Cremin-Stracke,2018-06-01,2019-05-31,Classic,North America,Ramon Garcia,839,364,841.3
3642,Lakin - Glover,2020-06-29,2021-06-28,Elite Plus,North America,Phil Baker,839,364,841.3
2091,Donnelly and Sons,2021-03-23,2021-05-28,Classic,North America,Walter Sacha,152,66,840.61
4623,Erdman Group,2021-02-06,2022-02-05,Classic,Europe,Judy Jacobs,838,364,840.3
3181,"Goldner, White and Bundel",2021-07-17,2022-07-16,Elite Plus,North America,Ramon Garcia,838,364,840.3
2523,Rosemont Inc,2020-07-05,2021-07-04,Elite Plus,Europe,Sonja Griffin,838,364,840.3
6495,Morissette Inc,2023-01-21,2024-01-21,Elite Plus,Europe,Marsha Aguilar,840,365,840.0
5910,"Harris, Crooks and Ferry",2021-01-11,2021-02-10,Classic,North America,Marsha Aguilar,69,30,839.5
3566,"Lowe, Collier and Bartell",2021-08-11,2021-09-10,Classic,Latin America,Walter Sacha,69,30,839.5
1995,Wiza - Robel,2021-08-17,2021-09-16,Classic,North America,Frankie Fletcher,69,30,839.5
5194,Lesch - Mauston,2021-08-16,2022-08-15,Elite Plus,Asia,Grant Cortez,837,364,839.3
7954,West and Sons,2019-10-01,2020-09-30,Classic,North America,Karl Long,839,365,839.0
5107,Bosco - Agarwal,2021-09-15,2022-09-14,Classic,Latin America,Angelo Payne,836,364,838.3
7301,Reichel-Heidenreich,2018-06-23,2019-06-22,Classic,Europe,Patty Ingram,836,364,838.3
1871,"Kassulke, Fritsch and Lebsack",2021-09-29,2024-09-28,Elite Plus,North America,Jerald James,2512,1095,837.33
3775,Stracke - Cassin,2020-09-01,2021-08-31,Elite Plus,North America,Lonnie May,835,364,837.29
8207,"Rath, Harris and Beatty",2019-09-23,2020-09-22,Classic,Europe,Ramon Garcia,837,365,837.0
2226,"Cormier, Powlowski and Murazik",2021-06-07,2022-06-06,Elite Plus,Europe,Walter Sacha,834,364,836.29
2282,"Hintz, Bogan and Breitenberg",2022-07-27,2024-07-26,Elite Plus,Europe,Marsha Aguilar,1671,730,835.5
1816,Schuster - Torp,2021-02-11,2024-02-11,Elite Plus,North America,Ramon Garcia,2506,1095,835.33
1875,"Wehner, Klocko and Legros",2021-02-14,2022-02-13,Elite Plus,North America,Cecelia Burgess,832,364,834.29
4915,Kirlin - Simonis,2022-08-26,2023-08-25,Elite Plus,North America,Frankie Fletcher,831,364,833.28
4913,Kirlin - Simonis,2020-09-09,2021-09-08,Elite Plus,North America,Frankie Fletcher,831,364,833.28
7859,Doyle LLC,2019-03-21,2020-03-20,Elite Plus,North America,Alice Cole,833,365,833.0
5214,Balistreri - Ondricka,2021-03-29,2022-03-28,Elite Plus,Latin America,Judy Jacobs,829,364,831.28
5788,Dietrich - Gaverman,2021-09-04,2021-10-03,Classic,North America,Grant Cortez,66,29,830.69
2001,Wiza - Robel,2021-08-04,2021-09-02,Classic,North America,Frankie Fletcher,66,29,830.69
5515,Gammendor - O'Reilly,2020-01-13,2021-01-12,Classic,North America,Angelo Payne,829,365,829.0
1566,"Grimes, Kshlerin and Connelly",2020-10-04,2023-10-03,Elite Plus,Europe,Cecelia Burgess,2482,1094,828.09
5399,"Marks, Daniel and Larson",2021-06-20,2021-07-20,Classic,Latin America,Marsha Aguilar,68,30,827.33
4448,Ponting - Jakubowski,2021-06-05,2022-06-04,Elite Plus,Europe,Alton Hunt,825,364,827.27
4589,Renner - Schiller,2022-07-01,2023-06-30,Elite Plus,North America,Judy Jacobs,825,364,827.27
3702,Rippin and Sons,2021-05-14,2022-05-13,Classic,North America,Aloyna Gregory,825,364,827.27
4418,"Zemlak, Steuber and Rempel",2020-06-29,2021-06-28,Elite Plus,North America,Karl Long,825,364,827.27
3808,Ferry Inc,2022-06-15,2023-06-14,Elite Plus,Asia,Karl Long,824,364,826.26
2186,Collins - Rosenbaum,2020-10-12,2022-10-11,Elite Plus,Europe,Ramon Garcia,1650,729,826.13
8068,"McClure, Howe and Pfeffer",2019-10-24,2020-10-23,Elite Plus,Europe,Walter Sacha,825,365,825.0
6403,"Quigley, Veum and Reilly",2020-09-12,2021-09-11,Elite Plus,North America,Angelo Payne,822,364,824.26
7042,"Prohaska, Block and Stracke",2018-10-18,2019-10-17,Classic,North America,Marsha Aguilar,820,364,822.25
1771,Hane - Oberbrunner,2021-02-28,2021-10-12,Elite Plus,Asia,Judy Jacobs,509,226,822.06
6195,"Dietrich, Larson and Murazik",2022-12-22,2023-07-16,Elite Plus,Europe,Christopher Little,463,206,820.36
262,Koch LLC,2019-10-16,2020-10-15,Elite Plus,North America,Alton Hunt,819,365,819.0
7244,Lemke Inc,2019-12-24,2020-12-23,Classic,North America,Walter Sacha,818,365,818.0
3594,"Parker, Schuppe and Watsica",2021-01-08,2022-01-07,Classic,North America,Tomas Glover,815,364,817.24
1958,"Feil, Norman and Mayer",2021-03-31,2022-03-30,Elite Plus,Europe,Marshall Lawson,813,364,815.23
4972,"Kuhlman, Schulist and Wisozk",2021-03-01,2022-02-28,Classic,Latin America,Dana Henderson,813,364,815.23
3155,Krajcik - Bundel,2022-03-30,2023-03-29,Elite Plus,Europe,Marsha Aguilar,812,364,814.23
2765,Jast - Balistreri,2021-10-27,2022-10-26,Elite Plus,North America,Lonnie May,811,364,813.23
7377,"Kerluke, Dach and Rogahn",2018-11-25,2019-11-24,Classic,North America,Phil Baker,811,364,813.23
8049,Aberly-Canten,2019-09-12,2020-09-11,Classic,Asia,Patty Ingram,812,365,812.0
4276,Dickens Inc,2021-07-14,2022-07-13,Classic,Latin America,Dana Henderson,809,364,811.22
3229,Vandervort - Upton,2020-11-11,2021-11-10,Elite Plus,North America,John Sacker,809,364,811.22
445,Keebler Inc,2021-12-31,2023-03-01,Elite Plus,Latin America,Phil Baker,944,425,810.73
6272,Bechel Inc,2021-03-17,2022-03-16,Elite Plus,Europe,Walter Sacha,808,364,810.22
2084,Murphy - Bahringer,2021-06-30,2024-06-29,Elite Plus,Latin America,Christopher Little,2430,1095,810.0
3830,Sauer and Sons,2020-01-01,2020-12-31,Classic,Latin America,Alice Cole,810,365,810.0
7707,Harris LLC,2018-11-22,2019-11-21,Classic,North America,Ross Hines,807,364,809.22
3666,"Torp, Schneider and Lesch",2021-01-15,2021-05-06,Elite Plus,North America,Celia Clayton,246,111,808.92
7812,Bins-Glover,2019-02-03,2020-02-02,Classic,North America,Alice Cole,806,364,808.21
29,Weissnat and Sons,2020-06-26,2021-06-25,Classic,North America,Aloyna Gregory,806,364,808.21
1389,Bundel - Klocko,2020-09-16,2021-09-15,Elite Plus,North America,John Sacker,805,364,807.21
2455,"Tromp, Gillespie and Pimpernel",2021-09-05,2022-09-04,Elite Plus,North America,Judy Jacobs,805,364,807.21
4347,Weimann and Sons,2021-06-07,2022-06-06,Elite Plus,North America,Aloyna Gregory,804,364,806.21
6836,Doyle LLC,2019-04-28,2020-04-27,Classic,North America,Alice Cole,806,365,806.0
2728,"Morissette, Purdy and Mraz",2019-11-29,2020-11-28,Elite Plus,Europe,Christopher Little,806,365,806.0
7218,Smitham and Sons,2019-03-21,2020-03-20,Classic,North America,Aloyna Gregory,806,365,806.0
2016,Roob - Halvorson,2021-07-02,2021-07-31,Classic,North America,Marsha Aguilar,64,29,805.52
7297,Fahey-Ponting,2018-10-18,2019-10-17,Classic,Europe,Grant Cortez,803,364,805.21
6633,Mauston and Sons,2020-06-30,2021-06-30,Elite Plus,Asia,Aloyna Gregory,805,365,805.0
693,Schulist - Hills,2021-03-15,2024-03-14,Elite Plus,Asia,Alice Cole,2415,1095,805.0
2425,"Tromp, Gillespie and Pimpernel",2021-02-03,2022-02-02,Elite Plus,North America,Judy Jacobs,802,364,804.2
6336,"Strosin, McGlynn and Emmerich",2021-10-12,2022-10-11,Elite Plus,North America,Ross Hines,801,364,803.2
8059,"Gleason, Bartoletti and Stoltenberg",2019-09-17,2020-09-16,Classic,North America,Dana Henderson,803,365,803.0
6494,Morissette Inc,2022-01-24,2023-01-23,Elite Plus,Europe,Marsha Aguilar,800,364,802.2
1298,Stiedemann Group,2020-02-15,2021-02-14,Elite Plus,North America,Alice Cole,802,365,802.0
280,Koch LLC,2021-06-05,2022-06-04,Elite Plus,North America,Alton Hunt,799,364,801.2
607,"Belfact, Balistreri and Kreiger",2022-08-15,2023-08-14,Elite Plus,North America,Tomas Glover,798,364,800.19
5797,"Hilll, Friesen and O'Connell",2020-06-19,2021-06-18,Elite Plus,North America,Marsha Aguilar,798,364,800.19
1315,Stiedemann Group,2020-09-04,2021-09-03,Elite Plus,North America,Alice Cole,798,364,800.19
2413,"Tromp, Gillespie and Pimpernel",2020-07-11,2021-06-09,Elite Plus,North America,Judy Jacobs,730,333,800.15
967,"Lubowitz, Franecki and Schuster",2021-03-08,2021-09-07,Elite Plus,Latin America,John Sacker,401,183,799.81
7188,Kreiger Group,2019-06-14,2020-06-13,Classic,Europe,Phil Baker,799,365,799.0
5148,"Leffler, Kertzmann and Heathcote",2020-03-29,2021-03-29,Classic,North America,Grant Cortez,799,365,799.0
1754,Chechauski LLC,2020-08-05,2021-08-04,Elite Plus,North America,John Sacker,796,364,798.19
4909,Kirlin - Simonis,2023-08-27,2023-11-26,Elite Plus,North America,Frankie Fletcher,199,91,798.19
2427,"Tromp, Gillespie and Pimpernel",2021-05-10,2021-11-01,Elite Plus,North America,Judy Jacobs,382,175,796.74
995,Larson - Bundel,2021-05-30,2022-05-29,Elite Plus,North America,Angelo Payne,794,364,796.18
4408,"Koss, Jaskolski and O'Connell",2020-01-02,2020-03-03,Classic,North America,Karl Long,133,61,795.82
2392,Ryan LLC,2021-05-08,2024-05-07,Classic,Latin America,Frankie Fletcher,2387,1095,795.67
2171,Hudson - Feil,2021-02-10,2022-02-09,Elite Plus,North America,Micheal Williams,793,364,795.18
56,"Ondricka, Donnelly and Larson",2021-09-12,2022-09-11,Classic,Europe,Ramon Garcia,793,364,795.18
4436,Rath Group,2021-02-21,2022-02-20,Elite Plus,North America,Frankie Fletcher,793,364,795.18
7389,Zieme-Hermann,2018-11-29,2019-11-28,Classic,Europe,Grant Cortez,793,364,795.18
4070,"Gulgowski, Lang and Mosciski",2021-09-20,2021-12-19,Elite Plus,Asia,Cecelia Burgess,196,90,794.89
914,"Lesch, Bernhard and Hills",2021-03-03,2023-01-16,Elite Plus,Europe,Jerald James,1489,684,794.57
4796,Graham Inc,2020-08-03,2021-08-02,Elite Plus,North America,Frankie Fletcher,792,364,794.18
32,Rippin - Rippin,2021-01-28,2022-01-27,Elite Plus,Europe,Phil Baker,792,364,794.18
1166,"Zamber, Gaverman and Hableton",2020-01-25,2021-01-24,Elite Plus,Europe,Lonnie May,794,365,794.0
690,Schulist - Hills,2021-06-25,2024-06-24,Elite Plus,Asia,Alice Cole,2380,1095,793.33
2202,"Purdy, Howe and Cassin",2020-07-12,2021-07-11,Elite Plus,Europe,Marshall Lawson,791,364,793.17
2788,"Padberg, Schumm and Moen",2021-07-30,2021-08-28,Classic,North America,Lonnie May,63,29,792.93
2853,Gleichner - Lockman,2020-12-06,2021-12-05,Elite Plus,Latin America,Aloyna Gregory,790,364,792.17
5004,Wehner and Sons,2020-05-11,2021-05-10,Elite Plus,North America,Lonnie May,790,364,792.17
3460,Barrows LLC,2020-02-25,2021-02-24,Elite Plus,North America,Grant Cortez,791,365,791.0
4874,Raynor Inc,2021-03-13,2022-03-13,Classic,Europe,Tomas Glover,791,365,791.0
4328,"Klocko, Kessler and Shields",2020-12-27,2021-01-26,Classic,North America,Karl Long,65,30,790.83
2379,Sawayn - Moen,2021-05-16,2022-05-15,Classic,North America,Micheal Williams,788,364,790.16
8021,Fadel Ltd,2019-09-23,2020-09-22,Classic,Latin America,Ramon Garcia,790,365,790.0
3095,O'Kon - Weber,2021-07-13,2023-07-12,Elite Plus,North America,Grant Cortez,1574,729,788.08
1519,"Ullrich, Frost and Purdy",2020-02-25,2021-02-24,Elite Plus,Latin America,Tomas Glover,788,365,788.0
7926,West-Witting,2020-01-19,2021-01-18,Classic,North America,Celia Clayton,788,365,788.0
5829,"Hilll, Friesen and O'Connell",2022-03-01,2023-02-28,Elite Plus,North America,Marsha Aguilar,785,364,787.16
2452,"Tromp, Gillespie and Pimpernel",2021-11-17,2022-11-16,Elite Plus,North America,Judy Jacobs,785,364,787.16
8229,"Cummings, Bednar and Gerlach",2018-03-08,2019-03-07,Classic,Europe,Cecelia Burgess,784,364,786.15
6662,Lindgren and Sons,2021-05-13,2022-05-12,Elite Plus,North America,Walter Sacha,784,364,786.15
1220,Rau Group,2021-05-11,2021-08-11,Elite Plus,Latin America,Sonja Griffin,198,92,785.54
5233,Stark LLC,2019-11-14,2020-11-13,Classic,North America,Micheal Williams,784,365,784.0
6811,Ruecker and Sons,2019-08-04,2020-08-03,Elite Plus,North America,Alton Hunt,783,365,783.0
111,"Hayes, Wilderman and Cremin",2021-04-12,2021-05-11,Classic,Latin America,Alton Hunt,62,29,780.34
1710,Schuster and Sons,2021-07-25,2021-08-23,Classic,Latin America,John Sacker,62,29,780.34
7424,Belfact-Stroman,2018-05-24,2019-05-23,Classic,North America,Lonnie May,778,364,780.14
2122,Bundel and Sons,2023-02-01,2024-01-31,Elite Plus,Europe,Alton Hunt,778,364,780.14
2533,White LLC,2021-05-23,2022-05-22,Classic,North America,Ross Hines,778,364,780.14
8094,Zieme-Hermann,2019-11-23,2020-11-22,Classic,Europe,Grant Cortez,780,365,780.0
3093,O'Kon - Weber,2022-04-22,2023-11-20,Elite Plus,North America,Grant Cortez,1232,577,779.34
7604,Cremin-Stracke,2018-02-01,2018-05-01,Classic,North America,Ramon Garcia,190,89,779.21
4106,Hartmann - Bergstrom,2021-06-27,2021-07-27,Classic,Europe,Sonja Griffin,64,30,778.67
5734,Kessler - Fahey,2021-06-19,2021-07-19,Classic,Latin America,Christopher Little,64,30,778.67
1292,Dach - Kunze,2021-10-15,2022-10-14,Elite Plus,Asia,Jerald James,776,364,778.13
5183,Herzog LLC,2020-10-25,2021-10-24,Elite Plus,Europe,Phil Baker,776,364,778.13
5496,"Koss, Kub and Hartmann",2020-08-24,2021-08-23,Classic,Europe,Ramon Garcia,776,364,778.13
3308,"Mackerrel, Schroeder and Gutkowski",2020-08-03,2021-08-02,Elite Plus,North America,Tomas Glover,776,364,778.13
3388,Rippin Inc,2020-06-11,2021-06-10,Elite Plus,North America,Tomas Glover,776,364,778.13
7569,Robel Inc,2018-04-17,2019-04-16,Classic,North America,Walter Sacha,776,364,778.13
4221,Cummings and Sons,2021-10-12,2023-10-11,Elite Plus,Europe,Marsha Aguilar,1554,729,778.07
3499,McCullough - Albertson,2021-02-15,2022-02-14,Elite Plus,North America,Ross Hines,775,364,777.13
1336,O'Conner and Sons,2020-05-13,2021-05-12,Elite Plus,North America,Cecelia Burgess,775,364,777.13
1605,Hessel Group,2020-08-22,2021-08-21,Classic,Latin America,Grant Cortez,774,364,776.13
7805,Herman Group,2019-05-14,2020-05-13,Elite Plus,Europe,Dana Henderson,775,365,775.0
1584,MacGyver LLC,2021-05-26,2023-05-25,Classic,Latin America,Jerald James,1546,729,774.06
4555,"Erdman, Bode and Beier",2020-03-23,2021-03-23,Elite Plus,Europe,Christopher Little,774,365,774.0
2851,Powlowski - Hilpert,2020-10-22,2021-10-21,Elite Plus,Asia,Sonja Griffin,771,364,773.12
5508,Rippin Inc,2020-02-26,2021-02-25,Elite Plus,North America,Tomas Glover,773,365,773.0
2457,"Tromp, Gillespie and Pimpernel",2021-09-28,2022-09-27,Elite Plus,North America,Judy Jacobs,770,364,772.12
2058,Hudson - Collier,2021-09-12,2023-09-11,Classic,Europe,Phil Baker,1542,729,772.06
8002,Schimmel-Hintz,2019-10-22,2020-10-21,Classic,Europe,John Sacker,772,365,772.0
7606,"Stanton, Homenick and Donnelly",2018-06-21,2019-06-20,Classic,North America,Cecelia Burgess,769,364,771.11
5759,"Waugh, Herzog and Tremblay",2021-07-31,2022-07-30,Elite Plus,Europe,Marsha Aguilar,769,364,771.11
7294,"Gerlach, Reynolds and Cormier",2018-10-18,2019-10-17,Classic,Asia,Sonja Griffin,768,364,770.11
1637,Greenholt - Farrell,2021-08-22,2022-08-21,Elite Plus,Asia,Grant Cortez,768,364,770.11
5725,Kessler - Fahey,2020-02-03,2021-02-03,Classic,Latin America,Christopher Little,771,366,768.89
567,Mann - Mauston,2020-08-08,2021-08-07,Classic,Latin America,Walter Sacha,766,364,768.1
3193,Wolf - Weber,2021-03-19,2022-03-18,Elite Plus,North America,Alton Hunt,766,364,768.1
4980,Zamber Group,2020-12-22,2021-12-21,Classic,Latin America,Ramon Garcia,766,364,768.1
7794,Kuvalis-Stiedemann,2019-03-24,2020-03-23,Elite Plus,North America,Karl Long,768,365,768.0
66,Marks and Sons,2021-04-06,2021-11-06,Elite Plus,Europe,Karl Long,450,214,767.52
4823,Graham Group,2020-05-10,2020-12-03,Classic,North America,Ramon Garcia,435,207,767.03
8162,"Turcotte, Kuhic and Keeling",2019-12-19,2020-12-18,Classic,North America,John Sacker,767,365,767.0
3660,Kuvalis LLC,2021-07-22,2021-08-21,Classic,Latin America,Sonja Griffin,63,30,766.5
7374,"Johnston, Casper and Robel",2018-12-02,2019-12-01,Classic,North America,Micheal Williams,763,364,765.1
5330,"Erdman, Schaden and Bechel",2021-10-05,2022-08-26,Elite Plus,Europe,Celia Clayton,681,325,764.82
3964,"Gaylord, Fay and Frost",2021-06-26,2022-04-25,Elite Plus,Asia,Phil Baker,634,303,763.73
3016,Gammendor - Frost,2020-12-15,2021-12-14,Elite Plus,Europe,Frankie Fletcher,761,364,763.09
3884,Huels and Sons,2021-11-15,2022-11-14,Elite Plus,North America,Dana Henderson,761,364,763.09
3371,"Blick, Bernier and Flatley",2021-03-19,2022-03-18,Classic,Latin America,Celia Clayton,760,364,762.09
3541,"O'Connell, Stehr and Schuppe",2022-06-03,2023-06-02,Elite Plus,Asia,Grant Cortez,760,364,762.09
1660,"Bernier, West and Pimpernel",2019-12-17,2020-12-16,Classic,Latin America,Lonnie May,762,365,762.0
420,Zboncak LLC,2021-11-14,2024-08-13,Elite Plus,North America,Marshall Lawson,2092,1003,761.3
4881,Johns LLC,2021-09-06,2022-09-05,Elite Plus,North America,Lonnie May,759,364,761.09
2948,Brakus - Stantner,2020-08-02,2021-08-01,Classic,Latin America,Jerald James,758,364,760.08
7405,Sauer Ltd,2018-12-02,2019-12-01,Classic,Europe,Phil Baker,758,364,760.08
7373,"Johnston, Casper and Robel",2018-12-02,2019-12-01,Classic,North America,Micheal Williams,757,364,759.08
3823,Satterfield Group,2021-03-05,2022-03-04,Classic,Latin America,Patty Ingram,756,364,758.08
6210,"Dietrich, Larson and Murazik",2021-06-14,2022-06-13,Classic,Europe,Christopher Little,755,364,757.07
1644,Weissnat - Kessler,2021-12-15,2023-12-14,Elite Plus,Europe,Lonnie May,1511,729,756.54
4377,Gusikowski Inc,2021-09-05,2022-09-04,Elite Plus,Latin America,Aloyna Gregory,754,364,756.07
2809,Mosciski - Prosacco,2021-05-20,2022-05-19,Elite Plus,North America,Aloyna Gregory,754,364,756.07
8227,Skiles and Sons,2018-04-22,2019-04-21,Classic,Europe,Tomas Glover,754,364,756.07
8185,West-Marks,2018-12-13,2019-12-12,Classic,North America,Phil Baker,754,364,756.07
1533,Tillman LLC,2021-07-04,2024-07-03,Elite Plus,Europe,Alton Hunt,2267,1095,755.67
562,"Shields, Durgan and Hettinger",2021-04-11,2022-04-10,Elite Plus,Europe,Celia Clayton,753,364,755.07
2499,Agarwaliamson - Mayert,2021-09-09,2022-05-15,Elite Plus,Europe,Dana Henderson,513,248,755.02
1050,"Johnson, Farrell and Zieme",2022-07-01,2022-12-13,Elite Plus,North America,Aloyna Gregory,341,165,754.33
3749,Runte Group,2020-12-04,2021-01-03,Classic,Latin America,Karl Long,62,30,754.33
6801,Dicki-Johns,2019-07-24,2020-07-23,Elite Plus,Latin America,Alton Hunt,754,365,754.0
3079,O'Kon - Weber,2021-01-07,2022-01-06,Elite Plus,North America,Grant Cortez,751,364,753.06
1282,"Trantow, Dickens and Rogahn",2021-03-06,2022-03-05,Elite Plus,North America,Celia Clayton,751,364,753.06
8066,Murphy Group,2019-11-17,2020-11-16,Elite Plus,North America,Marshall Lawson,753,365,753.0
5306,Hudson and Sons,2020-10-07,2021-10-06,Elite Plus,Europe,Ramon Garcia,749,364,751.06
5232,Stark LLC,2020-01-04,2021-01-03,Classic,North America,Micheal Williams,751,365,751.0
154,"Kirlin, Haag and Heller",2020-01-24,2021-01-24,Classic,Europe,Marsha Aguilar,752,366,749.95
6261,Bechel Inc,2022-03-09,2023-03-08,Elite Plus,Europe,Walter Sacha,747,364,749.05
6142,"Dietrich, Larson and Murazik",2020-08-02,2021-08-01,Elite Plus,Europe,Christopher Little,747,364,749.05
7484,Jacobi-Tremblay,2018-10-14,2019-10-13,Classic,North America,Dana Henderson,747,364,749.05
4447,Ponting - Jakubowski,2021-02-12,2022-02-11,Elite Plus,Europe,Alton Hunt,747,364,749.05
4626,Vandervort LLC,2021-02-11,2022-02-10,Classic,Europe,Christopher Little,746,364,748.05
7530,Campbelll LLC,2019-02-07,2020-02-06,Classic,North America,Christopher Little,745,364,747.05
5187,Herzog LLC,2021-10-11,2022-10-10,Elite Plus,Europe,Phil Baker,745,364,747.05
3926,Waugh - Hamill,2020-05-07,2021-05-06,Classic,Latin America,Christopher Little,745,364,747.05
7627,"Gleason, Bartoletti and Stoltenberg",2018-02-21,2019-02-20,Classic,North America,Dana Henderson,744,364,746.04
6778,"Thiel, Yost and Mante",2019-07-14,2020-07-13,Classic,North America,Patty Ingram,746,365,746.0
429,Zboncak LLC,2021-07-24,2024-05-06,Elite Plus,North America,Marshall Lawson,2078,1017,745.79
5539,Goldner Inc,2020-06-08,2021-06-07,Classic,Latin America,Aloyna Gregory,743,364,745.04
1768,Hane - Oberbrunner,2020-10-31,2021-10-30,Elite Plus,Asia,Judy Jacobs,743,364,745.04
5631,"Stiedemann, Labadie and Prosacco",2022-08-26,2023-08-25,Elite Plus,North America,Ramon Garcia,743,364,745.04
6954,Murphy-Rosemont,2019-06-23,2020-06-22,Classic,North America,Lonnie May,745,365,745.0
2120,Bundel and Sons,2023-03-18,2024-03-16,Elite Plus,Europe,Alton Hunt,742,364,744.04
2543,Rutherford Group,2021-01-22,2021-02-18,Classic,Europe,Celia Clayton,55,27,743.52
89,Haag LLC,2022-07-12,2023-07-11,Classic,Latin America,Celia Clayton,741,364,743.04
4380,"Murray, Nitzsche and Parisian",2021-02-28,2022-02-28,Classic,Asia,Phil Baker,743,365,743.0
6380,Satterfield and Sons,2021-05-20,2021-06-18,Classic,Latin America,Jerald James,59,29,742.59
3129,Frost - Rumsfeld,2021-06-17,2021-07-17,Classic,North America,Frankie Fletcher,61,30,742.17
3340,"Gupta,Agarwal and Nolan",2021-03-14,2021-04-13,Classic,Asia,Tomas Glover,61,30,742.17
5914,"Harris, Crooks and Ferry",2021-05-16,2021-06-15,Classic,North America,Marsha Aguilar,61,30,742.17
5730,Kessler - Fahey,2021-02-03,2021-03-05,Classic,Latin America,Christopher Little,61,30,742.17
3411,Waelchi - Botsford,2020-12-22,2021-01-21,Classic,Latin America,Walter Sacha,61,30,742.17
8139,Greenfelder Group,2019-12-29,2020-12-28,Elite Plus,North America,Sonja Griffin,742,365,742.0
197,Schoen LLC,2021-02-13,2022-02-12,Elite Plus,Asia,Karl Long,739,364,741.03
1772,Hane - Oberbrunner,2022-01-25,2022-03-01,Elite Plus,Asia,Judy Jacobs,71,35,740.43
7434,"Glover, Jast and Cassin",2018-10-22,2019-10-21,Classic,North America,Christopher Little,738,364,740.03
7528,Moen and Sons,2018-03-20,2019-03-19,Classic,North America,Karl Long,738,364,740.03
2015,Roob - Halvorson,2021-04-19,2022-04-18,Classic,North America,Marsha Aguilar,738,364,740.03
2451,"Tromp, Gillespie and Pimpernel",2021-08-12,2022-08-11,Elite Plus,North America,Judy Jacobs,738,364,740.03
6131,Wisoky Group,2021-04-29,2024-04-27,Elite Plus,North America,Christopher Little,2214,1094,738.67
7587,"Lemke, Nitzsche and Bergstrom",2018-06-03,2019-06-02,Classic,North America,Christopher Little,736,364,738.02
6180,"Dietrich, Larson and Murazik",2023-03-13,2023-09-12,Elite Plus,Europe,Christopher Little,370,183,737.98
4829,Graham Group,2021-11-12,2022-11-11,Classic,North America,Ramon Garcia,735,364,737.02
5547,Oberbrunner Inc,2021-11-14,2024-07-06,Elite Plus,North America,Karl Long,1946,965,736.05
3655,Kuvalis LLC,2020-08-30,2021-08-29,Classic,Latin America,Sonja Griffin,734,364,736.02
7774,Glover Group,2018-11-27,2019-11-26,Classic,Europe,Alice Cole,733,364,735.01
770,"Kunze, Jaskolski and Labadie",2020-12-17,2021-12-16,Elite Plus,Europe,Walter Sacha,733,364,735.01
5126,"Reinger, Champlin and Streich",2021-05-31,2022-05-30,Elite Plus,North America,Marsha Aguilar,733,364,735.01
4414,"Koss, Jaskolski and O'Connell",2020-12-30,2021-03-29,Classic,North America,Karl Long,179,89,734.1
3709,Rosenbaum LLC,2020-04-10,2021-04-10,Classic,North America,Marsha Aguilar,733,365,733.0
756,Sporer Group,2021-07-31,2022-07-30,Elite Plus,Europe,Christopher Little,730,364,732.01
1866,"Kassulke, Fritsch and Lebsack",2021-10-13,2024-10-12,Elite Plus,North America,Jerald James,2195,1095,731.67
7735,"Frost, Agarwaliamson and Hane",2018-08-20,2019-08-19,Classic,North America,Frankie Fletcher,729,364,731.0
1845,Goodwin and Sons,2019-12-08,2020-12-07,Elite Plus,North America,Angelo Payne,731,365,731.0
130,Benjamin Batterbond,2021-03-13,2021-04-11,Classic,North America,Ramon Garcia,58,29,730.0
2108,Bundel and Sons,2021-07-06,2021-10-05,Elite Plus,Europe,Alton Hunt,182,91,730.0
4655,Raynor - Howell,2021-10-15,2021-11-13,Classic,Latin America,Cecelia Burgess,58,29,730.0
5264,Schmeler - Ankunding,2021-05-12,2022-05-11,Elite Plus,North America,John Sacker,728,364,730.0
2482,Schmidt - McClure,2021-05-22,2021-06-20,Classic,Latin America,Phil Baker,58,29,730.0
2919,Parker - Runolfsson,2021-01-18,2024-01-17,Elite Plus,Asia,Sonja Griffin,2187,1094,729.67
1676,Roberts - Sipes,2020-06-12,2021-06-11,Classic,Latin America,Marshall Lawson,727,364,729.0
7092,Stantner LLC,2018-09-17,2019-09-16,Classic,Europe,Jerald James,727,364,729.0
2607,Gaverman - Erdman,2021-07-20,2024-07-19,Elite Plus,Asia,Phil Baker,2185,1095,728.33
1509,"Schmeler, Schmitt and Frami",2019-12-21,2020-12-20,Classic,North America,Walter Sacha,728,365,728.0
352,"Roob, Smith and Bechtelar",2021-05-02,2024-05-01,Elite Plus,North America,Alton Hunt,2180,1095,726.67
750,Sporer Group,2021-09-26,2022-10-03,Elite Plus,Europe,Christopher Little,740,372,726.08
1760,Hintz - Boone,2021-08-28,2022-08-27,Classic,Latin America,John Sacker,724,364,725.99
4052,Erdman Group,2021-09-11,2022-09-10,Elite Plus,North America,Judy Jacobs,723,364,724.99
2921,Parker - Runolfsson,2021-09-12,2022-09-11,Elite Plus,Asia,Sonja Griffin,723,364,724.99
813,Schimmel LLC,2023-03-15,2023-09-11,Elite Plus,North America,Ramon Garcia,357,180,723.92
7747,Ziemann PLC,2018-09-09,2019-03-08,Classic,Europe,Phil Baker,357,180,723.92
5320,"Erdman, Schaden and Bechel",2020-06-17,2021-06-29,Elite Plus,Europe,Celia Clayton,747,377,723.22
2878,"Bernier, Metz and Fay",2020-01-06,2021-01-04,Elite Plus,North America,Grant Cortez,721,364,722.98
7278,Herzog-Bode,2018-09-13,2019-09-12,Classic,North America,Sonja Griffin,721,364,722.98
5509,Halvorson Group,2020-05-27,2021-05-26,Classic,Latin America,Celia Clayton,719,364,720.98
6625,Hartmann Group,2021-05-03,2022-05-02,Elite Plus,Asia,Walter Sacha,719,364,720.98
6293,Kulas - Ryan,2020-12-09,2021-12-08,Elite Plus,North America,Christopher Little,719,364,720.98
1153,"Osinski, Bradtke and Schmidt",2020-06-16,2021-06-15,Classic,North America,Dana Henderson,719,364,720.98
5573,Murray LLC,2020-06-12,2020-12-25,Classic,Europe,Celia Clayton,387,196,720.69
1236,Fadel LLC,2021-05-14,2022-05-13,Elite Plus,North America,Alice Cole,718,364,719.97
4651,"Jaskolski, Raynor and Wehner",2021-12-10,2022-12-09,Elite Plus,North America,Grant Cortez,718,364,719.97
8166,"McGlynn, Huel and Goyette",2019-11-08,2020-11-07,Classic,North America,Alice Cole,718,365,718.0
532,"Renner, Harber and Chechauski",2021-05-06,2022-05-05,Classic,Latin America,Micheal Williams,716,364,717.97
4835,Deckow - Deckow,2021-05-18,2021-06-17,Classic,Latin America,Angelo Payne,59,30,717.83
3599,Jakubowski LLC,2021-07-17,2021-08-16,Classic,Latin America,Judy Jacobs,59,30,717.83
5400,"Marks, Daniel and Larson",2021-09-21,2021-10-20,Classic,Latin America,Marsha Aguilar,57,29,717.41
3045,Bayer - Miller,2019-11-09,2020-11-08,Classic,North America,Christopher Little,717,365,717.0
6412,"Quigley, Veum and Reilly",2021-01-28,2022-01-27,Elite Plus,North America,Angelo Payne,715,364,716.96
3196,"Wolff, Howe and Goldner",2021-08-02,2022-08-01,Classic,Latin America,Judy Jacobs,715,364,716.96
2856,Gleichner - Lockman,2021-12-15,2022-12-14,Elite Plus,Latin America,Aloyna Gregory,714,364,715.96
26,Weissnat and Sons,2020-04-21,2021-04-20,Classic,North America,Aloyna Gregory,714,364,715.96
1776,Hane - Oberbrunner,2021-01-15,2021-12-14,Elite Plus,Asia,Judy Jacobs,653,333,715.75
2196,"Bartoletti, Hodkiewicz and Sanford",2020-11-30,2021-11-29,Classic,Europe,Ramon Garcia,713,364,714.96
4044,Erdman Group,2021-08-02,2022-08-01,Elite Plus,North America,Judy Jacobs,711,364,712.95
3722,Jones LLC,2021-08-21,2022-08-20,Elite Plus,North America,Lonnie May,711,364,712.95
223,"Johns, Walsh and Gorczany",2021-01-19,2022-02-11,Elite Plus,North America,Dana Henderson,757,388,712.13
2371,Beahan Inc,2021-01-28,2022-01-27,Classic,North America,Ross Hines,709,364,710.95
621,Blanda - O'Hara,2021-08-15,2022-08-14,Elite Plus,Europe,Alice Cole,709,364,710.95
2595,O'Kon - Trantow,2020-09-15,2021-09-14,Classic,Asia,Tomas Glover,709,364,710.95
3353,"Rosemont, Beatty and Wolff",2021-03-27,2022-03-26,Elite Plus,Asia,Jerald James,709,364,710.95
1529,Tillman LLC,2020-04-02,2021-04-01,Elite Plus,Europe,Alton Hunt,709,364,710.95
350,"Schmidt, Weissnat and Fritsch",2021-09-04,2024-09-03,Elite Plus,North America,Angelo Payne,2131,1095,710.33
3537,Crist Group,2022-01-03,2023-01-02,Elite Plus,Asia,Walter Sacha,708,364,709.95
4273,Hamill - Kuphal,2021-08-04,2022-08-03,Elite Plus,Europe,Tomas Glover,708,364,709.95
1837,Schuster - Torp,2021-09-20,2024-07-20,Elite Plus,North America,Ramon Garcia,2011,1034,709.88
3516,Larson - Heaney,2022-03-12,2024-03-10,Elite Plus,Asia,Marshall Lawson,1416,729,708.97
5953,Schuster and Sons,2020-12-25,2021-12-24,Elite Plus,North America,John Sacker,707,364,708.94
1130,"Hahn, Nienow and Baumbach",2020-05-19,2021-05-18,Classic,Asia,Christopher Little,706,364,707.94
2139,"Swaniawski, Orn and Smitham",2021-10-13,2022-10-12,Elite Plus,Europe,Celia Clayton,706,364,707.94
4702,"Wunsch, Marquardt and Bon",2020-04-28,2021-04-27,Classic,Europe,Karl Long,705,364,706.94
8112,Bins-Glover,2019-11-19,2020-11-18,Classic,North America,Alice Cole,706,365,706.0
5348,Beer - Ruecker,2020-03-31,2021-03-30,Classic,Latin America,Alice Cole,704,364,705.93
5086,Kuhlman - Schumm,2021-06-26,2021-07-26,Classic,Asia,Ross Hines,58,30,705.67
6634,Mauston and Sons,2021-07-03,2021-08-02,Classic,Asia,Aloyna Gregory,58,30,705.67
6610,"Simonis, Boone and Swift",2021-10-17,2021-11-16,Classic,North America,Cecelia Burgess,58,30,705.67
4637,"Watsica, Leannon and McCullough",2021-06-30,2021-07-30,Classic,North America,Phil Baker,58,30,705.67
4372,Gusikowski Inc,2020-11-26,2021-11-25,Elite Plus,Latin America,Aloyna Gregory,703,364,704.93
3458,Effertz Inc,2021-07-04,2021-08-02,Classic,Europe,Christopher Little,56,29,704.83
1327,Stiedemann Group,2021-09-30,2023-09-29,Elite Plus,North America,Alice Cole,1407,729,704.47
6824,"Gusikowski, Mertz and Abbott",2019-06-16,2020-06-15,Classic,North America,Tomas Glover,704,365,704.0
321,"Hessel, Langworth and Abtel",2020-11-27,2021-11-26,Elite Plus,North America,Dana Henderson,702,364,703.93
5314,"Quigley, Champlin and Ondricka",2020-10-24,2021-10-23,Classic,North America,Angelo Payne,701,364,702.93
7681,Bundel PLC,2018-11-23,2019-11-22,Classic,North America,Ross Hines,700,364,701.92
5777,Quitzon LLC,2021-05-30,2023-05-29,Classic,Latin America,Walter Sacha,1400,729,700.96
6888,Mosciski Inc,2019-06-20,2020-06-19,Classic,North America,Dana Henderson,700,365,700.0
3493,McCullough - Albertson,2020-08-23,2021-04-28,Elite Plus,North America,Ross Hines,475,248,699.09
5655,Feil - Bode,2021-06-15,2022-06-15,Classic,Latin America,Sonja Griffin,699,365,699.0
6445,Streich - Kiehn,2020-03-20,2021-03-19,Classic,North America,Celia Clayton,696,364,697.91
5365,"O'Kon, Langosh and Kihn",2021-06-29,2022-06-28,Classic,Latin America,Jerald James,695,364,696.91
2418,"Tromp, Gillespie and Pimpernel",2021-02-13,2021-10-09,Elite Plus,North America,Judy Jacobs,454,238,696.26
8077,Mauston Inc,2020-01-23,2021-01-22,Elite Plus,North America,Micheal Williams,696,365,696.0
5652,"Leffler, Casper and Klocko",2020-07-19,2021-07-18,Elite Plus,North America,Sonja Griffin,694,364,695.91
6931,Bernier Ltd,2019-06-20,2020-06-19,Classic,North America,Frankie Fletcher,695,365,695.0
2585,"Marks, Russel and Hudson",2022-02-09,2024-02-08,Elite Plus,North America,Alice Cole,1388,729,694.95
5538,Leannon Group,2021-06-08,2022-06-07,Classic,Latin America,Alice Cole,693,364,694.9
7150,Sporer LLC,2018-08-29,2019-08-28,Classic,North America,Ross Hines,693,364,694.9
7285,Volkman-Sipes,2018-09-10,2019-09-09,Elite Plus,Asia,Lonnie May,693,364,694.9
7411,Volkman-Sipes,2018-09-10,2019-09-09,Elite Plus,Asia,Lonnie May,693,364,694.9
5245,"Lowe, Weimann and Mertz",2022-06-13,2023-06-12,Elite Plus,Asia,Marsha Aguilar,691,364,692.9
6897,Kozey Group,2019-06-12,2020-06-11,Classic,North America,Phil Baker,692,365,692.0
4332,White Inc,2019-12-03,2020-12-02,Elite Plus,North America,Grant Cortez,692,365,692.0
2904,Ankunding Inc,2020-02-22,2021-02-20,Elite Plus,Asia,Celia Clayton,690,364,691.9
3025,Gammendor - Frost,2021-02-16,2022-02-15,Elite Plus,Europe,Frankie Fletcher,690,364,691.9
3947,"Graham, Rempel and Boyer",2020-11-29,2021-11-28,Elite Plus,North America,Walter Sacha,690,364,691.9
7189,Norman-Hahn,2019-05-24,2020-05-23,Classic,North America,Walter Sacha,691,365,691.0
2267,Oberbrunner - Belfact,2021-06-11,2023-01-11,Elite Plus,Europe,Marsha Aguilar,1096,579,690.92
669,"Goodwin, O'Reilly and Buckridge",2020-12-11,2021-12-10,Elite Plus,North America,Judy Jacobs,689,364,690.89
800,Schimmel LLC,2020-02-16,2021-02-14,Elite Plus,North America,Ramon Garcia,689,364,690.89
3649,Lakin - Glover,2021-01-04,2024-01-04,Elite Plus,North America,Phil Baker,2072,1095,690.67
6234,Crooks LLC,2022-09-12,2023-09-11,Elite Plus,North America,Aloyna Gregory,688,364,689.89
718,Rogahn - Albertson,2021-12-26,2023-10-08,Elite Plus,Asia,Alice Cole,1230,651,689.63
2882,"Bernier, Metz and Fay",2020-03-30,2021-03-29,Elite Plus,North America,Grant Cortez,687,364,688.89
7458,"Schulist, Luettgen and Miller",2018-09-23,2019-02-20,Classic,North America,Jerald James,283,150,688.63
6314,Baumbach - Zamber,2021-11-15,2022-11-15,Classic,Europe,Lonnie May,688,365,688.0
3299,Smitham - Kreiger,2021-12-05,2022-12-05,Classic,Latin America,Celia Clayton,688,365,688.0
4031,"Gerlach, Crist and Mueller",2020-11-01,2021-10-31,Classic,Latin America,Dana Henderson,686,364,687.88
6734,"Robel, Norman and Bartell",2021-08-26,2022-08-25,Elite Plus,Asia,Celia Clayton,686,364,687.88
7506,Kuvalis-Schroeder,2018-11-07,2019-11-06,Elite Plus,Europe,Karl Long,685,364,686.88
2592,O'Kon - Trantow,2020-03-17,2020-10-06,Classic,Asia,Tomas Glover,382,203,686.85
1881,Waelchi Group,2022-01-21,2023-01-20,Elite Plus,Latin America,Phil Baker,684,364,685.88
3787,Erdman and Sons,2021-01-30,2023-01-29,Elite Plus,Europe,Cecelia Burgess,1368,729,684.94
4324,Rodriguez LLC,2021-11-06,2024-11-05,Elite Plus,Asia,Dana Henderson,2053,1095,684.33
7107,"Bernhard, DuBuque and Green",2019-05-25,2020-05-24,Classic,North America,Frankie Fletcher,684,365,684.0
7181,Russel-Barrows,2019-04-07,2020-04-06,Classic,Europe,Christopher Little,684,365,684.0
2312,"Daniel, MacGyver and Ernser",2021-04-29,2022-04-28,Classic,North America,Walter Sacha,682,364,683.87
3012,Gammendor - Frost,2020-10-19,2021-10-18,Elite Plus,Europe,Frankie Fletcher,682,364,683.87
6008,O'Connell - Lehner,2021-08-05,2024-08-04,Elite Plus,North America,Karl Long,2049,1095,683.0
1342,"Kertzmann, Sipes and Herzog",2021-05-02,2022-05-01,Elite Plus,Europe,John Sacker,681,364,682.87
1351,Mohr - Streich,2021-11-14,2022-11-13,Elite Plus,North America,Dana Henderson,681,364,682.87
2950,Brakus - Stantner,2020-11-06,2021-11-05,Classic,Latin America,Jerald James,680,364,681.87
402,Zboncak LLC,2020-10-04,2021-10-03,Elite Plus,North America,Marshall Lawson,680,364,681.87
4111,Hartmann - Bergstrom,2021-05-19,2021-06-18,Classic,Europe,Sonja Griffin,56,30,681.33
6033,"Pollich, Dicki and Albertson",2021-02-21,2021-03-23,Classic,North America,Walter Sacha,56,30,681.33
865,"Stantner, Ponting and Rosenbaum",2021-06-20,2021-07-20,Classic,North America,Alice Cole,56,30,681.33
446,Keebler Inc,2021-11-13,2023-01-12,Elite Plus,Latin America,Phil Baker,793,425,681.05
2753,Jast - Balistreri,2020-08-17,2021-08-16,Elite Plus,North America,Lonnie May,679,364,680.87
1698,Schumm - Feil,2021-07-16,2022-07-15,Classic,Latin America,Patty Ingram,679,364,680.87
4300,Bundel - Reichert,2020-07-20,2021-07-19,Classic,Asia,Christopher Little,678,364,679.86
4374,Gusikowski Inc,2020-09-02,2021-09-01,Elite Plus,Latin America,Aloyna Gregory,677,364,678.86
4069,Pouros - Erdman,2021-02-11,2022-02-10,Classic,Latin America,Micheal Williams,677,364,678.86
6737,"Robel, Norman and Bartell",2021-08-22,2022-08-21,Elite Plus,Asia,Celia Clayton,677,364,678.86
7287,Rutherford-Zamber,2018-01-16,2019-01-15,Classic,North America,Marsha Aguilar,677,364,678.86
4848,Muller - Reichert,2019-12-07,2020-12-06,Classic,North America,John Sacker,678,365,678.0
4433,Rath Group,2020-12-13,2021-12-12,Elite Plus,North America,Frankie Fletcher,676,364,677.86
1210,"Rumsfeld, Bogan and Canten",2020-02-17,2021-02-15,Elite Plus,North America,John Sacker,676,364,677.86
550,Harvey and Sons,2021-01-24,2024-01-24,Elite Plus,Asia,Walter Sacha,2031,1095,677.0
5807,"Hilll, Friesen and O'Connell",2021-07-29,2022-07-28,Elite Plus,North America,Marsha Aguilar,675,364,676.85
1586,Renner - Kozey,2020-12-23,2021-12-22,Elite Plus,North America,Dana Henderson,675,364,676.85
8212,"Koch, Flatley and Spinka",2018-12-24,2019-11-06,Classic,Europe,Frankie Fletcher,587,317,675.88
5215,Aufderhar and Sons,2020-09-18,2021-09-17,Classic,Latin America,Alton Hunt,673,364,674.85
2807,Mosciski - Prosacco,2020-10-29,2021-10-28,Elite Plus,North America,Aloyna Gregory,673,364,674.85
7359,Hill-Batz,2018-12-13,2019-12-12,Classic,North America,Tomas Glover,672,364,673.85
4077,"Osinski, Farrell and Kutch",2021-04-04,2022-04-03,Elite Plus,Europe,Marsha Aguilar,672,364,673.85
6418,"Quigley, Veum and Reilly",2020-10-09,2021-10-08,Elite Plus,North America,Angelo Payne,672,364,673.85
8067,Campbelll-Donnelly,2019-10-17,2020-05-14,Elite Plus,North America,Patty Ingram,387,210,672.64
3954,"Lang, Mitchell and Grant",2020-12-09,2021-12-08,Classic,North America,Celia Clayton,670,364,671.84
2036,Ondricka - Sipes,2020-11-01,2024-01-02,Elite Plus,North America,Grant Cortez,2127,1157,671.01
3024,Gammendor - Frost,2020-11-08,2021-11-07,Elite Plus,Europe,Frankie Fletcher,669,364,670.84
7631,"Turcotte, Kuhic and Keeling",2018-04-23,2019-02-19,Classic,North America,John Sacker,555,302,670.78
5024,Butler LLC,2021-07-03,2021-08-02,Classic,North America,Celia Clayton,55,30,669.17
2822,Grady LLC,2021-09-13,2021-10-13,Classic,Latin America,Walter Sacha,55,30,669.17
5740,Kessler - Fahey,2021-08-20,2021-09-19,Classic,Latin America,Christopher Little,55,30,669.17
5498,"Koss, Kub and Hartmann",2021-04-22,2021-05-22,Classic,Europe,Ramon Garcia,55,30,669.17
471,Kertzmann - Mohr,2021-12-04,2022-12-03,Classic,Europe,Christopher Little,667,364,668.83
5911,"Harris, Crooks and Ferry",2020-12-24,2022-01-23,Classic,North America,Marsha Aguilar,723,395,668.09
6881,Olson-Kuvalis,2019-06-06,2020-06-05,Classic,North America,Marshall Lawson,668,365,668.0
6905,Robel Inc,2019-04-17,2020-04-16,Classic,North America,Walter Sacha,668,365,668.0
6919,Canten Inc,2019-07-24,2020-07-23,Classic,Europe,Marsha Aguilar,667,365,667.0
1280,"Trantow, Dickens and Rogahn",2019-11-11,2020-11-10,Elite Plus,North America,Celia Clayton,667,365,667.0
3386,Nienow - Bogisich,2021-09-29,2022-09-28,Elite Plus,Asia,Grant Cortez,665,364,666.83
2184,Collins - Rosenbaum,2020-08-08,2022-08-07,Elite Plus,Europe,Ramon Garcia,1331,729,666.41
3449,Konopelski - Mayer,2021-07-26,2024-10-21,Elite Plus,Europe,Karl Long,2158,1183,665.82
2717,Halvorson and Sons,2020-04-28,2021-04-28,Classic,Latin America,Marshall Lawson,664,365,664.0
1747,Fay Inc,2020-04-30,2021-04-29,Elite Plus,Europe,Ross Hines,662,364,663.82
5798,"Hilll, Friesen and O'Connell",2020-05-27,2021-05-26,Elite Plus,North America,Marsha Aguilar,662,364,663.82
6098,Sporer - Hills,2020-06-24,2021-06-23,Classic,Latin America,Christopher Little,661,364,662.82
7184,Russel-Barrows,2019-04-07,2020-04-06,Classic,Europe,Christopher Little,662,365,662.0
6844,Gerlach-Muller,2019-04-03,2020-04-02,Classic,North America,Karl Long,661,365,661.0
7143,Hartmann PLC,2018-11-22,2019-11-21,Classic,Europe,Christopher Little,659,364,660.81
7406,Sauer Ltd,2018-12-02,2019-12-01,Classic,Europe,Phil Baker,659,364,660.81
4879,Cummings - Kuphal,2020-09-08,2022-03-07,Classic,Europe,Angelo Payne,986,545,660.35
656,"Goodwin, O'Reilly and Buckridge",2020-07-25,2021-07-24,Elite Plus,North America,Judy Jacobs,657,364,658.8
4924,Kirlin - Simonis,2023-01-16,2023-07-18,Elite Plus,North America,Frankie Fletcher,330,183,658.2
267,Koch LLC,2021-01-10,2022-01-09,Elite Plus,North America,Alton Hunt,656,364,657.8
5700,Farrell and Sons,2021-01-10,2022-05-11,Elite Plus,North America,Marsha Aguilar,875,486,657.15
4812,Bashirian - Mante,2021-10-15,2021-11-14,Classic,Europe,Micheal Williams,54,30,657.0
4707,Lebsack - Turcotte,2021-05-18,2021-06-17,Classic,Europe,Christopher Little,54,30,657.0
1567,"Grimes, Kshlerin and Connelly",2020-11-25,2023-11-24,Elite Plus,Europe,Cecelia Burgess,1969,1094,656.93
2945,Norman - Lynch,2021-02-27,2022-02-26,Classic,Latin America,Sonja Griffin,655,364,656.8
7785,"Wintheiser, Howe and Wisoky",2019-03-19,2020-03-18,Classic,North America,John Sacker,656,365,656.0
5576,Murray LLC,2020-03-18,2020-09-26,Classic,Europe,Celia Clayton,345,192,655.86
2256,Beier Inc,2020-09-10,2021-09-09,Elite Plus,Europe,Walter Sacha,654,364,655.8
1630,Greenholt - Farrell,2020-06-17,2021-06-16,Elite Plus,Asia,Grant Cortez,654,364,655.8
1987,"Mills, Ziemann and Pfeffer",2021-05-03,2022-05-02,Elite Plus,North America,Celia Clayton,654,364,655.8
4981,Ruecker - Ratke,2020-11-28,2021-11-27,Classic,Latin America,Grant Cortez,654,364,655.8
4107,Hartmann - Bergstrom,2021-06-09,2021-07-08,Classic,Europe,Sonja Griffin,52,29,654.48
6578,"Agarwalms, Jerde and Cormier",2021-01-25,2022-01-24,Elite Plus,Latin America,Alton Hunt,651,364,652.79
5007,Butler LLC,2020-09-14,2021-09-13,Classic,North America,Celia Clayton,651,364,652.79
4820,"Hills, Sauer and SchoStantner",2021-08-29,2024-08-28,Classic,Latin America,Jerald James,1955,1095,651.67
3434,"Koepp, Green and Cassin",2020-11-29,2021-11-28,Classic,Europe,Walter Sacha,649,364,650.78
7031,Olson-Gaverman,2018-08-30,2019-08-29,Classic,North America,Sonja Griffin,649,364,650.78
8050,Jast-Steuber,2019-08-22,2020-08-21,Classic,Latin America,Christopher Little,650,365,650.0
7679,Schulist Inc,2018-01-24,2018-05-27,Classic,North America,Patty Ingram,219,123,649.88
4188,Rogahn Inc,2020-08-12,2021-08-11,Elite Plus,North America,John Sacker,647,364,648.78
7185,"Deckow, Murray and Mante",2019-06-19,2020-06-18,Classic,North America,Dana Henderson,648,365,648.0
4846,"Dibbert, Flatley and Mitchell",2021-04-01,2022-03-31,Elite Plus,Europe,Phil Baker,646,364,647.77
7358,Hill-Batz,2018-12-13,2019-12-12,Classic,North America,Tomas Glover,646,364,647.77
6115,"Romaguera, Hilll and Hayes",2021-09-09,2024-09-08,Elite Plus,North America,Ross Hines,1941,1095,647.0
1504,Wiegand and Sons,2021-10-11,2022-10-10,Elite Plus,Asia,Dana Henderson,645,364,646.77
2616,Marquardt LLC,2022-08-06,2023-02-05,Elite Plus,Latin America,Karl Long,324,183,646.23
5201,Canten - Larson,2021-09-25,2022-09-24,Classic,Latin America,Alton Hunt,644,364,645.77
4698,Mayer - Kling,2020-10-24,2023-10-23,Elite Plus,Asia,Frankie Fletcher,1931,1094,644.26
2210,"Adams, Harvey and Wehner",2022-05-22,2023-05-21,Elite Plus,Europe,Alice Cole,642,364,643.76
6227,Crooks LLC,2021-04-26,2022-04-25,Elite Plus,North America,Aloyna Gregory,642,364,643.76
5068,"Kulas, Grady and Bosco",2021-12-30,2022-12-29,Elite Plus,Asia,Micheal Williams,642,364,643.76
7680,Bundel PLC,2018-11-23,2019-11-22,Classic,North America,Ross Hines,641,364,642.76
5144,"Leffler, Kertzmann and Heathcote",2021-10-24,2022-10-23,Elite Plus,North America,Grant Cortez,641,364,642.76
1025,Koss - Streich,2021-06-29,2021-07-28,Classic,North America,Karl Long,51,29,641.9
869,"Stantner, Ponting and Rosenbaum",2021-09-10,2021-10-09,Classic,North America,Alice Cole,51,29,641.9
2209,"Adams, Harvey and Wehner",2022-04-06,2023-04-05,Elite Plus,Europe,Alice Cole,640,364,641.76
5779,Erdman - Macejkovic,2021-03-29,2022-03-28,Classic,North America,Grant Cortez,640,364,641.76
7324,"Turcotte, Kuhic and Keeling",2018-12-24,2019-12-23,Classic,North America,John Sacker,640,364,641.76
7072,"Champlin, Kihn and Kreiger",2019-06-09,2020-06-08,Classic,North America,Marsha Aguilar,641,365,641.0
4577,Renner - Schiller,2021-12-10,2022-06-08,Elite Plus,North America,Judy Jacobs,316,180,640.78
3073,Hickle - Sanford,2021-10-22,2024-04-23,Classic,Latin America,Aloyna Gregory,1604,914,640.55
5689,Dietrich - Klocko,2020-12-02,2021-12-01,Elite Plus,Asia,Angelo Payne,638,364,639.75
7481,Leannon Group,2018-09-28,2019-09-27,Classic,Asia,Alice Cole,638,364,639.75
7421,O'Keefe-Agarwaliamson,2018-08-09,2019-08-08,Classic,North America,Tomas Glover,637,364,638.75
14,Towne - Kub,2021-06-04,2021-06-20,Classic,Europe,Alton Hunt,28,16,638.75
5455,Jacobi - Bogisich,2020-02-23,2021-02-21,Elite Plus,North America,Frankie Fletcher,636,364,637.75
4180,Kunde - Kautzer,2020-04-12,2021-04-11,Elite Plus,North America,Patty Ingram,635,364,636.74
7344,Spinka-McClure,2018-12-21,2019-12-20,Classic,North America,Marsha Aguilar,635,364,636.74
6902,"Kerluke, Dach and Rogahn",2019-08-24,2020-08-23,Classic,North America,Phil Baker,636,365,636.0
672,"Goodwin, O'Reilly and Buckridge",2020-11-11,2021-11-10,Elite Plus,North America,Judy Jacobs,634,364,635.74
2411,"Tromp, Gillespie and Pimpernel",2020-09-20,2021-08-19,Elite Plus,North America,Judy Jacobs,580,333,635.74
639,"Goodwin, O'Reilly and Buckridge",2019-09-22,2020-09-21,Elite Plus,North America,Judy Jacobs,635,365,635.0
3213,Vandervort - Upton,2020-02-12,2021-02-11,Elite Plus,North America,John Sacker,635,365,635.0
5852,Weissnat Group,2021-02-14,2021-08-12,Elite Plus,North America,Patty Ingram,311,179,634.16
8016,"Vandervort, Waelchi and Fahey",2019-09-18,2020-09-17,Classic,Latin America,Alton Hunt,634,365,634.0
3387,Nienow - Bogisich,2021-09-09,2022-09-08,Elite Plus,Asia,Grant Cortez,632,364,633.74
1933,Tillman - Kuvalis,2020-05-31,2021-05-30,Classic,North America,Patty Ingram,632,364,633.74
7413,Wuckert-Hegmann,2018-05-01,2018-07-31,Elite Plus,Latin America,Cecelia Burgess,158,91,633.74
5751,Hyatt - Schmitt,2022-01-02,2023-01-01,Elite Plus,Europe,Frankie Fletcher,631,364,632.73
5513,"Kerluke, Canten and Bernier",2021-10-02,2022-10-01,Classic,Latin America,John Sacker,631,364,632.73
8242,"Prohaska, Kunze and Konopelski",2018-10-05,2019-10-04,Classic,Europe,Dana Henderson,631,364,632.73
3563,Dach Inc,2021-07-23,2021-08-22,Classic,Europe,Karl Long,52,30,632.67
4522,Harris LLC,2020-09-22,2020-10-22,Classic,Latin America,Ross Hines,52,30,632.67
142,Schaden LLC,2021-01-05,2021-02-04,Classic,Latin America,Christopher Little,52,30,632.67
3303,Waters and Sons,2022-03-29,2022-04-28,Elite Plus,Asia,Sonja Griffin,52,30,632.67
4937,Lesch - Johnston,2021-04-06,2021-10-06,Elite Plus,North America,Tomas Glover,317,183,632.27
673,"Goodwin, O'Reilly and Buckridge",2020-10-05,2021-10-04,Elite Plus,North America,Judy Jacobs,630,364,631.73
1390,Schiller LLC,2021-01-14,2022-01-13,Elite Plus,Asia,Angelo Payne,629,364,630.73
3912,Lynch - Ritchie,2020-06-07,2021-01-05,Classic,North America,Marshall Lawson,366,212,630.14
590,Brown - Daniel,2021-11-01,2024-10-31,Elite Plus,Europe,Celia Clayton,1890,1095,630.0
8192,Heller and Sons,2018-01-23,2019-01-23,Elite Plus,North America,Patty Ingram,630,365,630.0
96,Aufderhar Group,2020-10-09,2021-07-02,Elite Plus,North America,Judy Jacobs,459,266,629.83
4797,Graham Inc,2020-09-03,2021-09-02,Elite Plus,North America,Frankie Fletcher,628,364,629.73
5682,"Hermann, Bogisich and Rosenbaum",2020-10-05,2021-10-04,Elite Plus,North America,Jerald James,628,364,629.73
5017,Butler LLC,2021-02-13,2021-03-14,Classic,North America,Celia Clayton,50,29,629.31
3139,Prohaska and Sons,2021-04-20,2021-05-19,Classic,North America,Ross Hines,50,29,629.31
4215,Koss Inc,2021-05-17,2022-05-17,Classic,Latin America,Christopher Little,629,365,629.0
4159,Mackerrel LLC,2021-09-27,2022-09-26,Elite Plus,Asia,Aloyna Gregory,627,364,628.72
4934,Lesch - Johnston,2020-02-22,2021-02-20,Elite Plus,North America,Tomas Glover,626,364,627.72
7505,O'Keefe-Agarwaliamson,2018-12-23,2019-12-22,Classic,North America,Tomas Glover,626,364,627.72
3348,Ferry and Sons,2021-02-15,2023-02-14,Elite Plus,Europe,Sonja Griffin,1253,729,627.36
594,"Murphy, Weber and Koch",2021-07-08,2022-07-08,Classic,North America,Walter Sacha,627,365,627.0
385,"Dooley, Purdy and Mayert",2020-11-26,2021-11-25,Elite Plus,Europe,Alton Hunt,625,364,626.72
2995,Yost - Kemmer,2021-10-20,2022-10-19,Classic,Latin America,Celia Clayton,625,364,626.72
2748,O'Connell - Champlin,2021-10-02,2023-01-01,Classic,Latin America,John Sacker,782,456,625.94
6782,"Rice, Champlin and Lindgren",2019-06-05,2020-06-04,Classic,North America,Frankie Fletcher,625,365,625.0
31,Rippin - Rippin,2020-09-21,2021-09-20,Elite Plus,Europe,Phil Baker,623,364,624.71
4772,Tromp Group,2021-06-26,2021-10-25,Elite Plus,North America,Sonja Griffin,207,121,624.42
2617,Marquardt LLC,2022-04-27,2022-10-27,Elite Plus,Latin America,Karl Long,313,183,624.29
3375,"Purdy, Torphy and Klein",2021-04-01,2022-03-31,Elite Plus,North America,Karl Long,622,364,623.71
5669,Schmidt Inc,2020-12-08,2021-12-07,Classic,Latin America,Judy Jacobs,622,364,623.71
4425,"Zemlak, Steuber and Rempel",2021-05-23,2022-05-22,Elite Plus,North America,Karl Long,622,364,623.71
1527,Raynor Group,2020-10-24,2021-10-23,Elite Plus,Europe,Marshall Lawson,621,364,622.71
1276,"Stark, Lockman and SchoStantner",2021-02-23,2022-02-22,Classic,Latin America,Karl Long,621,364,622.71
918,"Douglas, Rolfson and Gammendor",2021-03-26,2024-03-24,Elite Plus,Europe,Marsha Aguilar,1865,1094,622.23
5934,Johnston Group,2020-11-11,2021-11-10,Elite Plus,North America,Frankie Fletcher,620,364,621.7
1008,Larson - Bundel,2024-08-13,2025-02-11,Elite Plus,North America,Angelo Payne,310,182,621.7
1936,Olson LLC,2020-04-19,2021-04-19,Classic,Europe,Alton Hunt,621,365,621.0
3601,Jakubowski LLC,2021-10-14,2021-11-13,Classic,Latin America,Judy Jacobs,51,30,620.5
3738,McClure LLC,2021-04-10,2021-05-10,Classic,Asia,Lonnie May,51,30,620.5
3407,Rowe LLC,2021-04-12,2021-05-12,Classic,Latin America,Christopher Little,51,30,620.5
2651,"Hyatt, Johns and Lowe",2021-03-04,2023-03-03,Elite Plus,North America,Jerald James,1239,729,620.35
3033,Cassle - Hirthe,2020-11-08,2022-08-10,Elite Plus,Asia,Christopher Little,1087,640,619.93
3511,"Schimmel, Shields and Gerlach",2021-04-16,2022-04-15,Classic,North America,Jerald James,618,364,619.7
6923,Pacocha Inc,2019-04-28,2020-04-27,Elite Plus,Europe,John Sacker,619,365,619.0
2236,D'Amore Group,2020-10-16,2021-10-15,Classic,North America,Karl Long,617,364,618.7
6020,Johnson LLC,2020-04-03,2021-04-02,Elite Plus,Europe,Phil Baker,617,364,618.7
6719,Strosin - Bins,2021-07-09,2025-12-08,Elite Plus,North America,Marsha Aguilar,2734,1613,618.67
5372,"Kutch, Larson and Boone",2022-03-29,2024-09-15,Elite Plus,North America,Grant Cortez,1524,901,617.38
4113,Hartmann - Bergstrom,2021-11-03,2021-12-02,Classic,Europe,Sonja Griffin,49,29,616.72
1687,Roberts - Sipes,2021-04-10,2021-05-09,Classic,Latin America,Marshall Lawson,49,29,616.72
2147,Luettgen LLC,2020-04-29,2021-04-28,Elite Plus,North America,Frankie Fletcher,615,364,616.69
8252,"Alora, Matter and Vertex",2018-05-21,2019-05-20,Classic,Europe,Cecelia Burgess,614,364,615.69
3546,"Bode, Agarwal and Deckow",2020-03-29,2021-03-28,Elite Plus,Europe,Celia Clayton,614,364,615.69
7437,Halvorson Inc,2018-07-01,2019-06-30,Classic,Europe,Judy Jacobs,614,364,615.69
3230,Vandervort - Upton,2021-03-26,2022-03-25,Elite Plus,North America,John Sacker,614,364,615.69
7335,Gaylord LLC,2018-12-06,2019-12-05,Classic,North America,Walter Sacha,613,364,614.68
3795,"Leannon, Mills and Cronin",2022-09-03,2023-09-02,Elite Plus,North America,Aloyna Gregory,613,364,614.68
3680,"Schmitt, Purdy and Reichel",2022-04-03,2023-04-02,Elite Plus,North America,Christopher Little,611,364,612.68
3886,Huels and Sons,2019-10-17,2020-10-16,Elite Plus,North America,Dana Henderson,612,365,612.0
7415,Rempel-Renner,2019-09-22,2020-09-21,Classic,North America,Patty Ingram,612,365,612.0
5877,"Wolff, Kihn and Hagenes",2019-10-07,2020-10-06,Elite Plus,Europe,Lonnie May,612,365,612.0
7383,"Runolfsson, Shanahan and Gammendor",2019-03-20,2020-03-19,Elite Plus,North America,Patty Ingram,611,365,611.0
2429,"Tromp, Gillespie and Pimpernel",2021-01-15,2021-07-02,Elite Plus,North America,Judy Jacobs,281,168,610.51
3246,Reynolds - Goodwin,2019-11-26,2020-11-24,Elite Plus,North America,Cecelia Burgess,608,364,609.67
8057,Leannon-Kiehn,2019-08-29,2020-08-28,Classic,North America,Patty Ingram,609,365,609.0
2053,Swift - Auer,2020-08-13,2021-08-12,Classic,Latin America,Christopher Little,607,364,608.67
6211,"Dietrich, Larson and Murazik",2021-05-29,2021-06-28,Classic,Europe,Christopher Little,50,30,608.33
434,King and Sons,2021-09-28,2021-10-28,Classic,Latin America,Judy Jacobs,50,30,608.33
8031,Blick-Ondricka,2019-09-23,2020-09-22,Classic,North America,Sonja Griffin,608,365,608.0
4995,"Blick, O'Reilly and Pfannerstill",2020-08-26,2021-08-25,Elite Plus,North America,Judy Jacobs,605,364,606.66
4779,"Hermiston, Weimann and Lemke",2020-08-10,2021-08-09,Elite Plus,North America,Ross Hines,605,364,606.66
8168,Wintheiser Inc,2019-12-29,2020-12-28,Classic,Latin America,John Sacker,606,365,606.0
3046,Bayer - Miller,2020-03-20,2021-03-20,Classic,North America,Christopher Little,605,365,605.0
8151,Blanda LLC,2019-11-23,2020-11-22,Elite Plus,Europe,Marsha Aguilar,605,365,605.0
3633,"Macejkovic, Bosco and Buckridge",2021-01-11,2022-01-10,Elite Plus,North America,Tomas Glover,603,364,604.66
505,Stark Group,2020-09-06,2021-09-05,Elite Plus,Latin America,Walter Sacha,603,364,604.66
1368,Kassulke - Swift,2021-03-22,2024-03-21,Classic,North America,Aloyna Gregory,1813,1095,604.33
2221,"Keebler, Reichel and Butler",2021-08-15,2021-09-13,Classic,North America,Walter Sacha,48,29,604.14
4327,Rodriguez LLC,2021-08-12,2024-08-11,Elite Plus,Asia,Dana Henderson,1811,1095,603.67
3466,Runte LLC,2020-08-07,2021-08-06,Classic,North America,Sonja Griffin,602,364,603.65
2992,Yost - Kemmer,2020-08-16,2021-08-15,Classic,Latin America,Celia Clayton,602,364,603.65
6300,Kulas - Ryan,2022-05-21,2023-05-20,Elite Plus,North America,Christopher Little,601,364,602.65
5761,"Waugh, Herzog and Tremblay",2021-04-23,2022-04-22,Elite Plus,Europe,Marsha Aguilar,601,364,602.65
2415,"Tromp, Gillespie and Pimpernel",2020-11-21,2021-08-20,Elite Plus,North America,Judy Jacobs,449,272,602.52
303,O'Keefe - Skiles,2021-12-27,2023-03-27,Elite Plus,Europe,Sonja Griffin,751,455,602.45
5981,Stehr and Sons,2020-05-24,2021-05-23,Elite Plus,North America,Phil Baker,600,364,601.65
1667,"Bernier, West and Pimpernel",2021-01-06,2021-02-06,Classic,Latin America,Lonnie May,51,31,600.48
4938,Lesch - Johnston,2020-12-14,2021-06-15,Elite Plus,North America,Tomas Glover,301,183,600.36
798,Schimmel LLC,2019-11-13,2020-11-12,Elite Plus,North America,Ramon Garcia,600,365,600.0
7594,"Bartell, Barrows and Mayert",2018-09-20,2019-09-19,Classic,North America,Aloyna Gregory,598,364,599.64
5811,"Hilll, Friesen and O'Connell",2022-03-12,2022-03-26,Elite Plus,North America,Marsha Aguilar,23,14,599.64
4158,Mackerrel LLC,2021-10-29,2022-10-28,Elite Plus,Asia,Aloyna Gregory,598,364,599.64
3518,Jenkins Group,2020-03-12,2021-03-13,Classic,Latin America,Lonnie May,601,366,599.36
1433,"West, Toy and Cummings",2021-12-07,2022-09-26,Elite Plus,North America,Grant Cortez,481,293,599.2
6711,Friesen Group,2020-11-05,2023-12-05,Elite Plus,Asia,Phil Baker,1844,1125,598.28
3825,Davis - Frami,2021-04-01,2022-03-31,Elite Plus,Europe,Dana Henderson,596,364,597.64
7668,Ebert-Mohr,2018-12-16,2019-12-15,Classic,North America,Frankie Fletcher,596,364,597.64
7584,Hudson-Reichert,2019-01-24,2020-01-23,Classic,North America,John Sacker,596,364,597.64
7593,SchamBundelr-Hessel,2018-05-09,2019-05-08,Classic,Europe,Christopher Little,596,364,597.64
6799,Buckridge-SchamBundelr,2019-05-19,2020-05-18,Elite Plus,Asia,Celia Clayton,597,365,597.0
7670,Doyle LLC,2019-03-21,2020-03-20,Elite Plus,North America,Alice Cole,597,365,597.0
7695,Dare and Sons,2019-01-13,2020-01-12,Classic,Europe,Patty Ingram,595,364,596.63
5799,"Hilll, Friesen and O'Connell",2020-08-13,2021-08-12,Elite Plus,North America,Marsha Aguilar,595,364,596.63
2042,Ondricka - Sipes,2021-04-30,2022-04-29,Elite Plus,North America,Grant Cortez,595,364,596.63
5965,Gaverman - Boyer,2021-07-12,2021-08-11,Classic,Asia,Judy Jacobs,49,30,596.17
3973,"Hessel, Koss and Littel",2021-07-09,2021-08-08,Classic,North America,Karl Long,49,30,596.17
2664,Daniel - Dietrich,2020-03-16,2021-03-16,Elite Plus,Europe,John Sacker,596,365,596.0
7996,"Jerde, Orn and Larson",2019-09-23,2020-09-22,Classic,North America,Alice Cole,596,365,596.0
4360,Jerde - Raynor,2022-09-02,2023-09-01,Elite Plus,North America,Celia Clayton,593,364,594.63
6390,Stanton - Fadel,2022-09-24,2023-09-23,Elite Plus,Europe,Marshall Lawson,593,364,594.63
6186,"Dietrich, Larson and Murazik",2023-04-18,2023-07-21,Elite Plus,Europe,Christopher Little,153,94,594.1
5988,Stehr and Sons,2021-04-14,2021-07-14,Elite Plus,North America,Phil Baker,148,91,593.63
3934,Bode - Morissette,2021-10-15,2022-10-14,Elite Plus,North America,Christopher Little,591,364,592.62
4777,"Hermiston, Weimann and Lemke",2020-10-24,2021-10-23,Elite Plus,North America,Ross Hines,590,364,591.62
1211,"Rumsfeld, Bogan and Canten",2020-12-05,2021-12-04,Elite Plus,North America,John Sacker,590,364,591.62
6763,Wilkinson - Conroy,2021-03-07,2022-03-06,Classic,Latin America,Marshall Lawson,589,364,590.62
7678,"Lindgren, Torphy and Gislason",2018-03-19,2019-03-18,Classic,Europe,Grant Cortez,588,364,589.62
232,Nader LLC,2020-05-02,2021-05-01,Elite Plus,Europe,Marshall Lawson,588,364,589.62
2663,Daniel - Dietrich,2020-03-02,2021-03-02,Elite Plus,Europe,John Sacker,589,365,589.0
7492,"Frost, Strosin and Watsica",2018-12-06,2019-12-05,Elite Plus,North America,Cecelia Burgess,587,364,588.61
949,Miller and Sons,2021-06-29,2022-06-28,Elite Plus,North America,Micheal Williams,587,364,588.61
1828,Schuster - Torp,2021-03-08,2024-03-07,Elite Plus,North America,Ramon Garcia,1764,1095,588.0
5349,Beer - Ruecker,2021-02-16,2024-02-16,Classic,Latin America,Alice Cole,1762,1095,587.33
2237,D'Amore Group,2020-12-23,2021-12-22,Classic,North America,Karl Long,585,364,586.61
1186,Bogisich Inc,2021-02-28,2022-02-28,Classic,Europe,Alice Cole,586,365,586.0
523,Orn - Brown,2019-10-31,2020-10-30,Classic,Europe,Walter Sacha,586,365,586.0
6398,"Quigley, Veum and Reilly",2020-01-07,2021-01-06,Elite Plus,North America,Angelo Payne,586,365,586.0
5293,Nikolaus - Daniel,2020-06-24,2021-06-23,Elite Plus,Europe,John Sacker,584,364,585.6
6860,"Watsica, Frami and Kemmer",2019-04-29,2020-04-28,Classic,Europe,Lonnie May,585,365,585.0
4770,Tromp Group,2020-07-31,2021-07-30,Elite Plus,North America,Sonja Griffin,583,364,584.6
2590,O'Kon - Trantow,2020-04-19,2020-11-08,Classic,Asia,Tomas Glover,325,203,584.36
4112,Hartmann - Bergstrom,2021-10-13,2021-11-12,Classic,Europe,Sonja Griffin,48,30,584.0
4858,Muller - Reichert,2021-05-17,2021-06-16,Classic,North America,John Sacker,48,30,584.0
3479,Runte LLC,2021-06-02,2021-07-02,Classic,North America,Sonja Griffin,48,30,584.0
6797,Schultz Ltd,2018-12-02,2019-12-01,Elite Plus,Europe,Angelo Payne,582,364,583.6
6753,"Hayes, Orn and Cassin",2021-01-07,2024-01-06,Classic,North America,Grant Cortez,1747,1094,582.87
7340,"Collins, Pfannerstill and Auer",2018-10-07,2019-10-06,Elite Plus,Asia,Phil Baker,581,364,582.6
8017,Auer-Koch,2019-09-15,2020-03-20,Classic,North America,Grant Cortez,298,187,581.66
6074,Hudson Group,2020-11-03,2021-11-02,Classic,Europe,Patty Ingram,579,364,580.59
4923,Kirlin - Simonis,2022-03-22,2023-03-21,Elite Plus,North America,Frankie Fletcher,579,364,580.59
2811,Mosciski - Prosacco,2021-03-19,2022-03-18,Elite Plus,North America,Aloyna Gregory,579,364,580.59
475,Pimpernel - Gaylord,2021-03-28,2022-03-27,Elite Plus,Latin America,Ross Hines,579,364,580.59
6299,Kulas - Ryan,2022-03-28,2023-03-27,Elite Plus,North America,Christopher Little,578,364,579.59
2993,Yost - Kemmer,2021-06-24,2021-07-23,Classic,Latin America,Celia Clayton,46,29,578.97
1544,Mann - Hane,2021-06-04,2023-12-04,Elite Plus,Asia,Dana Henderson,1448,913,578.88
371,Gislason Group,2021-03-19,2022-03-18,Classic,North America,Christopher Little,577,364,578.59
7272,Glover Group,2018-12-20,2019-12-19,Classic,Europe,Alice Cole,577,364,578.59
5482,Metz Inc,2020-11-15,2021-11-14,Elite Plus,North America,Patty Ingram,577,364,578.59
4252,"Chechauski, Huels and Kunze",2021-09-18,2022-09-25,Classic,North America,Lonnie May,589,372,577.92
7797,Campbelll LLC,2019-02-07,2020-02-06,Classic,North America,Christopher Little,576,364,577.58
2385,"Hilll, Kohler and Brown",2022-02-23,2023-02-22,Elite Plus,Europe,Patty Ingram,576,364,577.58
631,"Goodwin, O'Reilly and Buckridge",2019-11-06,2020-11-05,Elite Plus,North America,Judy Jacobs,576,365,576.0
7527,Kshlerin-Marks,2019-02-24,2020-02-24,Classic,North America,Dana Henderson,576,365,576.0
7318,"Greenfelder, Johns and Buckridge",2018-12-23,2019-12-22,Classic,North America,Micheal Williams,574,364,575.58
8220,Schuppe LLC,2018-06-13,2019-06-12,Classic,Europe,Grant Cortez,574,364,575.58
7985,Fadel-Pfannerstill,2019-09-20,2020-09-19,Classic,Europe,Aloyna Gregory,575,365,575.0
7387,Cassle Inc,2018-12-04,2019-12-03,Elite Plus,North America,John Sacker,573,364,574.57
5786,Dietrich - Gaverman,2021-05-02,2022-05-01,Classic,North America,Grant Cortez,573,364,574.57
3156,Krajcik - Bundel,2021-12-15,2022-12-14,Elite Plus,Europe,Marsha Aguilar,573,364,574.57
310,Kub and Sons,2020-01-20,2021-01-19,Elite Plus,Europe,Ramon Garcia,573,365,573.0
6741,"Pfeffer, Stamm and Lindgren",2021-05-29,2022-05-28,Elite Plus,Europe,Lonnie May,571,364,572.57
7852,Quigley-O'Kon,2019-05-23,2020-05-22,Classic,North America,Angelo Payne,572,365,572.0
6281,Blanda - Kerluke,2021-09-14,2021-10-14,Classic,Latin America,Celia Clayton,47,30,571.83
3613,Schimmel - Weber,2021-10-25,2021-11-24,Classic,Latin America,Tomas Glover,47,30,571.83
2050,Herzog - Donnelly,2020-08-29,2022-08-28,Elite Plus,North America,Phil Baker,1142,729,571.78
7402,Gerhold-Armstrong,2018-12-24,2019-12-23,Classic,Europe,Micheal Williams,570,364,571.57
1311,Stiedemann Group,2022-08-03,2023-08-02,Elite Plus,North America,Alice Cole,570,364,571.57
4690,"Heidenreich, Bartoletti and Franecki",2021-07-15,2023-07-14,Elite Plus,Asia,Tomas Glover,1141,729,571.28
8148,Albertson-Belfact,2019-11-26,2020-11-25,Elite Plus,Asia,Grant Cortez,571,365,571.0
3551,"Bode, Agarwal and Deckow",2021-02-06,2021-10-17,Elite Plus,Europe,Celia Clayton,395,253,569.86
155,"Kirlin, Haag and Heller",2020-11-23,2023-11-22,Classic,Europe,Marsha Aguilar,1708,1094,569.85
5448,Russel Group,2021-02-10,2022-02-09,Elite Plus,North America,Christopher Little,568,364,569.56
7260,"Gusikowski, Mertz and Abbott",2019-04-09,2020-04-08,Classic,North America,Tomas Glover,569,365,569.0
5467,Jacobi - Bogisich,2022-06-22,2023-06-21,Elite Plus,North America,Frankie Fletcher,567,364,568.56
4743,Jaskolski - Auer,2021-10-20,2022-10-19,Elite Plus,Europe,Aloyna Gregory,567,364,568.56
472,Pimpernel - Gaylord,2020-02-03,2021-02-01,Elite Plus,Latin America,Ross Hines,567,364,568.56
4013,"Bode, Bartoletti and Schultz",2020-01-23,2021-01-22,Elite Plus,North America,John Sacker,568,365,568.0
3718,Jones LLC,2021-06-12,2024-06-11,Elite Plus,North America,Lonnie May,1704,1095,568.0
6703,Smitham Inc,2020-04-21,2021-04-21,Elite Plus,North America,Frankie Fletcher,568,365,568.0
2649,"Hyatt, Johns and Lowe",2021-01-28,2023-01-27,Elite Plus,North America,Jerald James,1134,729,567.78
5792,"Hilll, Friesen and O'Connell",2020-08-14,2021-08-13,Elite Plus,North America,Marsha Aguilar,566,364,567.55
4349,Weimann and Sons,2021-07-01,2022-06-30,Elite Plus,North America,Aloyna Gregory,565,364,566.55
6521,Douglas - Kozey,2021-04-04,2021-05-03,Classic,North America,Karl Long,45,29,566.38
1863,"Kassulke, Fritsch and Lebsack",2021-09-26,2022-09-23,Elite Plus,North America,Jerald James,561,362,565.65
3528,Graham Inc,2020-03-01,2021-02-28,Elite Plus,North America,Frankie Fletcher,564,364,565.55
4182,Kunde - Kautzer,2022-05-27,2024-05-26,Elite Plus,North America,Patty Ingram,1131,730,565.5
6027,Considine Group,2020-11-03,2021-11-02,Classic,Latin America,Phil Baker,563,364,564.55
3637,Hintz LLC,2021-01-26,2022-01-25,Elite Plus,Europe,Grant Cortez,563,364,564.55
2549,"Hintz, Bartell and Hudson",2021-03-15,2022-03-14,Elite Plus,Latin America,Ross Hines,563,364,564.55
3344,MacGyver and Sons,2021-06-16,2022-06-15,Classic,Latin America,Micheal Williams,563,364,564.55
1624,Kuhic - Dooley,2020-10-17,2023-10-16,Elite Plus,North America,John Sacker,1692,1094,564.52
5595,"Keeling, Jakubowski and Crist",2023-10-21,2024-10-20,Elite Plus,North America,Aloyna Gregory,564,365,564.0
6890,Schmitt PLC,2019-03-13,2019-04-28,Elite Plus,North America,Grant Cortez,71,46,563.37
7723,Dibbert Inc,2019-06-21,2020-06-20,Classic,North America,John Sacker,562,365,562.0
919,"Douglas, Rolfson and Gammendor",2020-10-12,2023-10-11,Elite Plus,Europe,Marsha Aguilar,1683,1094,561.51
6273,Bode - McClure,2020-01-14,2021-01-12,Classic,North America,Dana Henderson,559,364,560.54
4390,Kilback - Kuphal,2021-08-06,2021-09-05,Classic,North America,Ramon Garcia,46,30,559.67
1243,Purdy Inc,2021-06-22,2021-07-22,Classic,Europe,Sonja Griffin,46,30,559.67
1512,"Schmeler, Schmitt and Frami",2020-10-18,2021-01-31,Classic,North America,Walter Sacha,161,105,559.67
6446,Streich - Kiehn,2020-12-22,2021-01-21,Classic,North America,Celia Clayton,46,30,559.67
7617,"Beier, Schmidt and Koepp",2018-01-25,2019-01-25,Classic,Europe,Angelo Payne,559,365,559.0
4163,Hills Inc,2021-04-12,2022-05-26,Elite Plus,Latin America,Aloyna Gregory,626,409,558.66
7532,Harvey PLC,2018-03-08,2019-03-07,Classic,North America,Christopher Little,557,364,558.53
3910,Kreiger - Russel,2021-08-01,2022-07-31,Elite Plus,North America,Phil Baker,557,364,558.53
2562,Murray - Dicki,2021-08-20,2022-08-19,Elite Plus,North America,Christopher Little,557,364,558.53
7046,Glover Group,2019-07-24,2020-07-23,Classic,Europe,Alice Cole,558,365,558.0
2111,Bundel and Sons,2021-11-15,2022-02-14,Elite Plus,Europe,Alton Hunt,139,91,557.53
3855,Douglas - Schaden,2020-05-13,2021-05-12,Elite Plus,North America,Cecelia Burgess,556,364,557.53
3224,Vandervort - Upton,2020-09-04,2021-09-03,Elite Plus,North America,John Sacker,556,364,557.53
6136,"Dietrich, Larson and Murazik",2020-01-05,2021-01-03,Elite Plus,Europe,Christopher Little,555,364,556.52
8011,Waters and Sons,2019-09-12,2020-09-11,Classic,Europe,Sonja Griffin,556,365,556.0
4073,"Gulgowski, Lang and Mosciski",2021-11-19,2022-02-17,Elite Plus,Asia,Cecelia Burgess,137,90,555.61
2734,Rohan - Heller,2021-02-14,2022-02-13,Elite Plus,North America,Alton Hunt,554,364,555.52
2456,"Tromp, Gillespie and Pimpernel",2021-06-17,2022-06-16,Elite Plus,North America,Judy Jacobs,554,364,555.52
3689,Rippin and Sons,2020-04-27,2021-04-27,Classic,North America,Aloyna Gregory,554,365,554.0
5082,Kuhlman - Schumm,2021-05-03,2021-06-01,Classic,Asia,Ross Hines,44,29,553.79
362,Yost - Hettinger,2021-04-26,2021-05-25,Classic,Latin America,Frankie Fletcher,44,29,553.79
7912,Reichert-Goyette,2019-09-08,2020-08-23,Elite Plus,Europe,Cecelia Burgess,531,350,553.76
2217,"Keebler, Reichel and Butler",2019-12-06,2020-12-05,Classic,North America,Walter Sacha,553,365,553.0
7071,"Champlin, Kihn and Kreiger",2019-06-09,2020-06-08,Classic,North America,Marsha Aguilar,552,365,552.0
181,Schinner - Rumsfeld,2020-12-11,2021-12-10,Elite Plus,Europe,Phil Baker,550,364,551.51
5864,"Dicki, Bosco and Rempel",2020-12-05,2021-12-04,Elite Plus,North America,Grant Cortez,549,364,550.51
6152,"Dietrich, Larson and Murazik",2021-09-17,2022-09-16,Elite Plus,Europe,Christopher Little,549,364,550.51
5035,"Reichert, Balistreri and Dicki",2020-12-19,2021-12-18,Classic,Latin America,Lonnie May,549,364,550.51
1446,"Schneider, Champlin and O'Connell",2020-10-04,2021-10-03,Elite Plus,North America,Micheal Williams,549,364,550.51
5113,Boehm - Romaguera,2021-01-22,2022-01-21,Elite Plus,Latin America,Celia Clayton,548,364,549.51
2357,Deckow - Kulas,2021-02-09,2022-02-08,Classic,Latin America,Judy Jacobs,547,364,548.5
6274,"Lubowitz, Schultz and Hilpert",2020-06-17,2023-06-16,Elite Plus,Europe,Frankie Fletcher,1642,1094,547.83
5019,Butler LLC,2021-02-07,2021-03-09,Classic,North America,Celia Clayton,45,30,547.5
240,Nader LLC,2021-06-24,2022-06-23,Elite Plus,Europe,Marshall Lawson,546,364,547.5
3071,"Stroman, McGlynn and Luettgen",2021-08-20,2021-09-19,Classic,North America,Alice Cole,45,30,547.5
7981,"Vandervort, Waelchi and Fahey",2019-09-18,2020-09-17,Classic,Latin America,Alton Hunt,546,365,546.0
7741,"Kassulke, Heidenreich and Cummerata",2018-06-22,2019-06-21,Classic,North America,Frankie Fletcher,544,364,545.49
2601,Stehr and Sons,2021-06-25,2022-06-24,Classic,Latin America,Phil Baker,543,364,544.49
2502,Agarwaliamson - Mayert,2022-09-15,2023-09-14,Elite Plus,Europe,Dana Henderson,542,364,543.49
6108,Labadie Inc,2021-02-20,2022-02-19,Classic,North America,Walter Sacha,542,364,543.49
4584,Renner - Schiller,2022-04-17,2023-04-16,Elite Plus,North America,Judy Jacobs,542,364,543.49
4190,Rogahn Inc,2021-05-13,2022-05-12,Elite Plus,North America,John Sacker,542,364,543.49
3781,Stracke - Cassin,2021-09-19,2022-09-18,Elite Plus,North America,Lonnie May,542,364,543.49
4400,Lockman and Sons,2020-07-08,2021-07-08,Classic,Latin America,Lonnie May,543,365,543.0
3312,"Mackerrel, Schroeder and Gutkowski",2021-05-07,2022-05-06,Elite Plus,North America,Tomas Glover,541,364,542.49
634,"Goodwin, O'Reilly and Buckridge",2019-12-03,2020-12-02,Elite Plus,North America,Judy Jacobs,542,365,542.0
5732,Kessler - Fahey,2021-04-25,2021-05-24,Classic,Latin America,Christopher Little,43,29,541.21
4389,Kilback - Kuphal,2021-06-19,2021-07-18,Classic,North America,Ramon Garcia,43,29,541.21
4629,Vandervort LLC,2021-09-03,2021-10-02,Classic,Europe,Christopher Little,43,29,541.21
599,Gibson Group,2021-02-08,2022-02-07,Elite Plus,Europe,Sonja Griffin,538,364,539.48
5159,Wilderman - Rohan,2021-06-07,2022-06-06,Elite Plus,Europe,John Sacker,538,364,539.48
5423,"King, Crooks and Ankunding",2020-11-25,2021-12-02,Classic,Europe,Phil Baker,549,372,538.67
7691,Corwin-Hoeger,2018-12-23,2019-12-22,Classic,Latin America,Sonja Griffin,537,364,538.48
1435,Sipes Group,2020-12-07,2022-12-06,Elite Plus,Asia,Alice Cole,1074,729,537.74
1822,Schuster - Torp,2021-03-03,2024-03-02,Elite Plus,North America,Ramon Garcia,1613,1095,537.67
3987,Kunze and Sons,2020-06-04,2021-06-03,Elite Plus,North America,Aloyna Gregory,536,364,537.47
828,Schimmel LLC,2022-04-24,2023-04-23,Elite Plus,North America,Ramon Garcia,536,364,537.47
4178,Smith - Rice,2021-11-12,2022-11-11,Elite Plus,Europe,Ross Hines,536,364,537.47
1920,Gupta - Hessel,2021-05-28,2022-07-27,Elite Plus,Europe,Angelo Payne,625,425,536.76
7786,Bernier Group,2019-02-21,2020-02-20,Elite Plus,Latin America,Aloyna Gregory,535,364,536.47
4586,Renner - Schiller,2022-04-04,2023-04-03,Elite Plus,North America,Judy Jacobs,535,364,536.47
74,Beier Group,2021-09-12,2024-09-11,Elite Plus,Europe,Frankie Fletcher,1608,1095,536.0
3791,"Leannon, Mills and Cronin",2020-10-11,2021-10-10,Elite Plus,North America,Aloyna Gregory,534,364,535.47
4615,Renner - Schiller,2021-07-21,2022-03-20,Elite Plus,North America,Judy Jacobs,355,242,535.43
274,Koch LLC,2022-10-27,2022-11-26,Elite Plus,North America,Alton Hunt,44,30,535.33
5046,"Reichert, Balistreri and Dicki",2021-06-13,2021-07-13,Classic,Latin America,Lonnie May,44,30,535.33
3468,Runte LLC,2021-06-16,2021-07-16,Classic,North America,Sonja Griffin,44,30,535.33
4090,"Schulist, Abtel and Wilderman",2021-05-07,2021-06-06,Classic,Europe,Ross Hines,44,30,535.33
5530,Stantner LLC,2021-04-17,2021-05-17,Classic,North America,Jerald James,44,30,535.33
2121,Bundel and Sons,2023-02-09,2024-02-08,Elite Plus,Europe,Alton Hunt,533,364,534.46
7328,Zieme-Hermann,2019-03-07,2020-03-06,Classic,Europe,Grant Cortez,534,365,534.0
5327,"Erdman, Schaden and Bechel",2021-08-18,2022-07-09,Elite Plus,Europe,Celia Clayton,475,325,533.46
3565,"Lowe, Collier and Bartell",2020-08-11,2021-08-10,Classic,Latin America,Walter Sacha,532,364,533.46
4214,King LLC,2021-02-20,2021-11-21,Elite Plus,Asia,Walter Sacha,400,274,532.85
1665,"Bernier, West and Pimpernel",2020-09-03,2021-09-03,Classic,Latin America,Lonnie May,531,365,531.0
1945,"Huels, Pollich and Jacobi",2020-09-19,2021-09-18,Elite Plus,North America,Karl Long,529,364,530.45
1046,"Johnson, Farrell and Zieme",2021-08-03,2022-08-02,Elite Plus,North America,Aloyna Gregory,529,364,530.45
7784,Sporer LLC,2019-02-21,2019-08-28,Classic,North America,Ross Hines,273,188,530.03
5763,Hintz and Sons,2021-01-28,2022-01-27,Elite Plus,Europe,Cecelia Burgess,528,364,529.45
3888,Senger LLC,2020-07-20,2021-07-19,Classic,Latin America,Tomas Glover,528,364,529.45
6242,Gutkowski - Hessel,2021-09-14,2021-10-13,Classic,Latin America,Tomas Glover,42,29,528.62
723,Huels - Mante,2021-07-13,2021-08-11,Classic,Latin America,Christopher Little,42,29,528.62
6036,"Pollich, Dicki and Albertson",2021-03-21,2021-04-19,Classic,North America,Walter Sacha,42,29,528.62
2486,Schmidt - McClure,2021-06-12,2021-07-11,Classic,Latin America,Phil Baker,42,29,528.62
499,"Witting, Rogahn and Jerde",2021-08-29,2021-09-27,Classic,Europe,Christopher Little,42,29,528.62
268,Koch LLC,2020-12-17,2021-12-16,Elite Plus,North America,Alton Hunt,527,364,528.45
2912,Sanford LLC,2021-08-04,2022-08-03,Elite Plus,North America,Alice Cole,526,364,527.45
806,Schimmel LLC,2022-09-23,2023-09-22,Elite Plus,North America,Ramon Garcia,526,364,527.45
974,"Lubowitz, Franecki and Schuster",2021-08-24,2022-02-20,Elite Plus,Latin America,John Sacker,260,180,527.22
2402,"Tromp, Gillespie and Pimpernel",2021-07-08,2021-10-06,Elite Plus,North America,Judy Jacobs,130,90,527.22
6806,Fadel Group,2019-03-22,2020-03-21,Classic,North America,Ross Hines,527,365,527.0
4612,Renner - Schiller,2023-03-04,2024-03-03,Elite Plus,North America,Judy Jacobs,527,365,527.0
7529,Campbelll LLC,2019-02-07,2020-02-06,Classic,North America,Christopher Little,525,364,526.44
4253,Purdy - Macejkovic,2021-07-12,2022-07-11,Classic,Latin America,Alton Hunt,525,364,526.44
1224,Rau Group,2021-03-03,2022-03-02,Classic,Latin America,Sonja Griffin,525,364,526.44
8087,"Hauck, Nolan and Rath",2019-10-28,2020-10-27,Classic,North America,Christopher Little,526,365,526.0
7728,Ziemann PLC,2018-09-09,2019-03-08,Classic,Europe,Phil Baker,259,180,525.19
5940,Johnston Group,2021-03-07,2022-03-06,Elite Plus,North America,Frankie Fletcher,523,364,524.44
7596,King and Sons,2018-02-27,2019-02-27,Classic,Latin America,Judy Jacobs,524,365,524.0
4367,Belfact LLC,2021-04-12,2022-04-11,Elite Plus,North America,John Sacker,522,364,523.43
6215,"Gottlieb, Breitenberg and Connelly",2020-12-01,2021-11-30,Elite Plus,Europe,Sonja Griffin,522,364,523.43
5175,"Abtel, Rumsfeld andTruman",2021-07-17,2021-08-16,Classic,Latin America,Micheal Williams,43,30,523.17
5918,"Harris, Crooks and Ferry",2021-05-03,2021-06-02,Classic,North America,Marsha Aguilar,43,30,523.17
2936,Homenick - Jacobi,2021-09-17,2021-10-17,Classic,North America,Celia Clayton,43,30,523.17
1628,Kuhic - Dooley,2021-01-27,2024-01-26,Elite Plus,North America,John Sacker,1568,1094,523.14
6113,"Romaguera, Hilll and Hayes",2021-12-29,2024-12-28,Elite Plus,North America,Ross Hines,1568,1095,522.67
7266,Mayer-Parisian,2018-09-20,2019-09-19,Classic,North America,Marshall Lawson,520,364,521.43
3450,Konopelski - Mayer,2021-05-21,2024-08-16,Elite Plus,Europe,Karl Long,1688,1183,520.81
5724,Wuckert - Rumsfeld,2021-04-19,2022-10-19,Classic,Latin America,Celia Clayton,780,548,519.53
6224,Crooks LLC,2020-07-12,2021-07-11,Elite Plus,North America,Aloyna Gregory,516,364,517.42
6422,"Quigley, Veum and Reilly",2020-11-11,2021-11-10,Elite Plus,North America,Angelo Payne,516,364,517.42
577,Schinner LLC,2021-06-01,2022-03-22,Elite Plus,North America,Marshall Lawson,416,294,516.46
4287,"Waugh, King and Bins",2021-08-05,2022-08-04,Elite Plus,Europe,Marshall Lawson,515,364,516.41
6386,Satterfield and Sons,2021-11-07,2021-12-06,Classic,Latin America,Jerald James,41,29,516.03
3620,Schimmel - Weber,2021-09-15,2021-10-14,Classic,Latin America,Tomas Glover,41,29,516.03
3860,Douglas - Schaden,2021-04-08,2022-02-19,Elite Plus,North America,Cecelia Burgess,448,317,515.84
147,Terry - Dooley,2020-09-02,2021-09-01,Elite Plus,North America,Aloyna Gregory,514,364,515.41
7904,Dibbert and Sons,2019-08-22,2020-08-21,Classic,Europe,Jerald James,515,365,515.0
6960,"Klocko, Howe and Tanner",2019-09-22,2020-09-21,Classic,Europe,John Sacker,515,365,515.0
7251,Zemlak-Littel,2019-03-26,2020-03-25,Classic,North America,Micheal Williams,515,365,515.0
7769,Konopelski Ltd,2018-09-20,2019-09-19,Classic,Europe,Lonnie May,513,364,514.41
4857,Muller - Reichert,2020-11-20,2021-11-19,Classic,North America,John Sacker,513,364,514.41
6635,"Adams, Braun and Conroy",2021-05-19,2024-05-18,Classic,Latin America,Marshall Lawson,1543,1095,514.33
6892,"Farrell, Donnelly and Flatley",2019-06-20,2020-06-19,Classic,North America,Ramon Garcia,514,365,514.0
3668,Beer - Belfact,2020-10-23,2021-10-22,Classic,Europe,Cecelia Burgess,512,364,513.41
4912,Kirlin - Simonis,2020-10-27,2021-10-26,Elite Plus,North America,Frankie Fletcher,512,364,513.41
252,Nader LLC,2022-03-27,2022-12-26,Elite Plus,Europe,Marshall Lawson,385,274,512.86
7520,Cronin-Batz,2018-03-28,2019-03-27,Classic,Asia,Alton Hunt,511,364,512.4
714,Rogahn - Albertson,2021-07-20,2022-07-19,Elite Plus,Asia,Alice Cole,511,364,512.4
2534,Rutherford Group,2020-06-29,2021-06-28,Classic,Europe,Celia Clayton,511,364,512.4
7043,"Schulist, Luettgen and Miller",2018-02-21,2018-09-22,Classic,North America,Jerald James,299,213,512.37
8152,Blanda LLC,2019-11-23,2020-11-22,Elite Plus,Europe,Marsha Aguilar,512,365,512.0
7073,"Champlin, Kihn and Kreiger",2019-06-09,2020-06-08,Classic,North America,Marsha Aguilar,512,365,512.0
955,"Buckridge, Quitzon and Lesch",2021-07-11,2022-07-10,Elite Plus,North America,Alice Cole,510,364,511.4
3797,"Leannon, Mills and Cronin",2022-06-24,2023-06-23,Elite Plus,North America,Aloyna Gregory,510,364,511.4
1261,"Bashirian, MacGyver and Gleichner",2021-09-16,2021-10-16,Classic,Latin America,Frankie Fletcher,42,30,511.0
7845,"Bode, Deckow and Ankunding",2019-01-24,2019-07-23,Classic,Europe,Tomas Glover,252,180,511.0
5198,Canten - Larson,2021-08-09,2021-09-08,Classic,Latin America,Alton Hunt,42,30,511.0
7938,Moen and Sons,2019-08-15,2020-08-14,Classic,North America,Karl Long,511,365,511.0
6231,Crooks LLC,2022-05-26,2023-05-25,Elite Plus,North America,Aloyna Gregory,509,364,510.4
7061,Donnelly Group,2019-01-24,2020-01-23,Elite Plus,Europe,Ross Hines,508,364,509.4
8223,"Smitham, Collier and Kozey",2018-10-30,2019-10-29,Elite Plus,Europe,Alice Cole,508,364,509.4
4409,"Koss, Jaskolski and O'Connell",2020-02-19,2020-04-20,Classic,North America,Karl Long,85,61,508.61
3732,Stehr LLC,2021-01-26,2022-01-30,Elite Plus,Asia,Tomas Glover,514,369,508.43
2797,Franecki Inc,2020-06-16,2021-06-15,Elite Plus,North America,Celia Clayton,507,364,508.39
1653,Kuphal - Hirthe,2020-10-24,2021-10-23,Elite Plus,North America,Marsha Aguilar,507,364,508.39
3238,Walsh - Dare,2021-04-22,2022-04-21,Elite Plus,North America,Celia Clayton,507,364,508.39
5578,Murray LLC,2020-04-08,2020-10-17,Classic,Europe,Celia Clayton,267,192,507.58
5693,Dietrich - Klocko,2021-10-18,2022-10-17,Elite Plus,Asia,Angelo Payne,506,364,507.39
5931,Johnston Group,2020-05-23,2021-05-22,Elite Plus,North America,Frankie Fletcher,506,364,507.39
5211,Mueller LLC,2021-12-16,2022-12-15,Elite Plus,Asia,Alice Cole,506,364,507.39
409,Zboncak LLC,2021-03-29,2022-03-28,Elite Plus,North America,Marshall Lawson,506,364,507.39
4025,"Bode, Bartoletti and Schultz",2021-04-23,2022-04-22,Elite Plus,North America,John Sacker,505,364,506.39
1196,"Collins, Casper and Rogahn",2020-02-02,2021-02-01,Classic,North America,Karl Long,506,365,506.0
7725,"Effertz, Lebsack and Mosciski",2018-07-24,2018-09-19,Classic,North America,Ramon Garcia,79,57,505.88
954,"Buckridge, Quitzon and Lesch",2021-05-20,2022-05-19,Elite Plus,North America,Alice Cole,504,364,505.38
8249,"Rath, Harris and Beatty",2019-10-24,2020-09-22,Classic,Europe,Ramon Garcia,462,334,504.88
5322,"Erdman, Schaden and Bechel",2020-12-03,2021-12-02,Elite Plus,Europe,Celia Clayton,503,364,504.38
1281,"Trantow, Dickens and Rogahn",2022-02-08,2023-02-07,Elite Plus,North America,Celia Clayton,503,364,504.38
200,Collier - O'Kon,2021-10-29,2022-10-29,Classic,Asia,John Sacker,503,365,503.0
2081,"Fahey, Collins and Labadie",2021-05-02,2022-05-01,Classic,Latin America,Cecelia Burgess,501,364,502.38
3684,"Schmitt, Purdy and Reichel",2023-06-08,2024-06-07,Elite Plus,North America,Christopher Little,502,365,502.0
1474,"Cummings, Pollich and Hoppe",2021-01-03,2022-01-02,Elite Plus,North America,Ross Hines,499,364,500.37
5612,Funk LLC,2021-03-24,2022-03-23,Elite Plus,Europe,Tomas Glover,499,364,500.37
6686,Reichel - Leannon,2022-06-24,2023-06-23,Elite Plus,Latin America,Celia Clayton,499,364,500.37
6764,Schmeler PLC,2019-01-10,2020-01-09,Classic,North America,Ramon Garcia,499,364,500.37
7982,Reichel-Keeling,2019-12-24,2020-09-22,Elite Plus,Europe,Phil Baker,374,273,500.04
792,Schimmel LLC,2020-03-10,2021-03-10,Elite Plus,North America,Ramon Garcia,500,365,500.0
794,Schimmel LLC,2020-12-09,2021-12-08,Elite Plus,North America,Ramon Garcia,498,364,499.37
3661,Kuvalis LLC,2021-05-29,2021-06-28,Classic,Latin America,Sonja Griffin,41,30,498.83
3831,Sauer and Sons,2020-09-16,2020-10-16,Classic,Latin America,Alice Cole,41,30,498.83
4093,Corkery - Powlowski,2021-12-25,2023-12-24,Elite Plus,Asia,Aloyna Gregory,996,729,498.68
2284,"Hintz, Bogan and Breitenberg",2021-12-19,2024-12-18,Elite Plus,Europe,Marsha Aguilar,1493,1095,497.67
3843,Kerluke - Friesen,2020-10-28,2021-10-27,Elite Plus,North America,Christopher Little,496,364,497.36
1350,Mohr - Streich,2021-12-30,2022-12-29,Elite Plus,North America,Dana Henderson,496,364,497.36
211,"Ernser, D'Amore and Gulgowski",2021-07-30,2022-07-29,Elite Plus,Europe,Marsha Aguilar,495,364,496.36
2262,Jenkins - Kertzmann,2020-03-17,2021-03-16,Elite Plus,North America,Judy Jacobs,495,364,496.36
8225,Mauston-Mohr,2018-02-14,2019-02-13,Classic,Europe,Christopher Little,495,364,496.36
403,Zboncak LLC,2020-11-22,2021-11-21,Elite Plus,North America,Marshall Lawson,495,364,496.36
6779,"D'Amore, Douglas and Hintz",2019-06-16,2020-06-15,Elite Plus,Europe,Walter Sacha,496,365,496.0
5390,Kunze - Hane,2021-08-24,2023-03-03,Classic,Latin America,Tomas Glover,755,556,495.64
1507,Legros and Sons,2020-12-04,2021-12-03,Classic,Latin America,Lonnie May,494,364,495.36
3060,Marks LLC,2021-05-05,2022-05-04,Elite Plus,Asia,Lonnie May,494,364,495.36
3277,Rutherford Inc,2021-07-30,2022-07-29,Elite Plus,North America,Judy Jacobs,494,364,495.36
3673,"Schmitt, Purdy and Reichel",2021-08-09,2022-08-08,Elite Plus,North America,Christopher Little,494,364,495.36
7962,Jaskolski PLC,2019-09-22,2020-09-21,Elite Plus,North America,Patty Ingram,495,365,495.0
5116,Boehm - Romaguera,2021-05-01,2022-04-30,Elite Plus,Latin America,Celia Clayton,493,364,494.35
6084,Quitzon LLC,2020-03-24,2021-03-23,Elite Plus,North America,Walter Sacha,493,364,494.35
7597,Cremin-Stracke,2018-02-01,2018-04-30,Classic,North America,Ramon Garcia,119,88,493.58
1640,Weissnat - Kessler,2021-07-11,2023-07-10,Elite Plus,Europe,Lonnie May,985,729,493.18
2211,"Adams, Harvey and Wehner",2023-03-30,2024-03-29,Elite Plus,Europe,Alice Cole,493,365,493.0
6950,"Maggio, Hoppe and Raynor",2019-06-23,2020-06-22,Classic,Europe,Marsha Aguilar,493,365,493.0
617,Blanda - O'Hara,2021-08-15,2022-08-14,Elite Plus,Europe,Alice Cole,491,364,492.35
1833,Schuster - Torp,2021-05-25,2022-05-24,Elite Plus,North America,Ramon Garcia,490,364,491.35
4342,Weimann and Sons,2020-06-25,2021-06-24,Elite Plus,North America,Aloyna Gregory,490,364,491.35
1691,Roberts - Sipes,2021-08-11,2021-09-09,Classic,Latin America,Marshall Lawson,39,29,490.86
3209,Stantner and Sons,2021-05-08,2023-12-07,Elite Plus,North America,Ramon Garcia,1267,943,490.41
2698,"Kilback, Lockman and Okuneva",2021-01-05,2021-10-06,Elite Plus,Europe,Tomas Glover,368,274,490.22
6970,Auer Group,2019-08-24,2020-02-21,Classic,Europe,Ramon Garcia,243,181,490.03
1392,"Satterfield, Harber and Ritchie",2021-10-03,2022-12-02,Elite Plus,Asia,Walter Sacha,570,425,489.53
5178,"Steuber, Gibson and Kuhlman",2020-12-13,2023-12-12,Elite Plus,Europe,Phil Baker,1467,1094,489.45
6172,"Dietrich, Larson and Murazik",2021-06-16,2022-06-15,Elite Plus,Europe,Christopher Little,488,364,489.34
7044,Glover Group,2019-07-24,2020-07-23,Classic,Europe,Alice Cole,489,365,489.0
1333,O'Conner and Sons,2020-03-12,2021-03-11,Elite Plus,North America,Cecelia Burgess,487,364,488.34
8046,Aberly-Canten,2019-09-12,2020-09-11,Classic,Asia,Patty Ingram,488,365,488.0
2619,"Bundel, Mauston and Haag",2020-03-11,2021-03-11,Classic,Europe,Karl Long,488,365,488.0
5851,Weissnat Group,2020-10-08,2021-04-05,Elite Plus,North America,Patty Ingram,239,179,487.35
581,Boehm Group,2019-11-10,2020-11-09,Classic,Latin America,John Sacker,487,365,487.0
7267,"D'Amore, Douglas and Hintz",2019-06-16,2020-06-15,Elite Plus,Europe,Walter Sacha,487,365,487.0
6240,Gutkowski - Hessel,2021-05-29,2021-06-28,Classic,Latin America,Tomas Glover,40,30,486.67
4109,Hartmann - Bergstrom,2021-08-27,2021-09-26,Classic,Europe,Sonja Griffin,40,30,486.67
3768,Mitchell LLC,2021-05-08,2023-05-07,Elite Plus,Europe,Marsha Aguilar,972,729,486.67
4268,Reinger Group,2021-04-30,2024-04-29,Elite Plus,Asia,Sonja Griffin,1460,1095,486.67
2724,"Johns, Hand and Welch",2020-10-10,2021-10-09,Elite Plus,Asia,Karl Long,485,364,486.33
2536,Rutherford Group,2020-03-28,2021-03-27,Classic,Europe,Celia Clayton,485,364,486.33
4594,Renner - Schiller,2022-05-16,2023-05-15,Elite Plus,North America,Judy Jacobs,484,364,485.33
4336,White Inc,2020-10-18,2021-10-17,Elite Plus,North America,Grant Cortez,484,364,485.33
2803,Leffler - Effertz,2021-08-11,2022-08-11,Classic,Europe,Tomas Glover,484,365,484.0
6057,Lockman LLC,2020-09-08,2021-09-07,Elite Plus,North America,Aloyna Gregory,482,364,483.32
5856,Weissnat Group,2021-04-18,2022-04-17,Elite Plus,North America,Patty Ingram,482,364,483.32
2068,Gleason and Sons,2021-02-20,2022-02-19,Elite Plus,North America,John Sacker,481,364,482.32
5479,Metz Inc,2020-11-30,2021-11-29,Elite Plus,North America,Patty Ingram,481,364,482.32
5131,"Renner, Hamill and Crona",2021-05-25,2022-05-25,Classic,Europe,Marshall Lawson,482,365,482.0
5408,"Cronin, Canten and Langosh",2021-04-26,2022-04-25,Elite Plus,Asia,John Sacker,480,364,481.32
3632,"Macejkovic, Bosco and Buckridge",2020-11-27,2021-11-26,Elite Plus,North America,Tomas Glover,480,364,481.32
3331,Mertz Inc,2021-03-01,2022-02-28,Classic,North America,John Sacker,480,364,481.32
309,Kub and Sons,2020-01-04,2021-01-03,Elite Plus,Europe,Ramon Garcia,481,365,481.0
2588,O'Kon - Trantow,2020-02-13,2020-04-13,Elite Plus,Asia,Tomas Glover,79,60,480.58
6868,"Quitzon, Bon and Trantow",2018-06-13,2019-06-12,Classic,North America,Alton Hunt,479,364,480.32
1604,Heidenreich - Norman,2021-11-24,2022-11-24,Classic,Asia,Walter Sacha,480,365,480.0
4036,"Waelchi, Krajcik and Green",2021-06-01,2022-06-01,Classic,Asia,Sonja Griffin,480,365,480.0
1201,Kessler and Sons,2021-07-29,2022-07-28,Elite Plus,Asia,Tomas Glover,478,364,479.31
2301,Wiza and Sons,2021-06-02,2022-06-01,Elite Plus,Europe,Christopher Little,478,364,479.31
1812,Schuster - Torp,2021-02-19,2024-02-19,Elite Plus,North America,Ramon Garcia,1437,1095,479.0
4561,"Erdman, Bode and Beier",2021-04-17,2022-04-16,Elite Plus,Europe,Christopher Little,477,364,478.31
5947,"Howe, Stiedemann and Larson",2021-05-09,2022-05-08,Elite Plus,North America,Jerald James,477,364,478.31
7077,Stantner LLC,2018-09-17,2019-09-16,Classic,Europe,Jerald James,477,364,478.31
2546,Rutherford Group,2021-05-17,2021-06-15,Classic,Europe,Celia Clayton,38,29,478.28
6379,Satterfield and Sons,2021-06-17,2021-07-16,Classic,Latin America,Jerald James,38,29,478.28
2254,"Hettinger, Bon and Green",2021-01-13,2022-01-12,Classic,Europe,Ross Hines,475,364,476.3
3848,Treutel LLC,2021-05-25,2021-09-24,Classic,Latin America,Dana Henderson,159,122,475.7
6259,Bechel Inc,2022-04-08,2023-04-07,Elite Plus,Europe,Walter Sacha,474,364,475.3
4947,Lesch - Johnston,2022-09-09,2023-09-08,Elite Plus,North America,Tomas Glover,474,364,475.3
6429,"Quigley, Veum and Reilly",2021-11-13,2022-11-12,Elite Plus,North America,Angelo Payne,474,364,475.3
4614,Renner - Schiller,2021-06-01,2022-01-29,Elite Plus,North America,Judy Jacobs,315,242,475.1
2013,"Altenwerth, Beahan and Buckridge",2021-03-11,2021-04-10,Classic,Latin America,Ross Hines,39,30,474.5
6122,Romaguera - Ziemann,2021-10-18,2021-11-17,Classic,Europe,Ramon Garcia,39,30,474.5
3477,Runte LLC,2021-04-06,2021-05-06,Classic,North America,Sonja Griffin,39,30,474.5
5528,Stantner LLC,2020-12-15,2021-01-14,Classic,North America,Jerald James,39,30,474.5
3707,Blanda - Borer,2020-09-05,2021-09-04,Classic,Europe,Grant Cortez,473,364,474.3
3800,"Hilll, Kiehn and Douglas",2020-06-28,2021-06-27,Elite Plus,Latin America,Karl Long,473,364,474.3
5308,Hudson and Sons,2020-10-05,2021-10-04,Elite Plus,Europe,Ramon Garcia,473,364,474.3
7422,"Kessler, Agarwal and Grady",2018-03-23,2019-03-22,Classic,Europe,Alton Hunt,472,364,473.3
8012,Waters and Sons,2019-09-12,2020-09-11,Classic,Europe,Sonja Griffin,473,365,473.0
4133,Ebert - Sawayn,2021-03-11,2022-03-10,Classic,Latin America,Ross Hines,471,364,472.29
4212,King LLC,2020-10-18,2021-10-17,Elite Plus,Asia,Walter Sacha,471,364,472.29
8097,"McClure, Howe and Pfeffer",2019-10-24,2020-10-23,Elite Plus,Europe,Walter Sacha,472,365,472.0
7873,"Eichmann, Batz and Canten",2018-08-24,2019-08-23,Classic,Europe,Ramon Garcia,470,364,471.29
3365,"Hermann, Hilll and Klein",2021-03-03,2022-03-02,Elite Plus,North America,Cecelia Burgess,470,364,471.29
937,Gupta - Agarwal,2020-07-06,2023-07-05,Elite Plus,North America,Walter Sacha,1412,1094,471.1
921,"Douglas, Rolfson and Gammendor",2020-11-03,2021-11-02,Elite Plus,Europe,Marsha Aguilar,469,364,470.29
534,Rice Group,2020-11-03,2021-11-02,Classic,Latin America,Marshall Lawson,469,364,470.29
1000,Larson - Bundel,2023-06-03,2024-06-02,Elite Plus,North America,Angelo Payne,470,365,470.0
7362,Kreiger Group,2018-12-14,2019-06-13,Classic,Europe,Phil Baker,233,181,469.86
6978,Hayes Inc,2018-07-26,2018-11-29,Classic,North America,Jerald James,162,126,469.29
412,Zboncak LLC,2021-09-22,2022-09-21,Elite Plus,North America,Marshall Lawson,468,364,469.29
1270,Okuneva and Sons,2021-09-13,2021-11-12,Elite Plus,Latin America,Ross Hines,77,60,468.42
1073,Wuckert - Collier,2022-11-01,2023-06-01,Elite Plus,Europe,Angelo Payne,272,212,468.3
6167,"Dietrich, Larson and Murazik",2021-06-10,2022-06-09,Elite Plus,Europe,Christopher Little,467,364,468.28
2739,"Volkman, Ponting and Stanton",2020-05-08,2021-05-07,Classic,Europe,Karl Long,467,364,468.28
1036,"Johnson, Farrell and Zieme",2020-03-25,2021-03-25,Elite Plus,North America,Aloyna Gregory,468,365,468.0
793,Schimmel LLC,2020-01-07,2021-01-06,Elite Plus,North America,Ramon Garcia,467,365,467.0
7762,Stantner Group,2018-08-06,2019-08-05,Classic,North America,Karl Long,465,364,466.28
1032,"Johnson, Farrell and Zieme",2022-01-05,2022-12-17,Elite Plus,North America,Aloyna Gregory,442,346,466.27
5016,Butler LLC,2021-03-15,2021-04-13,Classic,North America,Celia Clayton,37,29,465.69
5541,Goldner Inc,2021-10-30,2021-11-28,Classic,Latin America,Aloyna Gregory,37,29,465.69
5411,"Cronin, Canten and Langosh",2022-06-02,2023-06-01,Elite Plus,Asia,John Sacker,464,364,465.27
5867,"Dicki, Bosco and Rempel",2020-09-27,2021-09-26,Elite Plus,North America,Grant Cortez,464,364,465.27
923,"Douglas, Rolfson and Gammendor",2020-12-12,2021-12-11,Elite Plus,Europe,Marsha Aguilar,464,364,465.27
2094,Hudson - Romaguera,2021-04-08,2022-04-07,Elite Plus,Europe,Celia Clayton,464,364,465.27
1942,"Huels, Pollich and Jacobi",2020-11-09,2021-11-08,Elite Plus,North America,Karl Long,464,364,465.27
5748,Hyatt - Schmitt,2020-12-26,2021-12-25,Elite Plus,Europe,Frankie Fletcher,464,364,465.27
3790,"Leannon, Mills and Cronin",2020-08-14,2021-08-13,Elite Plus,North America,Aloyna Gregory,464,364,465.27
7876,Hudson Group,2018-12-23,2019-06-21,Classic,North America,Patty Ingram,229,180,464.36
2462,"Tromp, Gillespie and Pimpernel",2021-11-21,2022-11-20,Elite Plus,North America,Judy Jacobs,463,364,464.27
6980,Zamber-Cassle,2019-06-23,2020-06-22,Classic,North America,Tomas Glover,464,365,464.0
909,"Lesch, Bernhard and Hills",2021-04-02,2023-04-15,Elite Plus,Europe,Jerald James,944,743,463.74
2409,"Tromp, Gillespie and Pimpernel",2020-08-19,2021-08-18,Elite Plus,North America,Judy Jacobs,462,364,463.27
5136,"Leffler, Kertzmann and Heathcote",2019-12-07,2020-12-06,Classic,North America,Grant Cortez,463,365,463.0
4817,Ullrich - Ankunding,2021-12-29,2022-12-29,Classic,Latin America,Karl Long,463,365,463.0
2545,Rutherford Group,2020-12-14,2021-01-13,Classic,Europe,Celia Clayton,38,30,462.33
3995,"Chechauski, Jaskolski and Corkery",2021-10-11,2022-10-10,Elite Plus,Asia,Judy Jacobs,461,364,462.27
3998,"Cummerata, Legros and Kohler",2020-04-25,2021-04-24,Elite Plus,Europe,Angelo Payne,461,364,462.27
3064,"Stroman, McGlynn and Luettgen",2019-12-07,2020-12-05,Classic,North America,Alice Cole,461,364,462.27
4773,Tromp Group,2021-08-28,2021-12-27,Elite Plus,North America,Sonja Griffin,153,121,461.53
1005,Larson - Bundel,2024-05-11,2024-11-09,Elite Plus,North America,Angelo Payne,230,182,461.26
4122,Bundel - Hagenes,2021-05-13,2026-05-12,Elite Plus,Asia,Dana Henderson,2305,1825,461.0
2812,Mosciski - Prosacco,2021-04-16,2021-08-12,Elite Plus,North America,Aloyna Gregory,149,118,460.89
1545,Mann - Hane,2021-02-08,2023-08-10,Elite Plus,Asia,Dana Henderson,1152,913,460.55
2517,"Leffler, Lesch and Halvorson",2021-07-19,2022-07-18,Elite Plus,North America,Ross Hines,459,364,460.26
4177,Smith - Rice,2021-01-14,2022-01-13,Elite Plus,Europe,Ross Hines,459,364,460.26
6843,SchoStantner Group,2019-06-23,2020-06-22,Classic,North America,Alice Cole,460,365,460.0
5575,Murray LLC,2020-08-01,2021-02-13,Classic,Europe,Celia Clayton,247,196,459.97
7709,Bahringer-Ankunding,2018-11-22,2019-11-21,Classic,North America,Alice Cole,458,364,459.26
6216,"Gottlieb, Breitenberg and Connelly",2020-12-24,2021-12-23,Elite Plus,Europe,Sonja Griffin,458,364,459.26
5461,Jacobi - Bogisich,2021-07-31,2022-07-30,Elite Plus,North America,Frankie Fletcher,458,364,459.26
2555,Murray - Dicki,2021-06-28,2022-06-27,Elite Plus,North America,Christopher Little,456,364,457.25
7444,Rau Ltd,2018-03-21,2019-03-20,Classic,North America,Grant Cortez,456,364,457.25
7552,Romaguera Inc,2018-06-19,2019-06-18,Classic,North America,Grant Cortez,456,364,457.25
905,"Lesch, Bernhard and Hills",2020-11-02,2023-01-16,Elite Plus,Europe,Jerald James,1008,805,457.04
7248,Reichert-Goyette,2019-08-24,2020-08-23,Elite Plus,Europe,Cecelia Burgess,457,365,457.0
7632,"Turcotte, Kuhic and Keeling",2018-04-23,2019-02-19,Classic,North America,John Sacker,378,302,456.85
6205,"Dietrich, Larson and Murazik",2020-11-04,2023-05-04,Elite Plus,Europe,Christopher Little,1139,911,456.35
210,"Ernser, D'Amore and Gulgowski",2021-04-30,2022-04-29,Elite Plus,Europe,Marsha Aguilar,455,364,456.25
2093,Hudson - Romaguera,2021-08-16,2022-08-15,Elite Plus,Europe,Celia Clayton,455,364,456.25
3087,O'Kon - Weber,2021-07-04,2021-10-04,Elite Plus,North America,Grant Cortez,115,92,456.25
3332,Mertz Inc,2021-06-04,2022-01-19,Classic,North America,John Sacker,286,229,455.85
327,"Hessel, Langworth and Abtel",2021-10-04,2024-10-03,Elite Plus,North America,Dana Henderson,1366,1095,455.33
5765,Hintz and Sons,2020-12-13,2021-12-12,Elite Plus,Europe,Cecelia Burgess,454,364,455.25
7989,"Legros, Nader and Frost",2019-09-23,2020-09-22,Classic,North America,Marshall Lawson,454,365,454.0
7231,"Schulist, Luettgen and Miller",2018-09-23,2019-09-22,Classic,North America,Jerald James,452,364,453.24
3556,"Bode, Agarwal and Deckow",2021-09-11,2021-10-10,Classic,Europe,Celia Clayton,36,29,453.1
7013,Bartoletti-Kreiger,2019-06-20,2020-06-19,Elite Plus,North America,Christopher Little,453,365,453.0
2885,"Bernier, Metz and Fay",2020-11-15,2021-11-14,Elite Plus,North America,Grant Cortez,451,364,452.24
1573,Bins LLC,2020-04-15,2021-04-14,Elite Plus,Europe,Judy Jacobs,451,364,452.24
8253,Dickens LLC,2018-10-07,2019-10-06,Elite Plus,Latin America,Sonja Griffin,451,364,452.24
248,Nader LLC,2022-07-19,2023-01-17,Elite Plus,Europe,Marshall Lawson,225,182,451.24
7788,"Norman, Lakin and Lesch",2019-02-07,2020-02-06,Classic,Europe,Alice Cole,450,364,451.24
4492,Zemlak Group,2022-01-11,2022-07-12,Elite Plus,North America,Celia Clayton,225,182,451.24
1042,"Johnson, Farrell and Zieme",2020-04-21,2021-04-21,Elite Plus,North America,Aloyna Gregory,451,365,451.0
4799,Graham Inc,2022-01-17,2023-01-16,Elite Plus,North America,Frankie Fletcher,449,364,450.23
5075,Kuhlman - Schumm,2020-11-16,2020-12-16,Classic,Asia,Ross Hines,37,30,450.17
6041,"Pollich, Dicki and Albertson",2021-08-20,2021-09-19,Classic,North America,Walter Sacha,37,30,450.17
2740,"Volkman, Ponting and Stanton",2021-03-11,2021-04-10,Classic,Europe,Karl Long,37,30,450.17
7554,Robel Inc,2018-04-17,2019-04-16,Classic,North America,Walter Sacha,448,364,449.23
7792,Wehner Inc,2019-02-04,2020-02-03,Classic,North America,Cecelia Burgess,448,364,449.23
1627,Kuhic - Dooley,2020-10-06,2023-10-05,Elite Plus,North America,John Sacker,1346,1094,449.08
8035,Rodriguez-Rice,2019-10-24,2020-10-23,Classic,North America,Grant Cortez,449,365,449.0
7230,Buckridge-SchamBundelr,2019-05-19,2020-05-18,Elite Plus,Asia,Celia Clayton,448,365,448.0
6911,Luettgen-Beatty,2019-09-04,2020-09-03,Elite Plus,North America,Patty Ingram,448,365,448.0
4468,Zemlak Group,2020-03-15,2022-10-14,Elite Plus,North America,Celia Clayton,1156,943,447.44
1666,"Bernier, West and Pimpernel",2021-01-05,2021-02-05,Classic,Latin America,Lonnie May,38,31,447.42
2608,Gaverman - Erdman,2021-08-29,2024-08-28,Elite Plus,Asia,Phil Baker,1341,1095,447.0
5524,Baumbach - Simonis,2020-02-17,2021-02-17,Classic,North America,Ross Hines,447,366,445.78
835,Schimmel LLC,2021-07-13,2023-07-12,Elite Plus,North America,Ramon Garcia,886,729,443.61
3841,Kerluke - Friesen,2020-10-28,2021-10-27,Elite Plus,North America,Christopher Little,442,364,443.21
6676,McKinnon - Jerde,2021-11-04,2022-11-03,Elite Plus,Latin America,Karl Long,442,364,443.21
6639,"Oberbrunner, Ritchie and Labadie",2022-01-06,2023-01-05,Elite Plus,Europe,Cecelia Burgess,442,364,443.21
6118,"Romaguera, Hilll and Hayes",2021-12-30,2024-08-28,Elite Plus,North America,Ross Hines,1180,972,443.11
2463,Wehner LLC,2020-08-16,2021-08-15,Classic,Latin America,Angelo Payne,441,364,442.21
7519,Jenkins PLC,2019-01-10,2020-01-09,Elite Plus,North America,Ramon Garcia,440,364,441.21
7238,Effertz-Lowe,2019-03-20,2020-03-19,Elite Plus,North America,Sonja Griffin,441,365,441.0
6438,Huel - Harber,2021-05-16,2021-06-14,Classic,Latin America,Judy Jacobs,35,29,440.52
4569,Heidenreich - Bogan,2020-07-27,2021-07-26,Elite Plus,Europe,Aloyna Gregory,439,364,440.21
3307,"Mackerrel, Schroeder and Gutkowski",2020-09-09,2021-09-08,Elite Plus,North America,Tomas Glover,439,364,440.21
1962,"Feil, Norman and Mayer",2023-02-27,2024-02-27,Elite Plus,Europe,Marshall Lawson,440,365,440.0
8163,Harvey PLC,2019-11-14,2020-11-13,Classic,North America,Christopher Little,440,365,440.0
314,Kub and Sons,2021-03-22,2022-11-10,Elite Plus,Europe,Ramon Garcia,718,598,438.24
6226,Crooks LLC,2020-05-04,2021-05-03,Elite Plus,North America,Aloyna Gregory,437,364,438.2
2344,Schmitt - Herman,2020-07-23,2021-07-22,Elite Plus,North America,Alton Hunt,437,364,438.2
192,Schoen LLC,2021-01-18,2022-01-17,Elite Plus,Asia,Karl Long,437,364,438.2
6037,"Pollich, Dicki and Albertson",2021-04-19,2021-05-19,Classic,North America,Walter Sacha,36,30,438.0
2490,Schmidt - McClure,2021-05-04,2021-06-03,Classic,Latin America,Phil Baker,36,30,438.0
3415,Waelchi - Botsford,2021-04-19,2021-05-19,Classic,Latin America,Walter Sacha,36,30,438.0
4752,"Cole, Considine and Mraz",2021-08-07,2022-08-06,Elite Plus,Europe,Micheal Williams,436,364,437.2
7224,"Kreiger, Zboncak and Stehr",2018-10-02,2019-10-01,Elite Plus,Latin America,Micheal Williams,436,364,437.2
5267,Schmeler - Ankunding,2022-05-16,2023-05-15,Elite Plus,North America,John Sacker,436,364,437.2
3664,"Torp, Schneider and Lesch",2020-03-03,2021-03-02,Elite Plus,North America,Celia Clayton,436,364,437.2
7636,Zboncak-Corkery,2018-09-02,2019-09-01,Classic,North America,Lonnie May,436,364,437.2
7836,Goldner Ltd,2019-03-27,2020-03-26,Classic,North America,Tomas Glover,437,365,437.0
3847,Treutel LLC,2020-05-16,2020-09-15,Classic,Latin America,Dana Henderson,146,122,436.8
2731,"Morissette, Purdy and Mraz",2021-01-06,2024-01-05,Elite Plus,Europe,Christopher Little,1308,1094,436.4
3744,Raynor Group,2021-08-28,2022-11-27,Elite Plus,Europe,Marshall Lawson,545,456,436.24
264,Koch LLC,2020-11-25,2021-11-24,Elite Plus,North America,Alton Hunt,435,364,436.2
1271,Okuneva and Sons,2020-02-07,2021-02-06,Elite Plus,Latin America,Ross Hines,436,365,436.0
42,Belfact LLC,2019-10-28,2020-10-27,Classic,North America,John Sacker,434,365,434.0
6908,Marquardt Ltd,2019-06-23,2020-06-22,Classic,Europe,Ross Hines,434,365,434.0
215,"Ernser, D'Amore and Gulgowski",2022-06-22,2023-06-21,Elite Plus,Europe,Marsha Aguilar,432,364,433.19
6887,"Ledner, Ebert and Gibson",2019-05-08,2020-05-07,Classic,North America,Grant Cortez,433,365,433.0
4595,Renner - Schiller,2022-06-29,2023-06-28,Elite Plus,North America,Judy Jacobs,431,364,432.18
6974,Hayes Inc,2018-07-26,2018-11-29,Classic,North America,Jerald James,149,126,431.63
6452,Frost Group,2020-07-19,2021-07-18,Classic,North America,Angelo Payne,430,364,431.18
7512,"Sporer, Huel and Cremin",2018-12-09,2019-12-08,Classic,North America,Grant Cortez,430,364,431.18
6946,Kautzer-Waters,2019-05-30,2020-05-29,Classic,Europe,Phil Baker,431,365,431.0
3219,Vandervort - Upton,2020-01-07,2021-01-06,Elite Plus,North America,John Sacker,431,365,431.0
789,White - Herzog,2021-04-19,2022-04-19,Classic,North America,Angelo Payne,431,365,431.0
6116,"Romaguera, Hilll and Hayes",2022-02-01,2024-09-30,Elite Plus,North America,Ross Hines,1147,972,430.72
4536,Leffler - Gleason,2020-12-12,2021-12-11,Elite Plus,Europe,Dana Henderson,429,364,430.18
5133,"Leffler, Kertzmann and Heathcote",2021-03-02,2022-03-01,Elite Plus,North America,Grant Cortez,429,364,430.18
5135,"Leffler, Kertzmann and Heathcote",2020-12-10,2021-12-09,Elite Plus,North America,Grant Cortez,429,364,430.18
6682,Reichel - Leannon,2021-04-02,2022-04-01,Elite Plus,Latin America,Celia Clayton,429,364,430.18
4238,Wuckert Group,2020-04-14,2021-04-13,Elite Plus,Latin America,Cecelia Burgess,429,364,430.18
7001,"D'Amore, Douglas and Hintz",2019-07-24,2020-07-22,Elite Plus,Europe,Walter Sacha,428,364,429.18
4403,"Gutmann, Fadel and Klein",2020-09-03,2021-09-03,Classic,North America,Grant Cortez,429,365,429.0
692,Schulist - Hills,2021-04-19,2024-04-18,Elite Plus,Asia,Alice Cole,1287,1095,429.0
2216,Bosco LLC,2021-08-26,2022-08-25,Classic,Latin America,Phil Baker,427,364,428.17
7558,"SchoStantner, McKinnon and Nicolas",2018-03-15,2019-03-14,Classic,North America,Marsha Aguilar,427,364,428.17
4833,Deckow - Deckow,2021-05-14,2021-06-12,Classic,Latin America,Angelo Payne,34,29,427.93
6612,"Simonis, Boone and Swift",2021-07-13,2021-08-11,Classic,North America,Cecelia Burgess,34,29,427.93
7051,Bins-Glover,2018-09-09,2018-11-18,Classic,North America,Alice Cole,82,70,427.57
6209,"Dietrich, Larson and Murazik",2021-03-18,2022-08-14,Elite Plus,Europe,Christopher Little,602,514,427.49
1395,Cronin - Lehner,2020-05-16,2021-05-15,Elite Plus,North America,Karl Long,426,364,427.17
2696,"Kilback, Lockman and Okuneva",2019-12-18,2020-12-16,Elite Plus,Europe,Tomas Glover,426,364,427.17
8244,"Rath, Harris and Beatty",2020-03-24,2020-09-22,Classic,Europe,Ramon Garcia,213,182,427.17
4581,Renner - Schiller,2022-03-20,2023-03-19,Elite Plus,North America,Judy Jacobs,426,364,427.17
8106,"Luettgen, Larson and Zieme",2019-11-13,2020-11-12,Elite Plus,North America,Sonja Griffin,427,365,427.0
8126,"Gerlach, Reynolds and Cormier",2019-10-18,2020-10-17,Classic,Asia,Sonja Griffin,426,365,426.0
6728,Kshlerin - Hirthe,2021-09-20,2021-10-20,Classic,Asia,Judy Jacobs,35,30,425.83
2020,Roob - Halvorson,2021-06-17,2021-07-17,Classic,North America,Marsha Aguilar,35,30,425.83
3608,Schimmel - Weber,2021-07-29,2021-08-28,Classic,Latin America,Tomas Glover,35,30,425.83
2488,Schmidt - McClure,2021-07-29,2021-08-28,Classic,Latin America,Phil Baker,35,30,425.83
8213,"Hayes, Watsica and Wintheiser",2018-10-27,2019-10-26,Classic,Europe,Celia Clayton,424,364,425.16
7302,Reichel-Heidenreich,2018-06-23,2019-06-22,Classic,Europe,Patty Ingram,424,364,425.16
7999,"Jerde, Orn and Larson",2019-09-23,2020-09-22,Classic,North America,Alice Cole,425,365,425.0
7015,"Kassulke, Bernier and Kshlerin",2019-05-16,2020-05-15,Elite Plus,North America,Patty Ingram,425,365,425.0
1399,Cronin - Lehner,2020-09-04,2021-09-03,Elite Plus,North America,Karl Long,423,364,424.16
6511,Huel - Braun,2020-01-12,2021-01-10,Elite Plus,Latin America,Tomas Glover,423,364,424.16
3058,Marks LLC,2021-09-19,2022-09-18,Elite Plus,Asia,Lonnie May,423,364,424.16
7947,"Effertz, Lebsack and Mosciski",2019-10-20,2020-10-19,Classic,North America,Ramon Garcia,424,365,424.0
1171,"Zamber, Gaverman and Hableton",2021-02-08,2024-02-07,Elite Plus,Europe,Lonnie May,1269,1094,423.39
2628,"Mayert, Murazik and Ernser",2020-03-01,2020-08-30,Elite Plus,North America,Jerald James,211,182,423.16
6129,Considine Group,2021-03-24,2022-03-23,Classic,Latin America,Phil Baker,421,364,422.16
1038,"Johnson, Farrell and Zieme",2022-01-20,2023-01-01,Elite Plus,North America,Aloyna Gregory,400,346,421.97
6153,"Dietrich, Larson and Murazik",2023-01-03,2023-07-28,Elite Plus,Europe,Christopher Little,238,206,421.7
1811,Schuster - Torp,2021-05-05,2024-05-04,Elite Plus,North America,Ramon Garcia,1265,1095,421.67
1414,Gaylord Group,2021-07-22,2022-07-21,Elite Plus,Asia,Marsha Aguilar,420,364,421.15
6959,"Kerluke, Dach and Rogahn",2018-08-30,2019-08-29,Classic,North America,Phil Baker,420,364,421.15
7870,Koch Ltd,2018-11-22,2019-11-21,Classic,North America,Lonnie May,420,364,421.15
2557,Murray - Dicki,2021-07-22,2022-07-21,Elite Plus,North America,Christopher Little,420,364,421.15
5350,Beer - Ruecker,2021-06-08,2024-06-07,Classic,Latin America,Alice Cole,1261,1095,420.33
1841,Schuster - Torp,2021-09-10,2022-09-09,Elite Plus,North America,Ramon Garcia,419,364,420.15
1200,Kessler and Sons,2021-08-16,2022-08-15,Elite Plus,Asia,Tomas Glover,418,364,419.15
2025,Kohler and Sons,2020-04-24,2021-04-23,Elite Plus,Europe,Ramon Garcia,418,364,419.15
202,Padberg - Schinner,2020-02-13,2021-02-11,Elite Plus,Asia,Marshall Lawson,418,364,419.15
7178,Auer-Koch,2019-03-21,2020-03-20,Classic,North America,Grant Cortez,419,365,419.0
951,Keeling - Koelpin,2019-11-18,2020-11-17,Elite Plus,North America,Lonnie May,419,365,419.0
5333,"Erdman, Schaden and Bechel",2021-07-19,2022-08-17,Elite Plus,Europe,Celia Clayton,452,394,418.73
7653,Boyle-Cronin,2018-10-22,2019-10-21,Classic,North America,Karl Long,417,364,418.15
1080,Wuckert - Collier,2020-07-24,2021-07-23,Elite Plus,Europe,Angelo Payne,417,364,418.15
6861,"Lowe, Kautzer and Ward",2019-09-24,2020-09-23,Classic,Asia,Frankie Fletcher,418,365,418.0
6544,"Wisoky, Kuhic and Herman",2020-11-25,2021-11-24,Elite Plus,North America,Patty Ingram,416,364,417.14
231,Nader LLC,2020-04-23,2021-04-22,Elite Plus,Europe,Marshall Lawson,415,364,416.14
6401,"Quigley, Veum and Reilly",2020-06-26,2021-06-25,Elite Plus,North America,Angelo Payne,415,364,416.14
3189,Wolf - Weber,2020-04-11,2021-04-10,Elite Plus,North America,Alton Hunt,415,364,416.14
3401,Ziemann - Weber,2021-07-27,2021-08-25,Classic,Europe,Christopher Little,33,29,415.34
928,Johns - Grant,2021-08-18,2024-08-17,Elite Plus,North America,Alice Cole,1246,1095,415.33
1735,Langworth - Gerhold,2020-11-15,2021-11-14,Classic,Latin America,Aloyna Gregory,414,364,415.14
4725,Robel Group,2019-10-13,2020-10-12,Elite Plus,Latin America,Aloyna Gregory,415,365,415.0
7603,Mann-Baumbach,2018-12-26,2019-12-25,Classic,Latin America,Karl Long,413,364,414.13
4810,Bashirian - Mante,2021-09-12,2021-10-12,Classic,Europe,Micheal Williams,34,30,413.67
6278,Blanda - Kerluke,2021-08-06,2021-09-05,Classic,Latin America,Celia Clayton,34,30,413.67
6076,Hudson Group,2021-04-21,2021-05-21,Classic,Europe,Patty Ingram,34,30,413.67
5047,"Reichert, Balistreri and Dicki",2021-07-02,2021-08-01,Classic,Latin America,Lonnie May,34,30,413.67
5037,"Reichert, Balistreri and Dicki",2021-03-30,2021-04-29,Classic,Latin America,Lonnie May,34,30,413.67
1685,Roberts - Sipes,2021-04-20,2021-05-20,Classic,Latin America,Marshall Lawson,34,30,413.67
840,Wiegand - Breitenberg,2021-05-10,2021-06-09,Classic,North America,Ramon Garcia,34,30,413.67
5580,Murray LLC,2020-10-29,2021-10-28,Classic,Europe,Celia Clayton,412,364,413.13
5860,"Dicki, Bosco and Rempel",2020-07-11,2021-07-10,Elite Plus,North America,Grant Cortez,411,364,412.13
1778,Hane - Oberbrunner,2020-10-21,2021-10-20,Elite Plus,Asia,Judy Jacobs,410,364,411.13
7958,Hoppe Ltd,2019-08-21,2020-08-20,Elite Plus,Asia,Judy Jacobs,411,365,411.0
7839,Mante Inc,2019-06-13,2020-06-12,Classic,Europe,John Sacker,411,365,411.0
6197,"Dietrich, Larson and Murazik",2020-09-25,2021-09-24,Elite Plus,Europe,Christopher Little,409,364,410.12
4454,"Nitzsche, Swift and Muller",2021-07-07,2022-07-06,Elite Plus,North America,Cecelia Burgess,409,364,410.12
6883,Olson-Kuvalis,2019-06-06,2020-06-05,Classic,North America,Marshall Lawson,410,365,410.0
3683,"Schmitt, Purdy and Reichel",2023-05-02,2024-05-01,Elite Plus,North America,Christopher Little,410,365,410.0
2288,Weissnat - Dicki,2021-10-06,2024-10-05,Elite Plus,Europe,Phil Baker,1230,1095,410.0
7384,"Weissnat, Murazik and McDermott",2018-11-28,2019-11-27,Classic,North America,Sonja Griffin,408,364,409.12
6856,"Quigley, Hill and Green",2019-04-14,2020-04-13,Elite Plus,North America,Jerald James,409,365,409.0
2150,Luettgen LLC,2021-04-03,2022-02-14,Elite Plus,North America,Frankie Fletcher,355,317,408.75
1344,Stoltenberg LLC,2020-09-11,2023-09-10,Elite Plus,North America,Angelo Payne,1225,1094,408.71
8004,Konopelski Ltd,2019-09-23,2020-09-22,Classic,Europe,Lonnie May,408,365,408.0
7372,"D'Amore, Douglas and Hintz",2019-07-24,2020-07-22,Elite Plus,Europe,Walter Sacha,406,364,407.12
2828,Hilpert and Sons,2020-10-19,2021-10-18,Elite Plus,North America,Marsha Aguilar,406,364,407.12
330,Pouros - Ward,2020-04-01,2021-03-31,Elite Plus,North America,Karl Long,406,364,407.12
6683,Reichel - Leannon,2021-04-24,2022-04-23,Elite Plus,Latin America,Celia Clayton,406,364,407.12
1764,Hane - Oberbrunner,2020-01-26,2021-01-25,Elite Plus,Asia,Judy Jacobs,407,365,407.0
8248,"Rath, Harris and Beatty",2019-09-23,2020-09-22,Classic,Europe,Ramon Garcia,407,365,407.0
7360,"Gibson, Reinger and Boyer",2018-12-13,2019-12-12,Classic,Asia,Micheal Williams,405,364,406.11
1049,"Johnson, Farrell and Zieme",2021-09-25,2022-09-24,Elite Plus,North America,Aloyna Gregory,405,364,406.11
3928,Waugh - Hamill,2020-12-26,2021-12-25,Classic,Latin America,Christopher Little,405,364,406.11
7489,"Turcotte, Kuhic and Keeling",2018-04-23,2019-02-19,Classic,North America,John Sacker,336,302,406.09
5522,Baumbach - Simonis,2020-03-01,2021-03-01,Elite Plus,North America,Ross Hines,406,365,406.0
4611,Renner - Schiller,2023-02-28,2024-02-28,Elite Plus,North America,Judy Jacobs,406,365,406.0
5185,Herzog LLC,2021-11-09,2022-11-08,Elite Plus,Europe,Phil Baker,404,364,405.11
2929,Harris Inc,2019-10-02,2020-10-01,Elite Plus,Latin America,Jerald James,405,365,405.0
7720,Heller and Sons,2019-06-20,2020-06-19,Elite Plus,North America,Patty Ingram,405,365,405.0
6472,"Schumm, Gerlach and Runolfsson",2019-11-02,2020-11-01,Elite Plus,Europe,Jerald James,405,365,405.0
4649,"Jaskolski, Raynor and Wehner",2021-11-14,2022-11-13,Elite Plus,North America,Grant Cortez,403,364,404.11
8040,Cassle Inc,2019-09-22,2020-09-21,Elite Plus,North America,John Sacker,404,365,404.0
3428,"Lebsack, Dicki and Bosco",2020-03-08,2021-03-07,Classic,Latin America,Frankie Fletcher,402,364,403.1
2727,"Morissette, Purdy and Mraz",2020-01-25,2021-01-24,Elite Plus,Europe,Christopher Little,403,365,403.0
8073,"O'Kon, Hoppe and Johnston",2019-10-23,2020-10-22,Classic,Europe,Ross Hines,403,365,403.0
4104,Hartmann - Bergstrom,2021-05-08,2021-06-06,Classic,Europe,Sonja Griffin,32,29,402.76
114,"Hayes, Wilderman and Cremin",2021-05-18,2021-06-16,Classic,Latin America,Alton Hunt,32,29,402.76
864,"Stantner, Ponting and Rosenbaum",2021-05-28,2021-06-26,Classic,North America,Alice Cole,32,29,402.76
4274,Zboncak Group,2021-02-20,2022-02-19,Classic,North America,Karl Long,401,364,402.1
5326,"Erdman, Schaden and Bechel",2021-06-21,2022-05-12,Elite Plus,Europe,Celia Clayton,358,325,402.06
5216,Aufderhar and Sons,2021-09-08,2021-10-08,Classic,Latin America,Alton Hunt,33,30,401.5
1609,Hessel Group,2021-08-12,2021-09-11,Classic,Latin America,Grant Cortez,33,30,401.5
1016,Koss - Streich,2021-03-25,2021-04-24,Classic,North America,Karl Long,33,30,401.5
2786,"Padberg, Schumm and Moen",2021-06-16,2021-07-16,Classic,North America,Lonnie May,33,30,401.5
5533,Stantner LLC,2021-07-10,2021-08-09,Classic,North America,Jerald James,33,30,401.5
5698,Corwin LLC,2021-02-19,2022-02-18,Elite Plus,Europe,Aloyna Gregory,400,364,401.1
3835,Sauer and Sons,2021-03-31,2022-03-30,Classic,Latin America,Alice Cole,400,364,401.1
2603,Frami - Lockman,2021-05-06,2023-05-05,Classic,Latin America,Aloyna Gregory,801,729,401.05
451,Keebler Inc,2021-12-08,2023-02-06,Elite Plus,Latin America,Phil Baker,466,425,400.21
3178,"Goldner, White and Bundel",2020-06-21,2021-06-20,Elite Plus,North America,Ramon Garcia,399,364,400.1
7432,Smitham and Sons,2018-09-06,2019-09-05,Classic,North America,Aloyna Gregory,399,364,400.1
7226,"Alora, Matter and Vertex",2019-06-23,2020-06-22,Classic,Europe,Cecelia Burgess,400,365,400.0
333,Pouros - Ward,2020-07-15,2021-07-14,Elite Plus,North America,Karl Long,398,364,399.09
6735,"Robel, Norman and Bartell",2021-09-07,2022-09-06,Elite Plus,Asia,Celia Clayton,398,364,399.09
564,"Shields, Durgan and Hettinger",2021-06-17,2022-06-16,Elite Plus,Europe,Celia Clayton,398,364,399.09
5741,Jaskolski LLC,2021-01-18,2022-01-17,Elite Plus,Latin America,Angelo Payne,397,364,398.09
4415,"Koss, Jaskolski and O'Connell",2020-11-24,2021-02-21,Classic,North America,Karl Long,97,89,397.81
4134,Ebert - Sawayn,2021-03-30,2022-03-29,Classic,Latin America,Ross Hines,396,364,397.09
6393,"Quigley, Veum and Reilly",2020-01-28,2021-01-27,Elite Plus,North America,Angelo Payne,397,365,397.0
3816,Quitzon Group,2021-04-27,2026-01-27,Elite Plus,Asia,Grant Cortez,1886,1736,396.54
6739,"Robel, Norman and Bartell",2021-09-19,2022-09-18,Elite Plus,Asia,Celia Clayton,395,364,396.09
7729,Torp Ltd,2018-06-22,2019-06-21,Classic,North America,Aloyna Gregory,394,364,395.08
7932,Grady-Kuphal,2019-09-08,2020-09-07,Classic,North America,Alice Cole,395,365,395.0
1004,Larson - Bundel,2023-09-08,2024-09-07,Elite Plus,North America,Angelo Payne,395,365,395.0
4758,Kemmer Group,2020-11-07,2021-11-06,Elite Plus,Asia,Judy Jacobs,392,364,393.08
2610,Marquardt LLC,2021-07-15,2022-07-14,Elite Plus,Latin America,Karl Long,392,364,393.08
3384,Nienow - Bogisich,2021-12-13,2022-12-12,Elite Plus,Asia,Grant Cortez,392,364,393.08
6951,"Maggio, Hoppe and Raynor",2019-06-23,2020-06-22,Classic,Europe,Marsha Aguilar,393,365,393.0
4734,"Gutkowski, Windler and Kunze",2020-06-21,2021-01-20,Classic,Latin America,Celia Clayton,229,213,392.42
2899,"Dietrich, Ernser and Smitham",2021-08-16,2022-08-15,Classic,Asia,Ross Hines,391,364,392.07
6460,Greenfelder - Schmitt,2021-01-27,2022-01-26,Elite Plus,North America,Alice Cole,391,364,392.07
8043,Blick-Ondricka,2019-09-23,2020-09-22,Classic,North America,Sonja Griffin,392,365,392.0
4326,Rodriguez LLC,2021-09-05,2024-09-04,Elite Plus,Asia,Dana Henderson,1176,1095,392.0
5809,"Hilll, Friesen and O'Connell",2022-08-26,2022-09-09,Elite Plus,North America,Marsha Aguilar,15,14,391.07
5815,"Hilll, Friesen and O'Connell",2022-08-08,2022-08-22,Elite Plus,North America,Marsha Aguilar,15,14,391.07
3780,Stracke - Cassin,2021-10-03,2022-10-02,Elite Plus,North America,Lonnie May,390,364,391.07
3657,Kuvalis LLC,2021-03-28,2021-04-26,Classic,Latin America,Sonja Griffin,31,29,390.17
911,"Lesch, Bernhard and Hills",2021-03-22,2021-04-20,Classic,Europe,Jerald James,31,29,390.17
5535,Stantner LLC,2021-05-14,2021-06-12,Classic,North America,Jerald James,31,29,390.17
3801,"Hilll, Kiehn and Douglas",2020-05-20,2021-05-19,Elite Plus,Latin America,Karl Long,389,364,390.07
7983,Campbelll-Donnelly,2019-08-15,2020-08-14,Elite Plus,North America,Patty Ingram,390,365,390.0
285,Franecki Group,2021-03-18,2021-04-17,Classic,Europe,Aloyna Gregory,32,30,389.33
7731,Hauck PLC,2018-07-24,2019-07-23,Classic,Latin America,Phil Baker,388,364,389.07
4018,"Bode, Bartoletti and Schultz",2020-01-29,2021-01-28,Elite Plus,North America,John Sacker,389,365,389.0
5679,"Hermann, Bogisich and Rosenbaum",2020-02-17,2021-02-16,Elite Plus,North America,Jerald James,389,365,389.0
7307,Rau Ltd,2019-03-21,2020-03-20,Classic,North America,Grant Cortez,389,365,389.0
6222,Crooks LLC,2022-07-09,2023-07-08,Elite Plus,North America,Aloyna Gregory,387,364,388.06
3349,Ferry and Sons,2021-05-29,2022-05-28,Elite Plus,Europe,Sonja Griffin,387,364,388.06
3432,"Lebsack, Dicki and Bosco",2021-04-15,2022-04-14,Elite Plus,Latin America,Frankie Fletcher,387,364,388.06
4131,Ebert - Sawayn,2020-01-20,2021-01-19,Classic,Latin America,Ross Hines,388,365,388.0
4024,"Bode, Bartoletti and Schultz",2021-02-21,2022-02-20,Elite Plus,North America,John Sacker,386,364,387.06
5806,"Hilll, Friesen and O'Connell",2021-03-09,2022-03-08,Elite Plus,North America,Marsha Aguilar,386,364,387.06
3273,Rutherford Inc,2021-04-04,2022-04-03,Elite Plus,North America,Judy Jacobs,386,364,387.06
4488,Zemlak Group,2021-03-29,2022-03-28,Elite Plus,North America,Celia Clayton,386,364,387.06
4132,Ebert - Sawayn,2020-04-06,2021-04-06,Classic,Latin America,Ross Hines,387,365,387.0
3136,Prohaska and Sons,2020-06-10,2021-06-09,Classic,North America,Ross Hines,385,364,386.06
2326,"Smitham, Hintz and Hamill",2020-09-02,2021-09-01,Elite Plus,North America,Celia Clayton,385,364,386.06
6392,"Quigley, Veum and Reilly",2019-11-20,2020-11-19,Elite Plus,North America,Angelo Payne,386,365,386.0
3634,"Macejkovic, Bosco and Buckridge",2021-05-07,2022-05-06,Elite Plus,North America,Tomas Glover,384,364,385.05
7899,Douglas-Muller,2019-09-08,2020-09-07,Classic,Europe,Christopher Little,384,365,384.0
2712,Mertz - Boone,2020-12-27,2022-04-11,Elite Plus,Europe,Alton Hunt,494,470,383.64
4032,"Gerlach, Crist and Mueller",2021-11-04,2022-11-03,Classic,Latin America,Dana Henderson,382,364,383.05
5481,Metz Inc,2020-07-15,2021-07-14,Elite Plus,North America,Patty Ingram,382,364,383.05
3002,Gammendor - Frost,2020-01-28,2021-01-27,Elite Plus,Europe,Frankie Fletcher,383,365,383.0
1076,Wuckert - Collier,2022-09-03,2023-08-03,Elite Plus,Europe,Angelo Payne,350,334,382.49
6670,McKinnon - Jerde,2021-01-23,2022-01-22,Elite Plus,Latin America,Karl Long,381,364,382.05
239,Nader LLC,2021-01-29,2022-01-28,Elite Plus,Europe,Marshall Lawson,381,364,382.05
2715,Mayer - Mayert,2020-06-11,2021-06-11,Classic,Latin America,Sonja Griffin,382,365,382.0
6010,"Deckow, Rempel and Orn",2020-11-02,2021-11-01,Elite Plus,Latin America,Christopher Little,380,364,381.04
1563,"Grimes, Kshlerin and Connelly",2021-03-03,2024-03-01,Elite Plus,Europe,Cecelia Burgess,1140,1094,380.35
7886,Larson Inc,2018-08-14,2019-08-13,Classic,North America,Tomas Glover,379,364,380.04
1934,Tillman - Kuvalis,2020-05-23,2021-05-22,Classic,North America,Patty Ingram,379,364,380.04
7308,Rau Ltd,2019-03-21,2020-03-20,Classic,North America,Grant Cortez,380,365,380.0
7056,Cremin-Wolff,2018-10-08,2019-10-07,Classic,North America,Sonja Griffin,377,364,378.04
3811,Ferry Inc,2022-06-21,2023-06-20,Elite Plus,Asia,Karl Long,377,364,378.04
3363,"Hermann, Hilll and Klein",2021-01-31,2022-01-30,Elite Plus,North America,Cecelia Burgess,377,364,378.04
6968,Morissette Inc,2019-07-23,2020-07-22,Classic,North America,Marsha Aguilar,378,365,378.0
571,Mann - Mauston,2021-10-03,2021-11-01,Classic,Latin America,Walter Sacha,30,29,377.59
2787,"Padberg, Schumm and Moen",2021-10-29,2021-11-27,Classic,North America,Lonnie May,30,29,377.59
3753,Runte Group,2021-05-07,2021-06-05,Classic,Latin America,Karl Long,30,29,377.59
5344,Stantner - Doyle,2021-05-02,2021-05-31,Classic,Latin America,Micheal Williams,30,29,377.59
1269,Okuneva and Sons,2022-01-18,2022-03-19,Elite Plus,Latin America,Ross Hines,62,60,377.17
1681,Roberts - Sipes,2020-11-05,2020-12-05,Classic,Latin America,Marshall Lawson,31,30,377.17
1252,Waelchi Inc,2021-08-07,2021-09-06,Classic,Europe,Tomas Glover,31,30,377.17
7749,Douglas-Muller,2018-09-20,2019-09-19,Classic,Europe,Christopher Little,376,364,377.03
3807,Ferry Inc,2022-02-17,2023-02-16,Elite Plus,Asia,Karl Long,376,364,377.03
7201,Quigley-O'Kon,2019-05-23,2020-05-22,Classic,North America,Angelo Payne,377,365,377.0
8061,Zboncak-Bradtke,2019-10-23,2020-10-22,Elite Plus,Latin America,Ramon Garcia,377,365,377.0
2136,"Swaniawski, Orn and Smitham",2020-06-04,2021-08-03,Elite Plus,Europe,Celia Clayton,438,425,376.16
3298,Rosemont and Sons,2021-07-07,2022-07-06,Elite Plus,Asia,Ross Hines,375,364,376.03
2410,"Tromp, Gillespie and Pimpernel",2021-10-10,2021-11-13,Elite Plus,North America,Judy Jacobs,35,34,375.74
6948,"Norman, Lakin and Lesch",2018-05-23,2019-05-22,Classic,Europe,Alice Cole,374,364,375.03
6768,"Ratke, McGlynn and Botsford",2019-08-28,2020-08-27,Classic,North America,Micheal Williams,375,365,375.0
7289,Schulist Inc,2018-01-24,2018-06-23,Classic,North America,Patty Ingram,154,150,374.73
7435,"Langworth, Lueilwitz and Wuckert",2018-06-23,2019-06-22,Classic,North America,Alton Hunt,373,364,374.02
8115,Mackerrel-Deckow,2019-10-24,2020-10-23,Classic,Europe,Christopher Little,374,365,374.0
3514,Larson - Heaney,2021-12-26,2023-12-25,Elite Plus,Asia,Marshall Lawson,746,729,373.51
7813,"Cassin, O'Keefe and Toy",2019-02-18,2020-02-17,Elite Plus,Latin America,Jerald James,372,364,373.02
1305,Stiedemann Group,2020-05-16,2021-05-15,Elite Plus,North America,Alice Cole,372,364,373.02
1095,Wuckert - Collier,2021-09-09,2022-09-08,Elite Plus,Europe,Angelo Payne,372,364,373.02
6011,"Deckow, Rempel and Orn",2020-10-21,2021-10-20,Elite Plus,Latin America,Christopher Little,370,364,371.02
7494,Konopelski PLC,2018-07-17,2019-07-16,Classic,Europe,Marshall Lawson,370,364,371.02
8051,Gillespie-Homenick,2019-08-05,2020-08-04,Classic,Latin America,Walter Sacha,371,365,371.0
6926,"Norman, Lakin and Lesch",2018-08-07,2019-08-06,Classic,Europe,Alice Cole,368,364,369.01
4769,Tromp Group,2020-11-01,2021-10-31,Elite Plus,North America,Sonja Griffin,368,364,369.01
3536,Crist Group,2022-03-12,2023-03-11,Elite Plus,Asia,Walter Sacha,367,364,368.01
4452,"Nitzsche, Swift and Muller",2020-08-17,2021-08-16,Elite Plus,North America,Cecelia Burgess,367,364,368.01
1831,Schuster - Torp,2021-06-20,2024-06-19,Elite Plus,North America,Ramon Garcia,1102,1095,367.33
5961,Gaverman - Boyer,2020-05-02,2021-05-01,Classic,Asia,Judy Jacobs,366,364,367.01
7427,"Glover, Jast and Cassin",2018-10-22,2019-10-21,Classic,North America,Christopher Little,366,364,367.01
7348,Hudson Group,2018-08-27,2019-08-26,Classic,North America,Patty Ingram,366,364,367.01
1506,Legros and Sons,2020-10-12,2021-10-11,Classic,Latin America,Lonnie May,366,364,367.01
5285,"Rutherford, Kessler and Reichel",2021-08-07,2022-08-06,Classic,Latin America,Jerald James,366,364,367.01
4495,Zemlak Group,2020-04-06,2021-04-05,Elite Plus,North America,Celia Clayton,366,364,367.01
6985,Rosenbaum Inc,2019-08-26,2020-08-25,Elite Plus,Latin America,Judy Jacobs,367,365,367.0
1190,"Nienow, Bosco and Nolan",2020-11-04,2022-02-14,Elite Plus,North America,Judy Jacobs,469,467,366.56
4467,Zemlak Group,2020-05-17,2022-12-16,Elite Plus,North America,Celia Clayton,947,943,366.55
6497,Lesch - Wolff,2021-06-26,2022-06-25,Elite Plus,Europe,Alton Hunt,365,364,366.0
4170,Smith - Rice,2021-01-15,2022-01-14,Elite Plus,Europe,Ross Hines,365,364,366.0
5070,Considine and Sons,2021-04-19,2023-04-18,Elite Plus,Europe,Micheal Williams,730,729,365.5
815,Schimmel LLC,2021-06-10,2024-06-10,Elite Plus,North America,Ramon Garcia,1097,1096,365.33
7881,"Beier, Boone and Schoen",2018-05-24,2018-06-22,Elite Plus,Latin America,Angelo Payne,29,29,365.0
6846,"Block, Jacobi and Mueller",2019-06-07,2020-06-06,Elite Plus,North America,Dana Henderson,365,365,365.0
4309,Bundel - Reichert,2021-06-17,2021-07-16,Classic,Asia,Christopher Little,29,29,365.0
801,Schimmel LLC,2020-01-14,2021-01-12,Elite Plus,North America,Ramon Garcia,364,364,365.0
1081,Wuckert - Collier,2021-07-18,2022-07-17,Elite Plus,Europe,Angelo Payne,364,364,365.0
7858,Feeney-Cremin,2019-01-22,2020-01-21,Classic,Asia,Phil Baker,363,364,364.0
1129,"Hahn, Nienow and Baumbach",2020-12-31,2021-12-30,Classic,Asia,Christopher Little,363,364,364.0
7323,Kling and Sons,2019-01-24,2020-01-23,Classic,Europe,Celia Clayton,363,364,364.0
7206,"Prohaska, Block and Stracke",2018-10-18,2019-10-17,Classic,North America,Marsha Aguilar,363,364,364.0
3462,Barrows LLC,2020-10-31,2021-10-30,Elite Plus,North America,Grant Cortez,362,364,362.99
2891,"Bernier, Metz and Fay",2021-03-16,2022-03-15,Elite Plus,North America,Grant Cortez,362,364,362.99
6288,Kulas - Ryan,2020-06-07,2021-06-06,Elite Plus,North America,Christopher Little,362,364,362.99
3679,"Schmitt, Purdy and Reichel",2022-04-09,2023-04-08,Elite Plus,North America,Christopher Little,362,364,362.99
4681,Wolf - Kemmer,2021-10-20,2022-10-19,Elite Plus,Asia,Micheal Williams,362,364,362.99
2133,Gupta LLC,2022-01-23,2025-01-22,Elite Plus,North America,Marsha Aguilar,1087,1095,362.33
1155,"Kirlin, Streich and Wolff",2020-03-28,2021-03-28,Classic,Asia,Grant Cortez,362,365,362.0
7311,"Ledner, Ebert and Gibson",2019-07-24,2020-07-23,Classic,North America,Grant Cortez,362,365,362.0
2947,Brakus - Stantner,2020-12-11,2021-12-10,Classic,Latin America,Jerald James,361,364,361.99
2223,"Cormier, Powlowski and Murazik",2020-06-22,2021-06-21,Elite Plus,Europe,Walter Sacha,361,364,361.99
4321,Rodriguez LLC,2020-12-12,2021-12-11,Elite Plus,Asia,Dana Henderson,361,364,361.99
7575,Wyman-Bogan,2018-09-02,2019-09-01,Classic,North America,Aloyna Gregory,361,364,361.99
7131,Hartmann PLC,2018-11-22,2019-11-21,Classic,Europe,Christopher Little,360,364,360.99
7379,Schumm-Satterfield,2018-12-07,2019-12-06,Classic,North America,Karl Long,360,364,360.99
3771,Lockman and Sons,2020-11-17,2023-11-16,Elite Plus,North America,Lonnie May,1081,1094,360.66
7957,Stamm-Conn,2019-09-22,2020-09-21,Elite Plus,Asia,Alton Hunt,360,365,360.0
3347,Ferry and Sons,2021-01-19,2023-01-18,Elite Plus,Europe,Sonja Griffin,719,729,359.99
4233,"Cerner, Farrell and White",2022-01-11,2023-01-10,Elite Plus,Latin America,Walter Sacha,359,364,359.99
2604,"Mueller, Howe and Jerde",2020-06-22,2021-06-21,Classic,North America,John Sacker,358,364,358.98
4187,Rogahn Inc,2020-04-01,2021-03-31,Elite Plus,North America,John Sacker,358,364,358.98
1580,Bins LLC,2021-03-31,2021-09-07,Elite Plus,Europe,Judy Jacobs,157,160,358.16
8111,Bins-Glover,2019-11-19,2020-11-18,Classic,North America,Alice Cole,358,365,358.0
1525,Kuvalis Inc,2019-12-11,2020-12-10,Elite Plus,Latin America,Micheal Williams,358,365,358.0
1437,Conroy LLC,2020-09-16,2021-09-15,Elite Plus,Asia,Frankie Fletcher,357,364,357.98
7647,Goyette-Rosenbaum,2018-07-24,2018-12-23,Classic,Europe,Judy Jacobs,149,152,357.8
811,Schimmel LLC,2021-03-31,2021-09-27,Elite Plus,North America,Ramon Garcia,176,180,356.89
8159,"Turcotte, Kuhic and Keeling",2019-11-19,2020-11-18,Classic,North America,John Sacker,356,365,356.0
1879,Waelchi Group,2021-03-25,2022-03-24,Elite Plus,Latin America,Phil Baker,355,364,355.98
345,"Schmidt, Weissnat and Fritsch",2021-05-15,2022-05-14,Elite Plus,North America,Angelo Payne,354,364,354.97
878,"Schuppe, Schumm and Littel",2021-09-14,2022-09-13,Classic,Latin America,Micheal Williams,354,364,354.97
1903,"Koepp, Schumm and Macejkovic",2020-06-18,2021-06-17,Elite Plus,Europe,Angelo Payne,353,364,353.97
246,Nader LLC,2021-01-03,2022-01-02,Elite Plus,Europe,Marshall Lawson,353,364,353.97
7959,Hoppe Ltd,2019-08-21,2020-08-20,Elite Plus,Asia,Judy Jacobs,353,365,353.0
2530,"Friesen, Schimmel and Stamm",2021-05-05,2021-06-04,Classic,Europe,Christopher Little,29,30,352.83
4392,Kilback - Kuphal,2021-06-26,2021-07-26,Classic,North America,Ramon Garcia,29,30,352.83
7826,"Hansen, Frami and Ritchie",2019-03-24,2019-09-18,Classic,North America,Marshall Lawson,172,178,352.7
3877,Douglas - Schaden,2021-05-16,2022-02-06,Elite Plus,North America,Cecelia Burgess,257,266,352.65
5352,Beer - Ruecker,2021-04-22,2021-05-21,Classic,Latin America,Alice Cole,28,29,352.41
6528,Douglas - Kozey,2021-07-01,2021-07-30,Classic,North America,Karl Long,28,29,352.41
1300,Stiedemann Group,2020-02-13,2021-02-12,Elite Plus,North America,Alice Cole,352,365,352.0
3370,"Blick, Bernier and Flatley",2021-01-03,2022-01-02,Classic,Latin America,Celia Clayton,351,364,351.96
6236,"Stark, Murray and Rogahn",2021-08-01,2021-11-15,Elite Plus,Europe,Celia Clayton,102,106,351.23
6916,Harvey PLC,2019-06-20,2020-06-19,Classic,North America,Christopher Little,351,365,351.0
3854,Douglas - Schaden,2020-05-28,2021-05-27,Elite Plus,North America,Cecelia Burgess,350,364,350.96
4373,Gusikowski Inc,2020-10-21,2021-10-20,Elite Plus,Latin America,Aloyna Gregory,350,364,350.96
3063,Marks LLC,2021-05-11,2022-05-10,Elite Plus,Asia,Lonnie May,350,364,350.96
6681,Reichel - Leannon,2021-02-14,2022-02-13,Elite Plus,Latin America,Celia Clayton,350,364,350.96
8089,"Hauck, Cronin and Kunde",2019-11-22,2020-11-21,Classic,North America,Patty Ingram,350,365,350.0
2667,"Herman, Hackett and Agarwal",2021-06-20,2022-06-20,Classic,Europe,Angelo Payne,350,365,350.0
7356,Purdy Group,2019-01-21,2020-01-20,Classic,North America,Aloyna Gregory,349,364,349.96
247,Nader LLC,2022-05-15,2023-02-13,Elite Plus,Europe,Marshall Lawson,262,274,349.01
7203,Effertz-Lowe,2019-03-20,2020-03-19,Elite Plus,North America,Sonja Griffin,349,365,349.0
8161,"Turcotte, Kuhic and Keeling",2019-12-19,2020-12-18,Classic,North America,John Sacker,349,365,349.0
597,Gibson Group,2021-06-16,2022-06-15,Elite Plus,Europe,Sonja Griffin,348,364,348.96
3055,Marks LLC,2021-09-23,2022-09-22,Elite Plus,Asia,Lonnie May,348,364,348.96
3355,O'Kon and Sons,2020-01-14,2021-01-12,Classic,North America,Alice Cole,348,364,348.96
4457,Sanford - Armstrong,2021-09-24,2022-09-23,Elite Plus,Latin America,Marshall Lawson,348,364,348.96
4616,Renner - Schiller,2021-08-18,2024-02-14,Elite Plus,North America,Judy Jacobs,869,910,348.55
3521,Jenkins Group,2021-04-20,2022-04-19,Classic,Latin America,Lonnie May,347,364,347.95
7480,"Lowe, Kautzer and Ward",2018-11-18,2019-11-17,Classic,Asia,Frankie Fletcher,347,364,347.95
5031,Rolfson - Mann,2021-05-08,2022-05-07,Elite Plus,Europe,Tomas Glover,347,364,347.95
6651,SchoStantner - Miller,2021-05-27,2022-07-26,Elite Plus,North America,Tomas Glover,405,425,347.82
6193,"Dietrich, Larson and Murazik",2021-01-16,2022-01-16,Elite Plus,Europe,Christopher Little,347,365,347.0
6808,"Moen, Wuckert and Dicki",2019-02-26,2020-02-26,Classic,North America,Grant Cortez,347,365,347.0
1487,"Cummings, Pollich and Hoppe",2021-02-02,2022-02-01,Elite Plus,North America,Ross Hines,346,364,346.95
483,"Klocko, Runolfsson and Langosh",2021-07-19,2022-07-18,Elite Plus,North America,Ross Hines,346,364,346.95
1083,Wuckert - Collier,2020-05-19,2021-05-18,Elite Plus,Europe,Angelo Payne,346,364,346.95
1560,"Heaney, Robel and Simonis",2021-06-22,2022-06-21,Elite Plus,North America,Grant Cortez,345,364,345.95
8081,D'Amore-Ankunding,2019-11-04,2020-11-03,Classic,Europe,Ross Hines,345,365,345.0
5444,"Larkin, Dickens and Simonis",2021-05-26,2022-02-21,Elite Plus,Asia,Tomas Glover,256,271,344.8
1297,Stiedemann Group,2020-02-18,2021-02-17,Elite Plus,North America,Alice Cole,344,365,344.0
601,Gibson Group,2021-04-17,2022-04-16,Elite Plus,Europe,Sonja Griffin,343,364,343.94
6085,Quitzon LLC,2021-01-23,2022-01-22,Elite Plus,North America,Walter Sacha,343,364,343.94
5318,"Erdman, Schaden and Bechel",2020-10-24,2021-10-23,Elite Plus,Europe,Celia Clayton,342,364,342.94
7410,"Norman, Lakin and Lesch",2019-01-24,2019-08-06,Classic,Europe,Alice Cole,182,194,342.42
1664,"Bernier, West and Pimpernel",2020-10-08,2021-10-08,Classic,Latin America,Lonnie May,342,365,342.0
7009,Upton and Sons,2019-07-24,2020-07-23,Classic,Europe,Ross Hines,342,365,342.0
6772,Collins-Dickinson,2019-07-17,2020-07-16,Elite Plus,Europe,Tomas Glover,341,365,341.0
6223,Crooks LLC,2020-05-04,2021-05-03,Elite Plus,North America,Aloyna Gregory,340,364,340.93
861,"Stantner, Ponting and Rosenbaum",2020-07-21,2021-07-20,Classic,North America,Alice Cole,340,364,340.93
1092,Wuckert - Collier,2022-12-18,2023-07-18,Elite Plus,Europe,Angelo Payne,198,212,340.9
49,Hirthe - Mueller,2020-12-23,2021-01-22,Classic,Latin America,Marsha Aguilar,28,30,340.67
5729,Kessler - Fahey,2021-03-07,2021-04-06,Classic,Latin America,Christopher Little,28,30,340.67
4263,Kshlerin Group,2021-05-18,2021-06-17,Classic,Latin America,Aloyna Gregory,28,30,340.67
5079,Kuhlman - Schumm,2021-06-05,2021-07-05,Classic,Asia,Ross Hines,28,30,340.67
570,Mann - Mauston,2021-08-13,2021-09-12,Classic,Latin America,Walter Sacha,28,30,340.67
1688,Roberts - Sipes,2021-03-27,2021-04-26,Classic,Latin America,Marshall Lawson,28,30,340.67
6607,"Simonis, Boone and Swift",2021-04-16,2021-05-16,Classic,North America,Cecelia Burgess,28,30,340.67
3419,Waelchi - Botsford,2021-07-14,2021-08-13,Classic,Latin America,Walter Sacha,28,30,340.67
5618,Brekke - Wolff,2021-01-03,2022-01-02,Classic,Latin America,Marsha Aguilar,339,364,339.93
1967,Nikolaus - Bernier,2021-12-11,2022-12-10,Elite Plus,Europe,Tomas Glover,339,364,339.93
4814,Bashirian - Mante,2021-11-01,2021-11-30,Classic,Europe,Micheal Williams,27,29,339.83
5968,Gaverman - Boyer,2021-06-06,2021-07-05,Classic,Asia,Judy Jacobs,27,29,339.83
3736,McClure LLC,2021-02-18,2021-03-19,Classic,Asia,Lonnie May,27,29,339.83
1705,Schumm - Feil,2021-09-10,2021-10-09,Classic,Latin America,Patty Ingram,27,29,339.83
1247,Waelchi Inc,2021-03-27,2021-04-25,Classic,Europe,Tomas Glover,27,29,339.83
6083,Corkery LLC,2021-09-03,2026-09-02,Classic,Latin America,Aloyna Gregory,1697,1825,339.4
7548,Kassulke-Beier,2019-08-04,2020-08-03,Elite Plus,North America,Alice Cole,339,365,339.0
8121,"McClure, Howe and Pfeffer",2019-10-24,2020-10-23,Classic,Europe,Walter Sacha,339,365,339.0
2784,"Padberg, Schumm and Moen",2021-04-25,2022-04-24,Classic,North America,Lonnie May,338,364,338.93
7396,Larson Inc,2018-06-21,2019-12-20,Elite Plus,North America,Tomas Glover,507,547,338.31
6499,Lesch - Wolff,2021-12-25,2022-08-27,Elite Plus,Europe,Alton Hunt,227,245,338.18
3184,"Goldner, White and Bundel",2022-08-23,2023-08-22,Elite Plus,North America,Ramon Garcia,337,364,337.93
1167,"Zamber, Gaverman and Hableton",2020-11-11,2023-11-10,Elite Plus,Europe,Lonnie May,1012,1094,337.64
8138,Donnelly PLC,2019-11-23,2020-11-22,Classic,Europe,Tomas Glover,337,365,337.0
1870,"Kassulke, Fritsch and Lebsack",2021-12-19,2024-12-18,Elite Plus,North America,Jerald James,1011,1095,337.0
3018,Gammendor - Frost,2020-10-25,2021-10-24,Elite Plus,Europe,Frankie Fletcher,336,364,336.92
2611,Marquardt LLC,2021-05-07,2022-05-06,Elite Plus,Latin America,Karl Long,336,364,336.92
3774,Stracke - Cassin,2020-05-29,2021-05-28,Elite Plus,North America,Lonnie May,336,364,336.92
7369,"Hills, Grimes and Wuckert",2018-12-13,2019-12-12,Classic,North America,Lonnie May,335,364,335.92
4537,Leffler - Gleason,2020-11-21,2021-11-20,Elite Plus,Europe,Dana Henderson,335,364,335.92
7491,"Runte, Lueilwitz and Doyle",2018-07-03,2019-07-02,Elite Plus,Asia,Aloyna Gregory,334,364,334.92
1838,Schuster - Torp,2021-06-18,2022-06-17,Elite Plus,North America,Ramon Garcia,334,364,334.92
976,"Lubowitz, Franecki and Schuster",2021-12-24,2022-06-22,Elite Plus,Latin America,John Sacker,165,180,334.58
5850,Weissnat Group,2021-01-30,2021-07-28,Elite Plus,North America,Patty Ingram,164,179,334.41
6795,Koss-Towne,2019-06-23,2020-06-22,Classic,North America,Dana Henderson,334,365,334.0
7547,"Norman, Lakin and Lesch",2019-08-07,2020-08-06,Classic,Europe,Alice Cole,334,365,334.0
6833,Schimmel-Hintz,2019-05-23,2019-11-22,Classic,Europe,John Sacker,167,183,333.09
6120,"Romaguera, Hilll and Hayes",2021-11-17,2024-07-16,Elite Plus,North America,Ross Hines,887,972,333.08
8128,Sipes PLC,2019-11-18,2020-11-17,Classic,North America,Celia Clayton,333,365,333.0
605,"Belfact, Balistreri and Kreiger",2021-08-29,2022-08-28,Elite Plus,North America,Tomas Glover,332,364,332.91
7116,Kilback-Bednar,2019-06-18,2020-06-17,Classic,North America,Patty Ingram,332,365,332.0
4740,Jaskolski - Auer,2020-07-13,2021-07-12,Elite Plus,Europe,Aloyna Gregory,331,364,331.91
1353,Mohr - Streich,2021-10-26,2022-10-25,Elite Plus,North America,Dana Henderson,331,364,331.91
4868,Schuppe - Lynch,2020-07-14,2021-07-13,Classic,North America,Micheal Williams,331,364,331.91
4768,Tromp Group,2020-12-05,2021-12-04,Elite Plus,North America,Sonja Griffin,331,364,331.91
1044,"Johnson, Farrell and Zieme",2022-05-14,2023-04-25,Elite Plus,North America,Aloyna Gregory,314,346,331.24
5454,Jacobi - Bogisich,2020-04-02,2021-04-01,Elite Plus,North America,Frankie Fletcher,330,364,330.91
6081,O'Keefe Inc,2020-08-16,2021-08-15,Classic,North America,Patty Ingram,330,364,330.91
2847,Powlowski - Hilpert,2021-11-18,2022-11-17,Elite Plus,Asia,Sonja Griffin,330,364,330.91
4143,Reichert - Hirthe,2020-03-19,2021-03-19,Elite Plus,North America,Alice Cole,330,365,330.0
5125,"Reinger, Champlin and Streich",2020-07-08,2021-07-08,Elite Plus,North America,Marsha Aguilar,330,365,330.0
642,"Goodwin, O'Reilly and Buckridge",2020-01-08,2021-01-06,Elite Plus,North America,Judy Jacobs,329,364,329.9
1765,Hane - Oberbrunner,2020-05-23,2021-05-22,Elite Plus,Asia,Judy Jacobs,328,364,328.9
7732,Larson Inc,2019-01-06,2020-01-05,Elite Plus,North America,Tomas Glover,328,364,328.9
814,Schimmel LLC,2022-11-16,2023-05-15,Elite Plus,North America,Ramon Garcia,162,180,328.5
7942,Mueller LLC,2019-10-17,2020-10-16,Elite Plus,North America,Alice Cole,328,365,328.0
8258,"McDermott, Weimann and Medhurst",2018-12-06,2019-12-05,Classic,Europe,Sonja Griffin,327,364,327.9
1162,Rosenbaum - Hermiston,2021-05-05,2022-06-26,Elite Plus,North America,Grant Cortez,374,417,327.36
5077,Kuhlman - Schumm,2021-03-06,2021-04-04,Classic,Asia,Ross Hines,26,29,327.24
1794,"Sipes, O'Hara and Okuneva",2021-08-09,2021-09-07,Classic,Latin America,Grant Cortez,26,29,327.24
3066,"Stroman, McGlynn and Luettgen",2021-03-30,2021-04-28,Classic,North America,Alice Cole,26,29,327.24
761,Herman - Quitzon,2021-07-15,2022-07-14,Elite Plus,Europe,Alice Cole,326,364,326.9
5802,"Hilll, Friesen and O'Connell",2021-08-02,2022-08-01,Elite Plus,North America,Marsha Aguilar,326,364,326.9
1910,Osinski - Kilback,2021-01-21,2022-01-20,Elite Plus,Europe,Angelo Payne,326,364,326.9
7442,Greenfelder Ltd,2018-06-07,2019-06-07,Classic,Europe,John Sacker,326,365,326.0
1642,Weissnat - Kessler,2021-07-27,2023-07-26,Elite Plus,Europe,Lonnie May,651,729,325.95
3011,Gammendor - Frost,2020-08-31,2021-08-30,Elite Plus,Europe,Frankie Fletcher,325,364,325.89
2266,Jenkins - Kertzmann,2021-04-18,2022-04-17,Elite Plus,North America,Judy Jacobs,325,364,325.89
7412,Goyette-Rosenbaum,2018-12-24,2019-12-23,Classic,Europe,Judy Jacobs,324,364,324.89
7540,Halvorson Inc,2018-07-01,2019-06-30,Classic,Europe,Judy Jacobs,324,364,324.89
1732,Smitham Group,2020-11-28,2021-11-27,Elite Plus,North America,Jerald James,324,364,324.89
4229,"Cerner, Farrell and White",2021-02-20,2022-02-19,Elite Plus,Latin America,Walter Sacha,323,364,323.89
6658,Nolan Inc,2021-05-27,2022-05-26,Elite Plus,Europe,Tomas Glover,323,364,323.89
7637,Schulist Inc,2018-05-28,2019-05-27,Classic,North America,Patty Ingram,323,364,323.89
7253,Blanda LLC,2019-06-15,2020-06-14,Elite Plus,Europe,Marsha Aguilar,323,365,323.0
6746,"Kihn, Goldner and Welch",2021-07-05,2022-07-05,Classic,North America,Ross Hines,323,365,323.0
2495,Breitenberg LLC,2021-01-04,2024-01-03,Elite Plus,Europe,Celia Clayton,968,1094,322.96
7856,Jenkins PLC,2019-01-10,2020-01-09,Elite Plus,North America,Ramon Garcia,322,364,322.88
1043,"Johnson, Farrell and Zieme",2021-03-12,2022-03-11,Elite Plus,North America,Aloyna Gregory,322,364,322.88
1906,"Koepp, Schumm and Macejkovic",2021-10-13,2022-10-12,Elite Plus,Europe,Angelo Payne,322,364,322.88
1093,Wuckert - Collier,2022-07-09,2023-06-08,Elite Plus,Europe,Angelo Payne,295,334,322.38
1235,Fadel LLC,2021-06-30,2022-06-29,Elite Plus,North America,Alice Cole,321,364,321.88
663,"Goodwin, O'Reilly and Buckridge",2020-08-15,2021-08-14,Elite Plus,North America,Judy Jacobs,321,364,321.88
5334,Schmeler - Little,2020-12-08,2021-12-07,Elite Plus,Europe,Frankie Fletcher,321,364,321.88
6364,"Torp, Bosco and Agarwal",2020-12-26,2021-12-25,Elite Plus,North America,Christopher Little,321,364,321.88
3448,Konopelski - Mayer,2021-04-01,2024-06-27,Elite Plus,Europe,Karl Long,1043,1183,321.8
5422,"King, Crooks and Ankunding",2020-05-06,2021-05-05,Classic,Europe,Phil Baker,320,364,320.88
5074,Kuhlman - Schumm,2020-09-20,2021-09-19,Classic,Asia,Ross Hines,320,364,320.88
983,"Lubowitz, Franecki and Schuster",2022-06-30,2026-06-29,Elite Plus,Latin America,John Sacker,1282,1460,320.5
7773,"Effertz, Lebsack and Mosciski",2018-09-20,2019-07-23,Classic,North America,Ramon Garcia,268,306,319.67
5793,"Hilll, Friesen and O'Connell",2020-07-31,2021-07-30,Elite Plus,North America,Marsha Aguilar,318,364,318.87
5395,"Marks, Daniel and Larson",2021-01-12,2022-01-11,Classic,Latin America,Marsha Aguilar,318,364,318.87
6645,"Oberbrunner, Ritchie and Labadie",2021-02-11,2022-02-10,Elite Plus,Europe,Cecelia Burgess,318,364,318.87
5302,Nikolaus - Daniel,2020-10-26,2023-05-25,Elite Plus,Europe,John Sacker,821,941,318.45
4270,Hamill - Kuphal,2021-09-28,2022-09-27,Elite Plus,Europe,Tomas Glover,317,364,317.87
7425,O'Keefe-Agarwaliamson,2018-08-09,2019-08-08,Classic,North America,Tomas Glover,317,364,317.87
896,"Schuppe, Kuhic and Kerluke",2020-08-22,2021-08-21,Elite Plus,North America,Walter Sacha,317,364,317.87
908,"Lesch, Bernhard and Hills",2020-11-19,2022-12-02,Elite Plus,Europe,Jerald James,647,743,317.84
2671,Gottlieb - Smitham,2020-09-16,2023-12-04,Elite Plus,Europe,Dana Henderson,1020,1174,317.12
6922,"Bon, Runte and Bergstrom",2018-08-01,2019-07-31,Classic,North America,Ross Hines,316,364,316.87
13,Towne - Kub,2020-05-13,2021-05-12,Classic,Europe,Alton Hunt,316,364,316.87
1022,Koss - Streich,2021-08-06,2021-09-05,Classic,North America,Karl Long,26,30,316.33
3612,Schimmel - Weber,2021-08-17,2021-09-16,Classic,Latin America,Tomas Glover,26,30,316.33
1702,Schumm - Feil,2021-07-30,2021-08-29,Classic,Latin America,Patty Ingram,26,30,316.33
6199,"Dietrich, Larson and Murazik",2021-08-08,2022-06-17,Elite Plus,Europe,Christopher Little,271,313,316.02
4695,Hackett LLC,2022-03-23,2023-03-22,Elite Plus,Asia,Frankie Fletcher,315,364,315.87
7342,"Ratke, McGlynn and Botsford",2019-08-28,2020-08-27,Classic,North America,Micheal Williams,315,365,315.0
1911,Osinski - Kilback,2020-11-15,2021-11-14,Elite Plus,Europe,Angelo Payne,314,364,314.86
3223,Vandervort - Upton,2020-07-28,2021-07-27,Elite Plus,North America,John Sacker,314,364,314.86
6283,Blanda - Kerluke,2021-10-11,2021-11-09,Classic,Latin America,Celia Clayton,25,29,314.66
1954,"Marquardt, Terry and Sauer",2021-07-10,2021-08-08,Classic,Asia,Dana Henderson,25,29,314.66
2759,Jast - Balistreri,2021-09-17,2022-03-20,Elite Plus,North America,Lonnie May,158,184,313.42
6816,Raynor-Crooks,2019-08-24,2020-08-23,Elite Plus,Asia,Ramon Garcia,313,365,313.0
2172,Hudson - Feil,2021-06-24,2022-06-23,Elite Plus,North America,Micheal Williams,312,364,312.86
4643,Macejkovic - Homenick,2022-02-01,2023-01-31,Elite Plus,Asia,Marsha Aguilar,312,364,312.86
3861,Douglas - Schaden,2021-02-28,2022-01-11,Elite Plus,North America,Cecelia Burgess,271,317,312.03
5866,"Dicki, Bosco and Rempel",2020-07-27,2021-07-26,Elite Plus,North America,Grant Cortez,311,364,311.85
5261,Schmeler - Ankunding,2021-08-27,2022-08-26,Elite Plus,North America,John Sacker,311,364,311.85
7595,"Thiel, Yost and Mante",2018-05-24,2019-05-23,Classic,North America,Patty Ingram,311,364,311.85
2395,"Tromp, Gillespie and Pimpernel",2020-02-27,2021-02-25,Elite Plus,North America,Judy Jacobs,311,364,311.85
1067,Wuckert - Collier,2021-09-10,2022-09-09,Elite Plus,Europe,Angelo Payne,311,364,311.85
557,Harvey and Sons,2021-12-29,2024-06-01,Elite Plus,Asia,Walter Sacha,756,885,311.8
7186,"Deckow, Murray and Mante",2019-06-19,2020-06-18,Classic,North America,Dana Henderson,311,365,311.0
5013,Butler LLC,2021-02-16,2021-03-15,Classic,North America,Celia Clayton,23,27,310.93
7284,Herzog-Bode,2018-09-13,2019-09-12,Classic,North America,Sonja Griffin,310,364,310.85
7872,"Stanton, Homenick and Donnelly",2018-06-21,2019-06-20,Classic,North America,Cecelia Burgess,310,364,310.85
390,Zboncak LLC,2020-03-25,2021-03-24,Elite Plus,North America,Marshall Lawson,310,364,310.85
4489,Zemlak Group,2022-05-13,2022-11-11,Elite Plus,North America,Celia Clayton,155,182,310.85
1428,"West, Toy and Cummings",2020-09-07,2021-09-06,Elite Plus,North America,Grant Cortez,309,364,309.85
1074,Wuckert - Collier,2020-07-11,2021-07-10,Elite Plus,Europe,Angelo Payne,309,364,309.85
889,Reichel - Trantow,2021-10-05,2023-10-04,Elite Plus,North America,Ramon Garcia,617,729,308.92
5162,Fahey and Sons,2020-04-11,2021-04-10,Classic,Asia,Judy Jacobs,308,364,308.85
8037,Gutmann LLC,2019-09-23,2020-09-22,Classic,North America,Micheal Williams,308,365,308.0
5151,"Leffler, Kertzmann and Heathcote",2019-12-12,2020-12-11,Elite Plus,North America,Grant Cortez,308,365,308.0
1037,"Johnson, Farrell and Zieme",2020-12-05,2021-12-04,Elite Plus,North America,Aloyna Gregory,307,364,307.84
4905,Kirlin - Simonis,2021-07-20,2022-07-19,Elite Plus,North America,Frankie Fletcher,307,364,307.84
7446,"Norman, Lakin and Lesch",2018-06-21,2019-05-22,Classic,Europe,Alice Cole,282,335,307.25
6964,Gleichner-Tillman,2019-06-13,2020-06-12,Classic,Asia,Lonnie May,307,365,307.0
2949,Brakus - Stantner,2021-01-14,2022-01-13,Classic,Latin America,Jerald James,306,364,306.84
678,"Goodwin, O'Reilly and Buckridge",2021-05-25,2022-05-24,Elite Plus,North America,Judy Jacobs,306,364,306.84
1916,Gupta - Hessel,2021-04-05,2022-04-04,Elite Plus,Europe,Angelo Payne,306,364,306.84
5250,Schmeler - Ankunding,2020-06-09,2021-06-08,Elite Plus,North America,John Sacker,306,364,306.84
8174,"Luettgen, Larson and Zieme",2019-11-13,2020-11-12,Elite Plus,North America,Sonja Griffin,306,365,306.0
6110,"Romaguera, Hilll and Hayes",2022-01-18,2024-09-16,Elite Plus,North America,Ross Hines,814,972,305.67
7719,Heller and Sons,2019-06-20,2020-06-19,Elite Plus,North America,Patty Ingram,305,365,305.0
7028,"Bode, Deckow and Ankunding",2019-07-24,2019-10-23,Classic,Europe,Tomas Glover,76,91,304.84
7204,"Effertz, Lind and Auer",2018-12-26,2019-12-25,Classic,North America,Micheal Williams,304,364,304.84
5140,"Leffler, Kertzmann and Heathcote",2021-10-15,2022-10-14,Classic,North America,Grant Cortez,304,364,304.84
1983,"Mills, Ziemann and Pfeffer",2021-05-29,2022-05-28,Elite Plus,North America,Celia Clayton,304,364,304.84
3979,Ortiz Inc,2020-05-10,2021-05-09,Elite Plus,North America,Angelo Payne,304,364,304.84
7408,"Rau, Wehner and Roberts",2018-06-17,2019-06-16,Elite Plus,North America,Christopher Little,304,364,304.84
3280,Russel - Botsford,2020-12-26,2021-12-25,Elite Plus,Asia,Patty Ingram,304,364,304.84
6383,Satterfield and Sons,2021-09-30,2021-10-30,Classic,Latin America,Jerald James,25,30,304.17
3069,"Stroman, McGlynn and Luettgen",2021-04-27,2021-05-27,Classic,North America,Alice Cole,25,30,304.17
8108,Johns Inc,2019-11-23,2020-11-22,Elite Plus,North America,John Sacker,304,365,304.0
8105,Murphy Group,2019-11-17,2020-11-16,Elite Plus,North America,Marshall Lawson,304,365,304.0
1748,Fay Inc,2020-05-02,2021-05-01,Elite Plus,Europe,Ross Hines,303,364,303.83
7843,Gusikowski Ltd,2019-01-24,2020-01-23,Elite Plus,Latin America,Judy Jacobs,303,364,303.83
1198,Kessler and Sons,2020-11-20,2021-11-19,Elite Plus,Asia,Tomas Glover,303,364,303.83
4124,Bundel - Hagenes,2021-07-06,2026-07-05,Elite Plus,Asia,Dana Henderson,1518,1825,303.6
3254,Reynolds - Goodwin,2020-01-24,2021-01-22,Elite Plus,North America,Cecelia Burgess,302,364,302.83
3369,"Blick, Bernier and Flatley",2019-12-03,2021-01-02,Classic,Latin America,Celia Clayton,328,396,302.32
4103,Hartmann - Bergstrom,2021-04-22,2021-05-21,Classic,Europe,Sonja Griffin,24,29,302.07
6040,"Pollich, Dicki and Albertson",2021-05-07,2021-06-05,Classic,North America,Walter Sacha,24,29,302.07
3757,Runte Group,2021-08-16,2021-09-14,Classic,Latin America,Karl Long,24,29,302.07
8019,Heidenreich-Herman,2019-10-07,2020-10-06,Elite Plus,Europe,Frankie Fletcher,302,365,302.0
3647,Lakin - Glover,2021-06-20,2024-06-19,Elite Plus,North America,Phil Baker,906,1095,302.0
6089,"Sauer, Marks and Hettinger",2019-10-08,2020-10-07,Elite Plus,North America,Alton Hunt,302,365,302.0
4762,Orn - Hamill,2020-06-03,2021-06-02,Classic,North America,Alice Cole,301,364,301.83
1290,"Rowe, Franecki and Koelpin",2021-03-19,2022-03-18,Classic,Europe,Alice Cole,301,364,301.83
797,Schimmel LLC,2021-12-11,2022-12-10,Elite Plus,North America,Ramon Garcia,301,364,301.83
3235,Walsh - Dare,2020-11-19,2021-11-18,Elite Plus,North America,Celia Clayton,301,364,301.83
6478,Greenholt LLC,2021-06-14,2023-12-21,Elite Plus,Europe,Alton Hunt,760,920,301.52
7708,Bahringer-Ankunding,2018-11-22,2019-11-21,Classic,North America,Alice Cole,300,364,300.82
5180,Herzog LLC,2020-06-23,2021-06-22,Elite Plus,Europe,Phil Baker,300,364,300.82
5585,"Keeling, Jakubowski and Crist",2022-03-12,2023-03-11,Elite Plus,North America,Aloyna Gregory,300,364,300.82
1921,Gupta - Hessel,2021-05-11,2022-07-10,Elite Plus,Europe,Angelo Payne,350,425,300.59
8211,Harris and Sons,2019-03-17,2020-03-16,Classic,Europe,Grant Cortez,300,365,300.0
2999,Wisoky Inc,2021-04-14,2022-04-13,Elite Plus,Europe,Tomas Glover,299,364,299.82
8236,"Rath, Harris and Beatty",2019-09-23,2020-09-22,Classic,Europe,Ramon Garcia,299,365,299.0
7537,Jakubowski-Schultz,2018-05-24,2018-11-22,Classic,Europe,Walter Sacha,149,182,298.82
3769,Lockman and Sons,2020-12-09,2023-12-08,Elite Plus,North America,Lonnie May,894,1094,298.27
627,Schulist - Davis,2020-09-08,2023-09-07,Elite Plus,Europe,Micheal Williams,894,1094,298.27
1063,Frost - Wehner,2021-04-09,2022-01-01,Elite Plus,Europe,Judy Jacobs,218,267,298.01
6787,Gorczany-Lind,2018-09-21,2019-09-20,Classic,Europe,Celia Clayton,297,364,297.82
7561,"O'Conner, Heaney and Mills",2018-08-06,2019-08-05,Classic,North America,Sonja Griffin,297,364,297.82
6104,Stoltenberg - Kassulke,2021-09-22,2023-09-21,Elite Plus,North America,Karl Long,593,729,296.91
5727,Kessler - Fahey,2020-09-10,2021-09-09,Classic,Latin America,Christopher Little,296,364,296.81
3726,Stehr LLC,2020-02-14,2021-02-12,Elite Plus,Asia,Tomas Glover,296,364,296.81
6894,Glover and Sons,2019-06-18,2020-06-17,Classic,North America,Cecelia Burgess,296,365,296.0
7433,Smitham and Sons,2018-09-06,2019-09-05,Classic,North America,Aloyna Gregory,295,364,295.81
1239,Purdy Inc,2021-05-30,2021-11-13,Classic,Europe,Sonja Griffin,135,167,295.06
7951,Jacobi-Butler,2019-09-19,2020-09-18,Classic,Europe,Micheal Williams,295,365,295.0
5704,Altenwerth - Rosenbaum,2021-09-06,2022-09-05,Elite Plus,Latin America,Aloyna Gregory,294,364,294.81
1960,"Feil, Norman and Mayer",2021-06-14,2022-06-13,Elite Plus,Europe,Marshall Lawson,294,364,294.81
6685,Reichel - Leannon,2022-06-04,2023-06-03,Elite Plus,Latin America,Celia Clayton,294,364,294.81
477,"Kling, Kessler and Dach",2020-09-02,2021-09-01,Elite Plus,North America,Marshall Lawson,293,364,293.8
238,Nader LLC,2020-05-22,2021-05-21,Elite Plus,Europe,Marshall Lawson,293,364,293.8
7902,Brown Group,2019-09-25,2020-09-24,Elite Plus,Latin America,Sonja Griffin,293,365,293.0
1328,Stiedemann Group,2022-01-20,2024-01-19,Elite Plus,North America,Alice Cole,585,729,292.9
5161,Fahey and Sons,2020-07-16,2021-07-15,Classic,Asia,Judy Jacobs,292,364,292.8
3154,Leannon Inc,2021-04-30,2022-04-29,Classic,Latin America,Walter Sacha,292,364,292.8
2821,Grady LLC,2021-06-21,2021-07-21,Classic,Latin America,Walter Sacha,24,30,292.0
5045,"Reichert, Balistreri and Dicki",2021-05-08,2021-06-07,Classic,Latin America,Lonnie May,24,30,292.0
4228,"Roberts, Wolf and Lesch",2021-03-22,2021-04-21,Classic,Asia,Cecelia Burgess,24,30,292.0
3756,Runte Group,2021-05-01,2021-05-31,Classic,Latin America,Karl Long,24,30,292.0
6721,Strosin - Bins,2021-06-26,2025-11-25,Elite Plus,North America,Marsha Aguilar,1290,1613,291.91
138,"Gottlieb, Sawayn and Jacobs",2020-12-31,2021-12-30,Elite Plus,Latin America,Ross Hines,291,364,291.8
3538,"O'Connell, Stehr and Schuppe",2021-06-24,2022-06-23,Elite Plus,Asia,Grant Cortez,291,364,291.8
1335,O'Conner and Sons,2020-09-11,2021-09-10,Elite Plus,North America,Cecelia Burgess,291,364,291.8
6687,Reichel - Leannon,2022-05-12,2023-05-11,Elite Plus,Latin America,Celia Clayton,291,364,291.8
8171,Mauston Inc,2020-01-23,2021-01-22,Elite Plus,North America,Micheal Williams,290,365,290.0
7290,Cummings Inc,2018-11-08,2019-11-07,Elite Plus,Latin America,Angelo Payne,289,364,289.79
4267,Kshlerin Group,2021-08-24,2021-09-22,Classic,Latin America,Aloyna Gregory,23,29,289.48
6802,Gulgowski Group,2019-04-14,2020-04-13,Classic,North America,Marshall Lawson,289,365,289.0
7257,"Gusikowski, Mertz and Abbott",2019-06-22,2020-06-21,Classic,North America,Tomas Glover,289,365,289.0
6820,Robel Inc,2019-08-26,2020-08-25,Elite Plus,Latin America,Walter Sacha,289,365,289.0
6870,"Norman, Lakin and Lesch",2018-07-23,2019-07-22,Classic,Europe,Alice Cole,288,364,288.79
7901,Kunze-Pagac,2019-10-07,2020-05-19,Elite Plus,Latin America,Marshall Lawson,178,225,288.76
8044,Rempel-Renner,2019-09-22,2020-09-21,Classic,North America,Patty Ingram,288,365,288.0
7673,Bernier Group,2019-02-21,2020-02-20,Elite Plus,Latin America,Aloyna Gregory,287,364,287.79
5888,"Gleichner, Nikolaus and Raynor",2020-05-23,2021-05-24,Classic,North America,Frankie Fletcher,288,366,287.21
7778,Parker Inc,2019-02-24,2020-02-24,Classic,North America,Jerald James,287,365,287.0
7559,Connelly PLC,2018-03-15,2019-03-14,Classic,North America,Micheal Williams,286,364,286.79
3713,Jones LLC,2020-04-10,2021-04-09,Elite Plus,North America,Lonnie May,286,364,286.79
5599,"Keeling, Jakubowski and Crist",2021-02-14,2022-02-13,Elite Plus,North America,Aloyna Gregory,286,364,286.79
1914,Gupta - Hessel,2021-01-21,2022-04-21,Elite Plus,Europe,Angelo Payne,357,455,286.38
1194,"Collins, Casper and Rogahn",2020-03-28,2021-03-28,Classic,North America,Karl Long,286,365,286.0
6988,Hammes-Beier,2019-08-08,2020-08-07,Classic,North America,Lonnie May,286,365,286.0
1054,"Johnson, Farrell and Zieme",2020-07-05,2021-07-04,Elite Plus,North America,Aloyna Gregory,285,364,285.78
587,Brown Group,2020-01-01,2020-07-01,Elite Plus,Europe,Sonja Griffin,142,182,284.78
2675,Lowe Inc,2021-01-22,2022-01-21,Elite Plus,North America,Marshall Lawson,284,364,284.78
3314,"Mackerrel, Schroeder and Gutkowski",2021-04-24,2022-04-23,Elite Plus,North America,Tomas Glover,284,364,284.78
3389,Rippin Inc,2020-05-05,2021-05-04,Elite Plus,North America,Tomas Glover,284,364,284.78
1789,"Sipes, O'Hara and Okuneva",2020-10-18,2021-10-17,Classic,Latin America,Grant Cortez,284,364,284.78
8215,"Smitham, Collier and Kozey",2018-10-30,2019-10-29,Elite Plus,Europe,Alice Cole,284,364,284.78
7979,Cremin-Hilpert,2019-09-23,2020-09-22,Classic,North America,Alton Hunt,284,365,284.0
7120,"Muller, Durgan and Schumm",2019-07-31,2020-07-30,Elite Plus,Latin America,Marsha Aguilar,284,365,284.0
2653,"Hyatt, Johns and Lowe",2021-01-07,2022-01-06,Elite Plus,North America,Jerald James,283,364,283.78
5289,Skiles Group,2020-05-24,2021-05-23,Elite Plus,North America,Lonnie May,283,364,283.78
7974,"Stanton, Homenick and Donnelly",2019-09-17,2020-09-16,Classic,North America,Cecelia Burgess,283,365,283.0
3019,Gammendor - Frost,2020-11-18,2021-11-17,Elite Plus,Europe,Frankie Fletcher,282,364,282.77
7282,Green-Cassin,2018-10-24,2019-10-23,Classic,North America,Sonja Griffin,282,364,282.77
2913,Sanford LLC,2021-12-23,2022-12-22,Elite Plus,North America,Alice Cole,282,364,282.77
6884,Cremin-Hilpert,2019-09-23,2020-09-22,Classic,North America,Alton Hunt,282,365,282.0
5145,"Leffler, Kertzmann and Heathcote",2020-02-01,2021-01-31,Classic,North America,Grant Cortez,282,365,282.0
7445,Ferry PLC,2018-05-07,2018-12-26,Classic,North America,Celia Clayton,180,233,281.97
4518,Harris LLC,2020-01-05,2021-01-05,Classic,Latin America,Ross Hines,282,366,281.23
8149,Gutkowski-Gislason,2019-11-14,2020-11-13,Elite Plus,Latin America,Micheal Williams,281,365,281.0
3863,Douglas - Schaden,2021-04-08,2022-02-19,Elite Plus,North America,Cecelia Burgess,244,317,280.95
7343,"Cronin, Gaylord and Runte",2018-11-18,2019-11-17,Elite Plus,North America,Alton Hunt,280,364,280.77
6821,Lebsack-Price,2019-04-28,2020-04-27,Classic,Latin America,Aloyna Gregory,280,365,280.0
6817,Rodriguez-Rice,2019-09-23,2020-09-22,Classic,North America,Grant Cortez,280,365,280.0
4307,Bundel - Reichert,2021-04-28,2021-05-28,Classic,Asia,Christopher Little,23,30,279.83
5197,Canten - Larson,2021-04-26,2021-05-26,Classic,Latin America,Alton Hunt,23,30,279.83
4072,"Gulgowski, Lang and Mosciski",2021-07-09,2021-10-07,Elite Plus,Asia,Cecelia Burgess,69,90,279.83
5362,Harvey - Metz,2021-04-28,2021-05-28,Classic,North America,Ross Hines,23,30,279.83
4265,Kshlerin Group,2021-09-19,2021-10-19,Classic,Latin America,Aloyna Gregory,23,30,279.83
1245,Purdy Inc,2021-07-31,2021-08-30,Classic,Europe,Sonja Griffin,23,30,279.83
1689,Roberts - Sipes,2021-02-23,2021-03-25,Classic,Latin America,Marshall Lawson,23,30,279.83
866,"Stantner, Ponting and Rosenbaum",2021-08-30,2021-09-29,Classic,North America,Alice Cole,23,30,279.83
2909,Sanford LLC,2020-07-30,2021-07-29,Elite Plus,North America,Alice Cole,279,364,279.77
5994,Stehr and Sons,2021-07-22,2022-07-21,Elite Plus,North America,Phil Baker,279,364,279.77
3741,Zemlak Group,2021-07-16,2022-07-15,Elite Plus,North America,Celia Clayton,279,364,279.77
6695,"Volkman, Krajcik and Volkman",2020-12-21,2022-01-20,Elite Plus,Europe,Judy Jacobs,302,395,279.06
6196,"Dietrich, Larson and Murazik",2020-05-23,2021-05-22,Elite Plus,Europe,Christopher Little,278,364,278.76
7399,Ernser-Paucek,2018-06-23,2019-06-22,Classic,Europe,Judy Jacobs,278,364,278.76
4474,Zemlak Group,2021-01-30,2022-01-29,Elite Plus,North America,Celia Clayton,278,364,278.76
6909,Torphy-Nienow,2019-06-20,2020-06-19,Elite Plus,Latin America,Marshall Lawson,278,365,278.0
7030,"Deckow, Blick and Ponting",2018-03-28,2019-03-27,Classic,North America,Jerald James,277,364,277.76
7223,"Gaylord, Reilly and Watsica",2018-10-28,2019-10-27,Elite Plus,Latin America,Jerald James,277,364,277.76
7748,"Rumsfeld, Batz and Heaney",2018-06-07,2019-06-06,Elite Plus,North America,Celia Clayton,277,364,277.76
2956,Brakus - Stantner,2021-10-27,2021-11-25,Classic,Latin America,Jerald James,22,29,276.9
5089,Kuhlman - Schumm,2021-10-29,2021-11-27,Classic,Asia,Ross Hines,22,29,276.9
4892,MacGyver - Mackerrel,2021-08-15,2021-09-13,Classic,North America,Alice Cole,22,29,276.9
6449,Streich - Kiehn,2021-02-03,2021-03-04,Classic,North America,Celia Clayton,22,29,276.9
5791,"Hilll, Friesen and O'Connell",2020-05-01,2021-04-30,Elite Plus,North America,Marsha Aguilar,276,364,276.76
6512,Huel - Braun,2020-03-04,2021-03-03,Elite Plus,Latin America,Tomas Glover,276,364,276.76
7659,Jakubowski-Schultz,2018-12-24,2019-12-23,Classic,Europe,Walter Sacha,276,364,276.76
7752,Waelchi Inc,2018-07-24,2019-07-23,Classic,North America,Tomas Glover,276,364,276.76
340,Pouros - Ward,2021-04-18,2022-04-17,Elite Plus,North America,Karl Long,275,364,275.76
3675,"Schmitt, Purdy and Reichel",2021-09-08,2022-09-07,Elite Plus,North America,Christopher Little,274,364,274.75
608,"Belfact, Balistreri and Kreiger",2021-06-12,2023-07-11,Elite Plus,North America,Tomas Glover,570,759,274.11
5173,"Abtel, Rumsfeld andTruman",2021-01-31,2022-01-30,Classic,Latin America,Micheal Williams,273,364,273.75
4558,"Erdman, Bode and Beier",2021-03-18,2022-03-17,Elite Plus,Europe,Christopher Little,273,364,273.75
313,Kub and Sons,2021-01-01,2022-08-22,Elite Plus,Europe,Ramon Garcia,448,598,273.44
1819,Schuster - Torp,2021-05-03,2024-05-02,Elite Plus,North America,Ramon Garcia,820,1095,273.33
5132,"Leffler, Kertzmann and Heathcote",2020-12-03,2021-12-02,Elite Plus,North America,Grant Cortez,272,364,272.75
7648,Koelpin-Nitzsche,2019-03-17,2020-03-16,Elite Plus,Latin America,Tomas Glover,272,365,272.0
6289,Kulas - Ryan,2020-06-04,2021-06-03,Elite Plus,North America,Christopher Little,271,364,271.74
1285,"Trantow, Dickens and Rogahn",2020-12-19,2021-12-18,Elite Plus,North America,Celia Clayton,271,364,271.74
7439,Ledner-Rowe,2018-03-24,2019-03-23,Classic,Latin America,Patty Ingram,270,364,270.74
2041,Ondricka - Sipes,2022-01-09,2023-01-08,Elite Plus,North America,Grant Cortez,270,364,270.74
7078,Roob-Dibbert,2019-04-22,2020-04-21,Classic,Europe,Angelo Payne,270,365,270.0
7768,"Hansen, Frami and Ritchie",2018-09-19,2019-09-18,Classic,North America,Marshall Lawson,269,364,269.74
6803,Bins-Jast,2019-08-26,2020-08-25,Classic,Latin America,Christopher Little,269,365,269.0
8230,Gerhold-Agarwal,2018-06-17,2019-06-16,Classic,Latin America,Judy Jacobs,268,364,268.74
5160,Fahey and Sons,2020-02-19,2021-02-17,Classic,Asia,Judy Jacobs,267,364,267.73
2952,Brakus - Stantner,2021-07-15,2021-08-14,Classic,Latin America,Jerald James,22,30,267.67
4356,Ebert - Lowe,2021-06-08,2021-07-08,Classic,Latin America,Patty Ingram,22,30,267.67
3614,Schimmel - Weber,2021-06-02,2021-07-02,Classic,Latin America,Tomas Glover,22,30,267.67
6447,Streich - Kiehn,2021-01-05,2021-02-04,Classic,North America,Celia Clayton,22,30,267.67
2685,Hegmann - Mayert,2021-04-06,2022-02-03,Elite Plus,North America,Alton Hunt,222,303,267.43
7466,"Ledner, Ebert and Gibson",2018-05-24,2019-03-22,Classic,North America,Grant Cortez,221,302,267.1
7180,"Quitzon, Bon and Trantow",2019-03-19,2020-03-18,Classic,North America,Alton Hunt,267,365,267.0
2535,Rutherford Group,2020-06-09,2021-06-09,Classic,Europe,Celia Clayton,267,365,267.0
641,"Goodwin, O'Reilly and Buckridge",2020-04-25,2021-04-24,Elite Plus,North America,Judy Jacobs,266,364,266.73
5586,"Keeling, Jakubowski and Crist",2022-10-24,2023-10-23,Elite Plus,North America,Aloyna Gregory,266,364,266.73
1931,Tillman - Kuvalis,2020-04-04,2021-04-03,Classic,North America,Patty Ingram,266,364,266.73
7317,Welch and Sons,2018-12-10,2019-12-09,Classic,Latin America,Tomas Glover,266,364,266.73
7225,"Alora, Matter and Vertex",2019-06-23,2020-06-22,Classic,Europe,Cecelia Burgess,266,365,266.0
2792,McKinnon - Fay,2020-11-18,2021-11-17,Elite Plus,North America,Alice Cole,265,364,265.73
1971,Nikolaus - Bernier,2021-12-10,2022-12-09,Elite Plus,Europe,Tomas Glover,265,364,265.73
7686,Wunsch PLC,2018-12-24,2019-12-23,Classic,Europe,Jerald James,265,364,265.73
1559,"Heaney, Robel and Simonis",2021-04-24,2022-04-23,Elite Plus,North America,Grant Cortez,264,364,264.73
7791,"Norman, Lakin and Lesch",2019-02-07,2020-02-06,Classic,Europe,Alice Cole,264,364,264.73
1337,O'Conner and Sons,2021-06-29,2022-06-28,Elite Plus,North America,Cecelia Burgess,264,364,264.73
3111,"Breitenberg, Stroman and Heaney",2020-04-12,2021-02-22,Elite Plus,North America,Karl Long,229,316,264.51
5916,"Harris, Crooks and Ferry",2021-02-23,2021-03-24,Classic,North America,Marsha Aguilar,21,29,264.31
54,Hirthe - Mueller,2021-06-15,2021-07-14,Classic,Latin America,Marsha Aguilar,21,29,264.31
912,"Lesch, Bernhard and Hills",2021-02-14,2021-03-15,Classic,Europe,Jerald James,21,29,264.31
2176,Lockman - Gleichner,2020-05-08,2021-05-08,Classic,Latin America,John Sacker,264,365,264.0
8052,Sauer Ltd,2019-12-24,2020-12-23,Classic,Europe,Phil Baker,264,365,264.0
7034,Boyle LLC,2018-09-04,2019-09-03,Classic,Europe,Grant Cortez,263,364,263.72
3120,"Hermann, Crooks and Pollich",2021-06-16,2022-06-15,Elite Plus,Europe,Tomas Glover,263,364,263.72
5474,Kertzmann - Langworth,2021-07-08,2022-07-07,Elite Plus,North America,Marshall Lawson,263,364,263.72
2515,"Leffler, Lesch and Halvorson",2022-07-10,2023-07-09,Elite Plus,North America,Ross Hines,263,364,263.72
7075,"Lueilwitz, Yost and McDermott",2018-09-20,2019-09-19,Classic,North America,Walter Sacha,263,364,263.72
7069,Schumm-Satterfield,2018-12-07,2019-12-06,Classic,North America,Karl Long,263,364,263.72
4059,Conn Group,2021-07-08,2024-07-07,Elite Plus,North America,Marshall Lawson,790,1095,263.33
5767,Cassle - Mosciski,2020-07-24,2020-11-23,Elite Plus,North America,Christopher Little,88,122,263.28
8074,Pollich-Keebler,2019-12-24,2020-12-23,Elite Plus,Latin America,Cecelia Burgess,263,365,263.0
6062,"Kub, Murphy and Pagac",2020-04-06,2021-04-05,Elite Plus,North America,Ross Hines,261,364,261.72
4397,Murray - Bartell,2021-01-01,2021-12-31,Elite Plus,Latin America,Grant Cortez,261,364,261.72
6989,Hammes-Beier,2019-08-08,2020-08-07,Classic,North America,Lonnie May,261,365,261.0
6295,Kulas - Ryan,2020-12-21,2021-12-20,Elite Plus,North America,Christopher Little,260,364,260.71
452,Keebler Inc,2021-09-30,2022-11-29,Elite Plus,Latin America,Phil Baker,303,425,260.22
8082,D'Amore-Ankunding,2019-11-04,2020-11-03,Classic,Europe,Ross Hines,260,365,260.0
7802,Haley-Powlowski,2019-03-24,2020-03-23,Classic,Europe,Jerald James,260,365,260.0
6982,Raynor-Ruecker,2019-09-05,2020-09-04,Classic,Asia,Alice Cole,260,365,260.0
4546,Heidenreich - O'Hara,2021-06-17,2022-06-16,Elite Plus,North America,Lonnie May,259,364,259.71
3898,Kreiger - Russel,2020-08-22,2021-08-21,Elite Plus,North America,Phil Baker,259,364,259.71
4519,Harris LLC,2019-10-14,2020-10-14,Classic,Latin America,Ross Hines,260,366,259.29
7385,Mills and Sons,2018-11-23,2019-02-20,Classic,North America,Alice Cole,63,89,258.37
8042,West-Witting,2019-09-23,2020-09-22,Classic,North America,Celia Clayton,258,365,258.0
4788,"Hermiston, Weimann and Lemke",2022-12-29,2023-12-28,Elite Plus,North America,Ross Hines,257,364,257.71
1769,Hane - Oberbrunner,2021-03-26,2022-02-22,Elite Plus,Asia,Judy Jacobs,235,333,257.58
6649,SchoStantner - Miller,2021-05-31,2022-07-30,Elite Plus,North America,Tomas Glover,299,425,256.79
2866,Bruen - Schinner,2021-01-13,2022-01-12,Classic,North America,Ramon Garcia,256,364,256.7
6232,Crooks LLC,2022-09-22,2023-09-21,Elite Plus,North America,Aloyna Gregory,256,364,256.7
7371,"Hills, Grimes and Wuckert",2018-12-13,2019-12-12,Classic,North America,Lonnie May,256,364,256.7
4979,Mann and Sons,2021-11-23,2022-11-22,Elite Plus,Latin America,John Sacker,256,364,256.7
3522,Howe - Gleichner,2021-11-29,2022-02-11,Elite Plus,North America,Grant Cortez,52,74,256.49
7688,Chechauski-Bergstrom,2019-09-20,2020-09-19,Classic,North America,Angelo Payne,256,365,256.0
5274,Schmeler - Ankunding,2021-05-04,2023-05-04,Elite Plus,North America,John Sacker,512,730,256.0
1757,"Hilll, Erdman and Rice",2021-03-28,2022-03-27,Classic,Latin America,Judy Jacobs,255,364,255.7
6858,"Wiegand, Kovacek and Torp",2018-06-23,2019-06-22,Classic,Europe,Ross Hines,255,364,255.7
5396,"Marks, Daniel and Larson",2021-04-22,2021-05-22,Classic,Latin America,Marsha Aguilar,21,30,255.5
4653,Raynor - Howell,2021-10-14,2021-11-13,Classic,Latin America,Cecelia Burgess,21,30,255.5
500,"Witting, Rogahn and Jerde",2021-05-04,2021-06-03,Classic,Europe,Christopher Little,21,30,255.5
2718,Halvorson and Sons,2020-02-19,2021-02-18,Classic,Latin America,Marshall Lawson,255,365,255.0
80,Gupta LLC,2020-11-11,2021-11-10,Elite Plus,Europe,Marsha Aguilar,254,364,254.7
4785,"Hermiston, Weimann and Lemke",2021-10-13,2022-10-12,Elite Plus,North America,Ross Hines,254,364,254.7
1622,Mauston and Sons,2020-10-10,2021-10-09,Classic,North America,Aloyna Gregory,254,364,254.7
6760,Corkery - Tanner,2021-08-30,2022-02-27,Elite Plus,Europe,Patty Ingram,126,181,254.09
7865,Buckridge Inc,2019-06-09,2020-06-08,Elite Plus,North America,Alton Hunt,254,365,254.0
6783,"Rice, Champlin and Lindgren",2019-06-05,2020-06-04,Classic,North America,Frankie Fletcher,254,365,254.0
6410,"Quigley, Veum and Reilly",2020-12-14,2021-12-13,Elite Plus,North America,Angelo Payne,253,364,253.7
27,Weissnat and Sons,2021-04-15,2022-04-14,Classic,North America,Aloyna Gregory,253,364,253.7
6891,"Farrell, Donnelly and Flatley",2019-06-20,2020-06-19,Classic,North America,Ramon Garcia,253,365,253.0
6217,Crooks LLC,2020-04-01,2021-03-31,Elite Plus,North America,Aloyna Gregory,252,364,252.69
3527,Graham Inc,2020-02-05,2021-02-03,Elite Plus,North America,Frankie Fletcher,252,364,252.69
8206,Kub PLC,2018-11-22,2019-11-21,Classic,Latin America,Ramon Garcia,252,364,252.69
4978,Mann and Sons,2021-11-26,2022-11-25,Elite Plus,Latin America,John Sacker,252,364,252.69
3441,Konopelski - Mayer,2019-12-14,2020-08-07,Elite Plus,Europe,Karl Long,164,237,252.57
55,Hirthe - Mueller,2021-06-29,2021-07-28,Classic,Latin America,Marsha Aguilar,20,29,251.72
7874,"Rutherford, Hamill and Kirlin",2018-05-24,2018-06-22,Elite Plus,Latin America,Frankie Fletcher,20,29,251.72
2356,Deckow - Kulas,2021-02-15,2022-02-14,Classic,Latin America,Judy Jacobs,251,364,251.69
7280,"Norman, Lakin and Lesch",2018-08-07,2019-08-06,Classic,Europe,Alice Cole,251,364,251.69
8257,"D'Amore, Douglas and Hintz",2018-08-02,2019-08-01,Elite Plus,Europe,Walter Sacha,250,364,250.69
7029,Gorczany LLC,2018-09-22,2019-09-21,Classic,North America,Marshall Lawson,250,364,250.69
6638,Herman - Wyman,2021-11-03,2022-11-02,Elite Plus,North America,Lonnie May,250,364,250.69
3316,"Mackerrel, Schroeder and Gutkowski",2022-08-19,2023-08-18,Elite Plus,North America,Tomas Glover,250,364,250.69
4976,Mann and Sons,2020-10-14,2021-10-13,Elite Plus,Latin America,John Sacker,250,364,250.69
7861,Doyle LLC,2019-03-21,2020-03-20,Elite Plus,North America,Alice Cole,250,365,250.0
7478,Feil-Reilly,2018-03-28,2019-03-27,Classic,North America,Micheal Williams,249,364,249.68
1815,Schuster - Torp,2021-03-28,2024-03-27,Elite Plus,North America,Ramon Garcia,749,1095,249.67
8224,Hettinger LLC,2019-11-20,2021-11-19,Elite Plus,Europe,Walter Sacha,499,730,249.5
816,Schimmel LLC,2021-01-25,2024-01-26,Elite Plus,North America,Ramon Garcia,749,1096,249.44
636,"Goodwin, O'Reilly and Buckridge",2020-01-30,2021-01-29,Elite Plus,North America,Judy Jacobs,249,365,249.0
4983,Sawayn - Jaskolski,2020-12-05,2022-12-04,Elite Plus,Europe,Celia Clayton,496,729,248.34
3108,"D'Amore, Bernier and Canten",2021-07-16,2022-10-24,Elite Plus,Europe,Alton Hunt,316,465,248.04
2920,Parker - Runolfsson,2021-04-23,2024-04-22,Elite Plus,Asia,Sonja Griffin,744,1095,248.0
8251,Ernser-Kertzmann,2018-12-12,2019-12-11,Classic,Europe,Dana Henderson,247,364,247.68
3023,Gammendor - Frost,2021-04-16,2022-04-15,Elite Plus,Europe,Frankie Fletcher,247,364,247.68
965,Fay Group,2021-10-06,2022-11-05,Elite Plus,Asia,John Sacker,268,395,247.65
6785,"Kunze, O'Kon and Goldner",2019-05-19,2020-05-18,Elite Plus,Europe,Marsha Aguilar,247,365,247.0
2666,Daniel - Dietrich,2021-02-09,2022-02-18,Elite Plus,Europe,John Sacker,253,374,246.91
7279,Gaylord LLC,2018-12-06,2019-12-05,Classic,North America,Walter Sacha,246,364,246.68
5976,Stehr and Sons,2020-03-25,2021-03-24,Elite Plus,North America,Phil Baker,246,364,246.68
7923,Jast-Steuber,2019-08-22,2020-08-21,Classic,Latin America,Christopher Little,246,365,246.0
6691,Reichel - Leannon,2023-04-18,2024-04-17,Elite Plus,Latin America,Celia Clayton,246,365,246.0
4045,Erdman Group,2021-08-01,2022-07-31,Elite Plus,North America,Judy Jacobs,245,364,245.67
1056,"Johnson, Farrell and Zieme",2022-05-21,2022-11-02,Elite Plus,North America,Aloyna Gregory,111,165,245.55
8255,"Prohaska, Kunze and Konopelski",2019-10-05,2020-10-04,Classic,Europe,Dana Henderson,245,365,245.0
3981,Ortiz Inc,2021-03-03,2022-03-02,Elite Plus,North America,Angelo Payne,244,364,244.67
5991,Stehr and Sons,2021-03-07,2021-06-06,Elite Plus,North America,Phil Baker,61,91,244.67
7236,Murphy-Rosemont,2019-08-24,2020-06-22,Classic,North America,Lonnie May,203,303,244.54
2310,"Daniel, MacGyver and Ernser",2021-05-20,2022-05-19,Classic,North America,Walter Sacha,243,364,243.67
2870,Bruen - Schinner,2021-07-10,2021-08-09,Classic,North America,Ramon Garcia,20,30,243.33
2841,Hilpert and Sons,2021-06-15,2021-07-15,Classic,North America,Marsha Aguilar,20,30,243.33
2350,"Emmerich, Block and Huel",2020-06-30,2021-06-30,Elite Plus,Latin America,Ramon Garcia,243,365,243.0
1229,"Hintz, Hableton and O'Kon",2020-01-29,2021-01-28,Classic,North America,Angelo Payne,243,365,243.0
7183,Kunze-Greenholt,2019-06-22,2020-06-21,Classic,North America,Walter Sacha,243,365,243.0
4997,"Blick, O'Reilly and Pfannerstill",2021-04-29,2024-04-28,Elite Plus,North America,Judy Jacobs,728,1095,242.67
7642,"Jenkins, Crooks and Kulas",2018-09-11,2019-09-10,Classic,Europe,Karl Long,242,364,242.66
282,Koch LLC,2021-07-11,2022-07-10,Elite Plus,North America,Alton Hunt,242,364,242.66
450,Keebler Inc,2021-09-14,2022-11-13,Elite Plus,Latin America,Phil Baker,282,425,242.19
6220,Crooks LLC,2021-09-21,2022-09-20,Elite Plus,North America,Aloyna Gregory,241,364,241.66
4120,Dickinson Inc,2021-05-28,2022-05-27,Elite Plus,North America,Patty Ingram,241,364,241.66
6784,Mayer LLC,2019-08-05,2020-08-04,Elite Plus,Europe,Alice Cole,241,365,241.0
1673,Funk LLC,2020-11-21,2021-11-20,Classic,North America,Tomas Glover,240,364,240.66
118,"Gerhold, Moen and D'Amore",2021-06-01,2022-05-31,Classic,Latin America,Judy Jacobs,240,364,240.66
7473,"Thiel, Yost and Mante",2018-05-24,2019-05-23,Classic,North America,Patty Ingram,240,364,240.66
7003,"D'Amore, Douglas and Hintz",2019-05-21,2020-05-20,Elite Plus,Europe,Walter Sacha,240,365,240.0
6921,Schuster-Lind,2019-06-23,2020-06-22,Classic,Europe,Walter Sacha,240,365,240.0
7448,Konopelski Ltd,2018-07-16,2019-07-15,Classic,Europe,Lonnie May,239,364,239.66
2579,"Marks, Russel and Hudson",2020-02-24,2021-02-22,Elite Plus,North America,Alice Cole,239,364,239.66
1319,Stiedemann Group,2021-02-09,2022-02-08,Elite Plus,North America,Alice Cole,239,364,239.66
1306,Stiedemann Group,2020-08-11,2021-08-10,Elite Plus,North America,Alice Cole,239,364,239.66
258,Nader LLC,2021-03-28,2022-10-04,Elite Plus,Europe,Marshall Lawson,364,555,239.39
5619,Brekke - Wolff,2021-08-18,2021-09-16,Classic,Latin America,Marsha Aguilar,19,29,239.14
1696,Schumm - Feil,2021-03-28,2021-04-26,Classic,Latin America,Patty Ingram,19,29,239.14
8000,"Jerde, Orn and Larson",2019-09-23,2020-09-22,Classic,North America,Alice Cole,239,365,239.0
7361,"Gibson, Reinger and Boyer",2018-12-13,2019-12-12,Classic,Asia,Micheal Williams,238,364,238.65
2561,Murray - Dicki,2021-09-22,2022-09-21,Elite Plus,North America,Christopher Little,238,364,238.65
7753,Shields-Batz,2018-11-20,2019-11-19,Elite Plus,Europe,Ramon Garcia,238,364,238.65
7381,Schumm-Satterfield,2018-12-07,2019-12-06,Classic,North America,Karl Long,237,364,237.65
8254,"Wilderman, Pollich and Kunze",2018-11-27,2019-11-26,Elite Plus,Europe,Celia Clayton,237,364,237.65
6859,"Watsica, Frami and Kemmer",2019-04-29,2020-04-28,Classic,Europe,Lonnie May,237,365,237.0
6933,"Wiegand, Kovacek and Torp",2018-06-23,2019-06-22,Classic,Europe,Ross Hines,236,364,236.65
8235,Agarwalms and Sons,2019-02-21,2020-02-21,Classic,Europe,Ross Hines,236,365,236.0
8039,McCullough-Reichel,2019-10-09,2020-10-08,Classic,North America,Cecelia Burgess,236,365,236.0
7578,Konopelski PLC,2018-07-17,2019-07-16,Classic,Europe,Marshall Lawson,234,364,234.64
563,"Shields, Durgan and Hettinger",2021-01-29,2022-01-28,Elite Plus,Europe,Celia Clayton,234,364,234.64
7898,Torp Ltd,2019-08-21,2020-02-21,Classic,North America,Aloyna Gregory,118,184,234.08
7499,Hermiston Group,2019-07-23,2020-07-22,Classic,North America,Angelo Payne,234,365,234.0
6947,Kautzer-Waters,2019-05-30,2020-05-29,Classic,Europe,Phil Baker,234,365,234.0
7331,Zieme-Hermann,2018-11-29,2019-11-28,Classic,Europe,Grant Cortez,233,364,233.64
4091,Corkery - Powlowski,2021-08-26,2023-08-25,Elite Plus,Asia,Aloyna Gregory,466,729,233.32
812,Schimmel LLC,2020-12-19,2021-06-17,Elite Plus,North America,Ramon Garcia,115,180,233.19
2417,"Tromp, Gillespie and Pimpernel",2021-03-07,2021-10-31,Elite Plus,North America,Judy Jacobs,152,238,233.11
4019,"Bode, Bartoletti and Schultz",2020-04-10,2021-04-10,Elite Plus,North America,John Sacker,233,365,233.0
8098,Hessel and Sons,2019-11-27,2020-11-26,Classic,Asia,Christopher Little,233,365,233.0
7103,King and Sons,2019-02-27,2020-02-27,Classic,Latin America,Judy Jacobs,233,365,233.0
3327,Koch Inc,2020-12-18,2022-12-17,Elite Plus,Europe,Micheal Williams,465,729,232.82
97,Aufderhar Group,2021-06-19,2022-06-18,Elite Plus,North America,Judy Jacobs,232,364,232.64
3827,Davis - Frami,2021-07-27,2022-07-26,Elite Plus,Europe,Dana Henderson,232,364,232.64
2145,Hammes LLC,2021-10-11,2022-10-10,Classic,Latin America,Ramon Garcia,232,364,232.64
3119,"Hermann, Crooks and Pollich",2020-08-01,2021-07-31,Elite Plus,Europe,Tomas Glover,232,364,232.64
5255,Schmeler - Ankunding,2020-03-23,2021-03-22,Elite Plus,North America,John Sacker,232,364,232.64
4957,Dare Inc,2020-06-22,2020-12-23,Classic,Asia,Micheal Williams,117,184,232.09
6214,"Gottlieb, Breitenberg and Connelly",2020-02-01,2021-01-31,Elite Plus,Europe,Sonja Griffin,232,365,232.0
6963,Lubowitz Ltd,2018-10-23,2019-10-23,Classic,Europe,Ramon Garcia,232,365,232.0
2850,Powlowski - Hilpert,2019-11-01,2020-10-31,Elite Plus,Asia,Sonja Griffin,232,365,232.0
7755,Douglas-Muller,2018-09-20,2019-09-19,Classic,Europe,Christopher Little,231,364,231.63
2247,Glover Inc,2020-09-21,2021-09-20,Classic,Europe,Phil Baker,231,364,231.63
53,Hirthe - Mueller,2021-06-17,2021-07-17,Classic,Latin America,Marsha Aguilar,19,30,231.17
1684,Roberts - Sipes,2021-03-17,2021-04-16,Classic,Latin America,Marshall Lawson,19,30,231.17
3759,Runte Group,2021-07-22,2021-08-21,Classic,Latin America,Karl Long,19,30,231.17
1996,Wiza - Robel,2021-05-31,2021-06-30,Classic,North America,Frankie Fletcher,19,30,231.17
7706,"Kerluke, Dach and Rogahn",2018-12-13,2019-11-24,Classic,North America,Phil Baker,219,346,231.03
2349,"Emmerich, Block and Huel",2020-05-12,2021-05-12,Elite Plus,Latin America,Ramon Garcia,231,365,231.0
8205,Kub PLC,2018-11-22,2019-11-21,Classic,Latin America,Ramon Garcia,230,364,230.63
7553,Bahringer-Ankunding,2018-06-21,2020-06-20,Classic,North America,Alice Cole,460,730,230.0
7980,Konopelski Ltd,2019-09-23,2020-09-22,Classic,Europe,Lonnie May,230,365,230.0
4351,"Hudson, Kassulke and Lowe",2020-10-24,2021-10-23,Classic,Latin America,Christopher Little,229,364,229.63
7724,Stantner Group,2018-08-06,2019-08-05,Classic,North America,Karl Long,229,364,229.63
7546,"Gusikowski, Mertz and Abbott",2019-02-26,2020-02-26,Classic,North America,Tomas Glover,229,365,229.0
5229,Stark LLC,2019-12-29,2020-12-28,Classic,North America,Micheal Williams,229,365,229.0
5950,Schuster and Sons,2020-07-30,2021-07-29,Elite Plus,North America,John Sacker,228,364,228.63
7656,Shanahan-McKinnon,2018-09-06,2019-09-05,Classic,North America,Frankie Fletcher,228,364,228.63
7237,"Belfact, Thiel and Koepp",2019-06-06,2020-06-05,Elite Plus,Latin America,John Sacker,228,365,228.0
341,Champlin - Block,2019-12-23,2020-12-22,Elite Plus,North America,Karl Long,228,365,228.0
8071,"O'Kon, Hoppe and Johnston",2019-10-23,2020-10-22,Classic,Europe,Ross Hines,228,365,228.0
619,Blanda - O'Hara,2021-09-08,2022-09-07,Elite Plus,Europe,Alice Cole,227,364,227.62
3026,Gammendor - Frost,2021-06-07,2022-06-06,Elite Plus,Europe,Frankie Fletcher,227,364,227.62
3893,Kreiger - Russel,2020-02-06,2021-02-04,Elite Plus,North America,Phil Baker,227,364,227.62
1169,"Zamber, Gaverman and Hableton",2020-10-25,2023-10-24,Elite Plus,Europe,Lonnie May,682,1094,227.54
3903,Kreiger - Russel,2021-01-02,2022-01-01,Elite Plus,North America,Phil Baker,226,364,226.62
4395,Kilback - Kuphal,2021-10-02,2021-10-31,Classic,North America,Ramon Garcia,18,29,226.55
5042,"Reichert, Balistreri and Dicki",2021-05-17,2021-06-15,Classic,Latin America,Lonnie May,18,29,226.55
3880,Douglas - Schaden,2021-11-21,2022-05-08,Elite Plus,North America,Cecelia Burgess,104,168,225.95
7059,"D'Amore, Douglas and Hintz",2019-07-24,2020-07-22,Elite Plus,Europe,Walter Sacha,225,364,225.62
582,Boehm Group,2020-03-08,2021-03-08,Classic,Latin America,John Sacker,225,365,225.0
8210,Harris and Sons,2019-03-17,2020-03-16,Classic,Europe,Grant Cortez,225,365,225.0
7816,"Kassulke, Bernier and Kshlerin",2019-06-16,2020-06-15,Elite Plus,North America,Patty Ingram,225,365,225.0
6176,"Dietrich, Larson and Murazik",2022-04-07,2023-04-06,Elite Plus,Europe,Christopher Little,224,364,224.62
4039,Murazik - Heaney,2020-09-20,2021-09-19,Elite Plus,North America,John Sacker,224,364,224.62
3963,"Gaylord, Fay and Frost",2021-04-28,2022-02-25,Elite Plus,Asia,Phil Baker,186,303,224.06
7459,Ferry PLC,2018-05-07,2018-12-26,Classic,North America,Celia Clayton,143,233,224.01
6218,Crooks LLC,2020-09-24,2021-09-23,Elite Plus,North America,Aloyna Gregory,223,364,223.61
824,Schimmel LLC,2021-07-01,2022-06-30,Elite Plus,North America,Ramon Garcia,223,364,223.61
6748,"Hayes, Orn and Cassin",2020-03-28,2021-03-28,Classic,North America,Grant Cortez,223,365,223.0
7341,O'Hara-Waelchi,2019-08-15,2020-08-14,Elite Plus,Asia,Ross Hines,223,365,223.0
7717,Jerde-Hintz,2018-12-12,2019-12-11,Classic,North America,Judy Jacobs,222,364,222.61
7357,Purdy Group,2019-01-21,2020-01-20,Classic,North America,Aloyna Gregory,222,364,222.61
6321,"Wunsch, Rogahn and Reinger",2021-02-12,2022-02-11,Elite Plus,North America,Dana Henderson,222,364,222.61
3089,O'Kon - Weber,2021-04-29,2021-07-30,Elite Plus,North America,Grant Cortez,56,92,222.17
7502,Hermiston Group,2019-07-23,2020-07-22,Classic,North America,Angelo Payne,222,365,222.0
8100,Murphy Group,2019-11-17,2020-11-16,Elite Plus,North America,Marshall Lawson,222,365,222.0
7134,Ziemann PLC,2019-03-09,2020-03-08,Classic,Europe,Phil Baker,222,365,222.0
198,Collier - O'Kon,2020-10-24,2021-10-23,Classic,Asia,John Sacker,221,364,221.61
6306,Kunde Inc,2021-06-29,2022-09-21,Elite Plus,North America,Lonnie May,272,449,221.11
6725,Gleichner - Homenick,2020-10-31,2021-10-31,Classic,Latin America,Marshall Lawson,221,365,221.0
8070,Koch Inc,2019-11-17,2020-11-16,Elite Plus,North America,Micheal Williams,221,365,221.0
8228,Blick PLC,2018-12-05,2019-12-04,Elite Plus,Latin America,Tomas Glover,220,364,220.6
3936,Bode - Morissette,2022-01-24,2023-01-23,Elite Plus,North America,Christopher Little,220,364,220.6
6061,Doyle Group,2021-05-15,2022-05-14,Classic,Asia,Celia Clayton,220,364,220.6
7568,"Ledner, Ebert and Gibson",2018-03-23,2019-03-22,Classic,North America,Grant Cortez,220,364,220.6
4145,Reichert - Hirthe,2021-01-01,2021-12-31,Elite Plus,North America,Alice Cole,220,364,220.6
405,Zboncak LLC,2021-03-01,2022-02-28,Elite Plus,North America,Marshall Lawson,220,364,220.6
7581,Kohler Inc,2018-06-13,2019-06-13,Classic,Europe,Phil Baker,220,365,220.0
8122,"McClure, Howe and Pfeffer",2019-10-24,2020-10-23,Classic,Europe,Walter Sacha,220,365,220.0
2292,Weissnat - Dicki,2022-08-15,2024-06-13,Elite Plus,Europe,Phil Baker,402,668,219.66
2123,Bundel and Sons,2022-11-23,2023-11-22,Elite Plus,Europe,Alton Hunt,219,364,219.6
3454,Effertz Inc,2020-08-04,2021-08-03,Classic,Europe,Christopher Little,219,364,219.6
7660,Jakubowski-Schultz,2018-12-24,2019-12-23,Classic,Europe,Walter Sacha,219,364,219.6
7390,Mills and Sons,2018-10-25,2019-10-24,Classic,North America,Alice Cole,219,364,219.6
1618,Herzog and Sons,2021-01-19,2023-01-18,Classic,Latin America,Celia Clayton,438,729,219.3
7793,"Brekke, Hayes and Ankunding",2019-03-24,2020-03-23,Elite Plus,Latin America,Jerald James,219,365,219.0
5015,Butler LLC,2021-04-04,2021-05-04,Classic,North America,Celia Clayton,18,30,219.0
7152,Gibson-King,2019-08-04,2020-08-03,Elite Plus,Latin America,Marsha Aguilar,219,365,219.0
4100,Hartmann - Bergstrom,2021-02-27,2021-03-29,Classic,Europe,Sonja Griffin,18,30,219.0
2832,Hilpert and Sons,2021-03-26,2021-04-25,Classic,North America,Marsha Aguilar,18,30,219.0
5084,Kuhlman - Schumm,2021-05-24,2021-06-23,Classic,Asia,Ross Hines,18,30,219.0
7211,Luettgen-Beatty,2019-09-04,2020-09-03,Elite Plus,North America,Patty Ingram,219,365,219.0
1953,"Marquardt, Terry and Sauer",2021-08-23,2021-09-22,Classic,Asia,Dana Henderson,18,30,219.0
4864,Muller - Reichert,2021-06-17,2021-07-17,Classic,North America,John Sacker,18,30,219.0
2742,"Volkman, Ponting and Stanton",2021-01-04,2021-02-03,Classic,Europe,Karl Long,18,30,219.0
1251,Waelchi Inc,2021-05-15,2021-06-14,Classic,Europe,Tomas Glover,18,30,219.0
4591,Renner - Schiller,2022-03-23,2023-03-22,Elite Plus,North America,Judy Jacobs,218,364,218.6
2985,Schaden Group,2020-09-23,2021-01-23,Elite Plus,Europe,Alice Cole,73,122,218.4
7305,Mayer-Parisian,2019-02-21,2020-02-21,Classic,North America,Marshall Lawson,218,365,218.0
7566,Cummings Inc,2018-06-23,2019-06-22,Elite Plus,Latin America,Angelo Payne,217,364,217.6
2737,Rohan - Heller,2021-03-13,2022-03-12,Elite Plus,North America,Alton Hunt,217,364,217.6
1064,Frost - Wehner,2021-08-15,2022-05-09,Elite Plus,Europe,Judy Jacobs,159,267,217.36
6786,Chechauski-Shields,2019-07-28,2020-07-27,Elite Plus,Europe,Tomas Glover,217,365,217.0
525,Orn - Brown,2019-12-29,2020-12-28,Classic,Europe,Walter Sacha,217,365,217.0
6047,"Pollich, Dicki and Albertson",2021-12-28,2022-12-28,Classic,North America,Walter Sacha,217,365,217.0
1749,Fay Inc,2020-08-13,2021-08-12,Elite Plus,Europe,Ross Hines,216,364,216.59
8143,Waters and Sons,2019-11-05,2020-05-05,Classic,Europe,Sonja Griffin,108,182,216.59
7956,Heathcote-Eichmann,2019-09-22,2020-09-21,Elite Plus,Europe,Ross Hines,216,365,216.0
8200,Bruen LLC,2018-12-06,2019-12-05,Elite Plus,Europe,Patty Ingram,215,364,215.59
5564,Gislason LLC,2021-11-13,2022-11-12,Elite Plus,Asia,Marshall Lawson,215,364,215.59
7062,West-Kihn,2018-10-23,2019-10-22,Elite Plus,North America,John Sacker,215,364,215.59
7640,"Nitzsche, Prohaska and Lind",2019-01-21,2019-11-26,Classic,North America,Grant Cortez,182,309,214.98
4825,Graham Group,2020-10-03,2021-01-01,Classic,North America,Ramon Garcia,53,90,214.94
7776,Kirlin Ltd,2018-09-10,2019-09-09,Classic,North America,Cecelia Burgess,214,364,214.59
8118,"Bogisich, Simonis and Heller",2019-10-30,2020-08-18,Elite Plus,Europe,Marsha Aguilar,172,293,214.27
1686,Roberts - Sipes,2021-03-19,2021-04-17,Classic,Latin America,Marshall Lawson,17,29,213.97
6319,Schumm - Bergstrom,2021-07-08,2021-08-06,Classic,North America,Tomas Glover,17,29,213.97
1253,Waelchi Inc,2021-09-30,2021-10-29,Classic,Europe,Tomas Glover,17,29,213.97
8186,West-Marks,2018-12-13,2019-12-12,Classic,North America,Phil Baker,213,364,213.59
6854,"D'Amore, Douglas and Hintz",2019-05-13,2019-07-29,Elite Plus,Europe,Walter Sacha,45,77,213.31
2648,"Hyatt, Johns and Lowe",2021-05-09,2023-05-08,Elite Plus,North America,Jerald James,426,729,213.29
5517,Baumbach - Simonis,2020-04-25,2021-04-25,Elite Plus,North America,Ross Hines,213,365,213.0
6794,Koss-Towne,2019-06-23,2020-06-22,Classic,North America,Dana Henderson,213,365,213.0
7232,"Watsica, Boone and Kulas",2019-07-22,2020-07-21,Classic,North America,Tomas Glover,213,365,213.0
2650,"Hyatt, Johns and Lowe",2021-04-01,2023-03-31,Elite Plus,North America,Jerald James,425,729,212.79
3022,Gammendor - Frost,2021-01-13,2022-01-12,Elite Plus,Europe,Frankie Fletcher,212,364,212.58
6476,Greenholt LLC,2020-03-02,2021-03-01,Elite Plus,Europe,Alton Hunt,212,364,212.58
3442,Konopelski - Mayer,2020-11-22,2021-11-21,Elite Plus,Europe,Karl Long,212,364,212.58
927,Johns - Grant,2021-06-25,2024-06-24,Elite Plus,North America,Alice Cole,637,1095,212.33
7014,Heller and Sons,2019-06-20,2020-06-19,Elite Plus,North America,Patty Ingram,212,365,212.0
7404,Cummings Inc,2018-04-23,2018-11-07,Elite Plus,Latin America,Angelo Payne,115,198,211.99
8203,Bruen LLC,2018-12-06,2019-12-05,Elite Plus,Europe,Patty Ingram,211,364,211.58
90,Haag LLC,2021-02-10,2022-02-09,Classic,Latin America,Celia Clayton,211,364,211.58
5899,Medhurst Group,2020-07-27,2021-07-26,Elite Plus,North America,Christopher Little,211,364,211.58
4042,Murazik - Heaney,2021-11-23,2022-11-22,Elite Plus,North America,John Sacker,211,364,211.58
4748,"Stoltenberg, Batz and Heidenreich",2020-12-20,2021-12-19,Elite Plus,Europe,Walter Sacha,211,364,211.58
5328,"Erdman, Schaden and Bechel",2021-09-03,2022-07-25,Elite Plus,Europe,Celia Clayton,188,325,211.14
7256,"Gusikowski, Mertz and Abbott",2019-06-22,2020-06-21,Classic,North America,Tomas Glover,211,365,211.0
7288,Rutherford-Zamber,2018-01-16,2019-01-16,Classic,North America,Marsha Aguilar,211,365,211.0
6095,Sporer - Hills,2020-02-25,2021-02-24,Classic,Latin America,Christopher Little,211,365,211.0
7860,"Kreiger, Zboncak and Stehr",2019-01-02,2019-10-01,Elite Plus,Latin America,Micheal Williams,157,272,210.68
7699,Bahringer-Ankunding,2018-11-22,2019-11-21,Classic,North America,Alice Cole,210,364,210.58
1404,Cronin - Lehner,2020-10-14,2021-10-13,Elite Plus,North America,Karl Long,210,364,210.58
585,SchoStantner - Ritchie,2021-02-08,2022-02-07,Elite Plus,Asia,Celia Clayton,210,364,210.58
7263,Mayer LLC,2019-08-05,2020-08-04,Elite Plus,Europe,Alice Cole,210,365,210.0
7884,Cremin-Stracke,2018-06-01,2019-05-31,Classic,North America,Ramon Garcia,209,364,209.57
7350,"Klein, Goyette and Stoltenberg",2018-10-11,2019-10-10,Elite Plus,Latin America,Patty Ingram,209,364,209.57
7325,Langworth Inc,2018-11-28,2019-11-22,Classic,North America,Alice Cole,206,359,209.44
7879,"Jenkins, Crooks and Kulas",2018-09-11,2019-09-10,Classic,Europe,Karl Long,208,364,208.57
5118,"Thiel, Klocko and Hilpert",2020-07-08,2021-07-07,Elite Plus,Europe,Grant Cortez,208,364,208.57
4420,"Zemlak, Steuber and Rempel",2020-08-14,2021-08-13,Elite Plus,North America,Karl Long,208,364,208.57
6774,Ernser Inc,2019-06-13,2020-06-12,Elite Plus,Latin America,Alice Cole,208,365,208.0
369,Gislason Group,2020-02-15,2021-02-14,Classic,North America,Christopher Little,208,365,208.0
4994,"Blick, O'Reilly and Pfannerstill",2020-05-24,2021-05-23,Elite Plus,North America,Judy Jacobs,207,364,207.57
6026,Considine Group,2021-02-16,2022-02-15,Classic,Latin America,Phil Baker,207,364,207.57
5103,"Belfact, Wintheiser and Beatty",2021-05-29,2022-07-27,Elite Plus,North America,Lonnie May,241,424,207.46
7722,Dibbert Inc,2019-06-21,2020-06-20,Classic,North America,John Sacker,207,365,207.0
1021,Koss - Streich,2021-08-29,2021-09-28,Classic,North America,Karl Long,17,30,206.83
3751,Runte Group,2021-03-21,2021-04-20,Classic,Latin America,Karl Long,17,30,206.83
7576,"Lemke, Nitzsche and Bergstrom",2018-06-03,2019-06-02,Classic,North America,Christopher Little,206,364,206.57
67,Marks and Sons,2021-02-28,2021-09-30,Elite Plus,Europe,Karl Long,121,214,206.38
6973,"Muller, Durgan and Schumm",2019-06-23,2020-06-22,Elite Plus,Latin America,Marsha Aguilar,206,365,206.0
7291,"Gerlach, Reynolds and Cormier",2018-10-18,2019-10-17,Classic,Asia,Sonja Griffin,205,364,205.56
679,"Goodwin, O'Reilly and Buckridge",2021-02-13,2022-02-12,Elite Plus,North America,Judy Jacobs,205,364,205.56
3793,"Leannon, Mills and Cronin",2021-08-26,2022-08-25,Elite Plus,North America,Aloyna Gregory,205,364,205.56
7928,Blick-Ondricka,2019-09-23,2020-09-22,Classic,North America,Sonja Griffin,205,365,205.0
8023,Bundel and Sons,2019-09-22,2020-09-21,Elite Plus,North America,Alton Hunt,205,365,205.0
7905,Sporer LLC,2019-08-29,2020-08-28,Classic,North America,Ross Hines,205,365,205.0
6375,Mackerrel LLC,2022-09-08,2023-09-07,Elite Plus,Europe,Aloyna Gregory,204,364,204.56
5263,Schmeler - Ankunding,2021-07-02,2022-07-01,Elite Plus,North America,John Sacker,204,364,204.56
3294,Schumm Group,2021-03-21,2022-03-20,Elite Plus,North America,Jerald James,204,364,204.56
7764,Torp Ltd,2018-06-22,2019-06-21,Classic,North America,Aloyna Gregory,204,364,204.56
6491,"Russel, White and Koepp",2021-07-25,2022-05-03,Elite Plus,Europe,Ross Hines,158,282,204.5
7130,"Hamill, Rice and King",2019-07-09,2020-07-08,Elite Plus,Latin America,Sonja Griffin,204,365,204.0
7848,Mayer-Parisian,2019-02-21,2020-02-21,Classic,North America,Marshall Lawson,204,365,204.0
7368,Hudson Group,2018-12-23,2019-12-22,Classic,North America,Patty Ingram,203,364,203.56
5156,"Leffler, Kertzmann and Heathcote",2022-01-19,2023-01-18,Classic,North America,Grant Cortez,203,364,203.56
3278,Rutherford Inc,2021-08-08,2022-08-07,Elite Plus,North America,Judy Jacobs,203,364,203.56
2768,Jast - Balistreri,2022-06-08,2022-12-08,Elite Plus,North America,Lonnie May,102,183,203.44
7106,Farrell and Sons,2019-06-23,2020-06-22,Elite Plus,Latin America,Marsha Aguilar,203,365,203.0
7850,"Prohaska, Block and Stracke",2018-10-18,2019-10-18,Classic,North America,Marsha Aguilar,203,365,203.0
959,Wunsch LLC,2020-01-21,2021-01-20,Classic,Europe,Sonja Griffin,203,365,203.0
6465,Oberbrunner Inc,2021-08-11,2022-08-10,Elite Plus,Europe,Karl Long,202,364,202.55
193,Schoen LLC,2021-01-19,2022-01-18,Elite Plus,Asia,Karl Long,202,364,202.55
6853,"Weber, Connelly and Ernser",2018-03-15,2019-03-14,Classic,Latin America,John Sacker,202,364,202.55
1330,Stiedemann Group,2021-01-31,2023-09-28,Elite Plus,North America,Alice Cole,537,970,202.07
7008,Boyle and Sons,2019-06-04,2020-06-03,Elite Plus,Latin America,Sonja Griffin,202,365,202.0
1055,"Johnson, Farrell and Zieme",2021-09-07,2022-09-06,Elite Plus,North America,Aloyna Gregory,201,364,201.55
4442,Bon - Volkman,2021-04-30,2021-05-29,Classic,Latin America,John Sacker,16,29,201.38
5078,Kuhlman - Schumm,2021-06-24,2021-07-23,Classic,Asia,Ross Hines,16,29,201.38
5110,Rogahn LLC,2021-06-09,2021-07-08,Classic,Europe,Christopher Little,16,29,201.38
6952,Frost and Sons,2019-06-21,2020-05-27,Elite Plus,North America,Marshall Lawson,188,341,201.23
4383,Denesik and Sons,2019-12-06,2020-12-05,Elite Plus,Europe,Karl Long,201,365,201.0
7091,Reichel-Heidenreich,2019-06-20,2020-06-19,Classic,Europe,Patty Ingram,201,365,201.0
1745,Fay Inc,2020-09-05,2021-09-04,Elite Plus,Europe,Ross Hines,200,364,200.55
1275,"Stark, Lockman and SchoStantner",2020-02-25,2021-02-23,Classic,Latin America,Karl Long,200,364,200.55
3729,Stehr LLC,2020-03-16,2021-03-15,Elite Plus,Asia,Tomas Glover,200,364,200.55
7191,Cole-Towne,2019-05-30,2020-05-29,Classic,North America,Marshall Lawson,200,365,200.0
7903,"Wintheiser, Howe and Wisoky",2019-10-22,2020-10-21,Classic,North America,John Sacker,200,365,200.0
8181,"Crist, Labadie and Weimann",2019-02-20,2020-02-19,Elite Plus,North America,Tomas Glover,199,364,199.55
7020,"Beer, Schimmel and Mackerrel",2019-05-24,2020-05-23,Classic,Europe,Christopher Little,199,365,199.0
6910,"D'Amore, Douglas and Hintz",2019-06-16,2020-06-15,Elite Plus,Europe,Walter Sacha,199,365,199.0
7835,Feil-Reilly,2019-05-16,2020-05-15,Classic,North America,Micheal Williams,199,365,199.0
7007,"Schimmel, Harvey and Murray",2019-05-16,2020-05-15,Classic,Latin America,Judy Jacobs,199,365,199.0
71,Beier Group,2021-10-17,2024-10-16,Elite Plus,Europe,Frankie Fletcher,596,1095,198.67
1825,Schuster - Torp,2021-07-21,2024-07-20,Elite Plus,North America,Ramon Garcia,593,1095,197.67
2518,"Leffler, Lesch and Halvorson",2021-12-15,2022-12-14,Elite Plus,North America,Ross Hines,197,364,197.54
8204,Mauston-Mohr,2018-02-14,2019-02-14,Classic,Europe,Christopher Little,197,365,197.0
2779,Jast Group,2020-12-11,2021-12-10,Elite Plus,North America,Phil Baker,196,364,196.54
2264,Jenkins - Kertzmann,2020-03-04,2021-03-03,Elite Plus,North America,Judy Jacobs,196,364,196.54
3161,Krajcik - Bundel,2021-04-22,2022-04-21,Elite Plus,Europe,Marsha Aguilar,196,364,196.54
5268,Schmeler - Ankunding,2022-06-04,2023-06-03,Elite Plus,North America,John Sacker,196,364,196.54
6331,"Strosin, McGlynn and Emmerich",2020-06-26,2021-06-25,Elite Plus,North America,Ross Hines,196,364,196.54
6810,"Watsica, Boone and Kulas",2019-09-23,2020-07-21,Classic,North America,Tomas Glover,162,302,195.79
7036,Chechauski-Bergstrom,2018-09-19,2019-09-18,Classic,North America,Angelo Payne,195,364,195.54
6935,Kozey Group,2019-06-12,2020-06-11,Classic,North America,Phil Baker,195,365,195.0
2335,Graham and Sons,2020-12-25,2021-01-09,Classic,North America,Angelo Payne,8,15,194.67
50,Hirthe - Mueller,2020-11-14,2020-12-14,Classic,Latin America,Marsha Aguilar,16,30,194.67
1017,Koss - Streich,2021-02-01,2021-03-03,Classic,North America,Karl Long,16,30,194.67
5036,"Reichert, Balistreri and Dicki",2020-12-11,2021-01-10,Classic,Latin America,Lonnie May,16,30,194.67
3610,Schimmel - Weber,2021-09-21,2021-10-21,Classic,North America,Tomas Glover,16,30,194.67
1701,Schumm - Feil,2021-09-24,2021-10-24,Classic,Latin America,Patty Ingram,16,30,194.67
1905,"Koepp, Schumm and Macejkovic",2021-08-29,2022-08-28,Elite Plus,Europe,Angelo Payne,194,364,194.53
7436,Torp Ltd,2018-09-22,2019-09-21,Classic,North America,Aloyna Gregory,194,364,194.53
72,Beier Group,2021-10-13,2024-10-12,Elite Plus,Europe,Frankie Fletcher,580,1095,193.33
694,Schulist - Hills,2021-06-22,2024-06-21,Elite Plus,Asia,Alice Cole,580,1095,193.33
7895,Harvey PLC,2019-09-22,2020-09-21,Classic,North America,Christopher Little,193,365,193.0
7212,"Watsica, Frami and Kemmer",2019-08-04,2020-08-03,Classic,Europe,Lonnie May,193,365,193.0
5684,Gupta Group,2020-09-18,2021-09-24,Elite Plus,Europe,Cecelia Burgess,196,371,192.83
818,Schimmel LLC,2021-01-25,2024-01-26,Elite Plus,North America,Ramon Garcia,578,1096,192.49
3815,Quitzon Group,2021-02-06,2025-11-08,Elite Plus,Asia,Grant Cortez,914,1736,192.17
8123,"Bogisich, Simonis and Heller",2019-10-30,2020-08-18,Elite Plus,Europe,Marsha Aguilar,154,293,191.84
7830,"Gleason, Bartoletti and Stoltenberg",2019-02-21,2020-02-21,Classic,North America,Dana Henderson,191,365,191.0
5695,Corwin LLC,2020-11-06,2021-11-05,Elite Plus,Europe,Aloyna Gregory,190,364,190.52
8226,Hettinger LLC,2019-11-20,2021-11-19,Elite Plus,Europe,Walter Sacha,381,730,190.5
4075,"Osinski, Farrell and Kutch",2021-04-22,2022-04-21,Elite Plus,Europe,Marsha Aguilar,189,364,189.52
1626,Kuhic - Dooley,2021-01-22,2024-01-21,Elite Plus,North America,John Sacker,568,1094,189.51
4199,Turcotte - Kling,2020-08-01,2022-01-30,Classic,North America,Christopher Little,284,547,189.51
7965,Konopelski Ltd,2019-09-23,2020-09-22,Classic,Europe,Lonnie May,189,365,189.0
2062,Bosco - Adams,2021-08-16,2021-09-14,Classic,Europe,Christopher Little,15,29,188.79
4313,Bundel - Reichert,2021-05-09,2021-06-07,Classic,Asia,Christopher Little,15,29,188.79
5039,"Reichert, Balistreri and Dicki",2021-03-15,2021-04-13,Classic,Latin America,Lonnie May,15,29,188.79
3067,"Stroman, McGlynn and Luettgen",2021-04-28,2021-05-27,Classic,North America,Alice Cole,15,29,188.79
3828,Davis - Frami,2021-07-17,2022-07-16,Elite Plus,Europe,Dana Henderson,188,364,188.52
5651,"Osinski, Kemmer and Keebler",2021-08-23,2022-08-22,Classic,Latin America,John Sacker,188,364,188.52
7579,"Rowe, Wyman and Rau",2018-06-03,2019-06-02,Elite Plus,Latin America,Dana Henderson,188,364,188.52
7771,Schulist Inc,2018-05-28,2019-05-27,Classic,North America,Patty Ingram,188,364,188.52
6099,Sporer - Hills,2020-08-12,2021-08-11,Classic,Latin America,Christopher Little,188,364,188.52
4984,Sawayn - Jaskolski,2021-01-11,2023-01-10,Elite Plus,Europe,Celia Clayton,376,729,188.26
5137,"Leffler, Kertzmann and Heathcote",2022-03-04,2023-03-03,Classic,North America,Grant Cortez,187,364,187.51
7772,"Effertz, Lebsack and Mosciski",2018-09-20,2019-07-23,Classic,North America,Ramon Garcia,157,306,187.27
6953,"D'Amore, Douglas and Hintz",2019-06-16,2020-06-15,Elite Plus,Europe,Walter Sacha,187,365,187.0
7255,"Dickinson, Maggio and Haley",2019-06-13,2020-06-12,Classic,Latin America,Angelo Payne,187,365,187.0
8176,"Purdy, Schneider and Quitzon",2019-10-25,2020-10-24,Classic,North America,Alton Hunt,187,365,187.0
3385,Nienow - Bogisich,2022-01-12,2023-01-11,Elite Plus,Asia,Grant Cortez,186,364,186.51
356,"Roob, Smith and Bechtelar",2021-03-17,2022-03-16,Classic,North America,Alton Hunt,186,364,186.51
7129,Schultz Ltd,2018-12-02,2019-12-01,Elite Plus,Europe,Angelo Payne,186,364,186.51
7823,Wehner Inc,2019-02-04,2020-02-03,Classic,North America,Cecelia Burgess,186,364,186.51
7228,"Champlin, Kihn and Kreiger",2019-06-09,2020-06-08,Classic,North America,Marsha Aguilar,186,365,186.0
1030,"Johnson, Farrell and Zieme",2019-12-15,2020-12-14,Elite Plus,North America,Aloyna Gregory,186,365,186.0
7216,Smitham PLC,2019-08-27,2020-08-26,Elite Plus,Asia,Dana Henderson,186,365,186.0
7158,"Sporer, Huel and Cremin",2019-07-23,2020-07-22,Classic,North America,Grant Cortez,186,365,186.0
6228,Crooks LLC,2021-07-09,2022-07-08,Elite Plus,North America,Aloyna Gregory,185,364,185.51
7021,"Pimpernel, Russel and DuBuque",2018-09-20,2019-09-19,Classic,North America,Tomas Glover,185,364,185.51
6127,"Brekke, Stroman and Belfact",2021-07-01,2022-06-30,Classic,North America,Ramon Garcia,184,364,184.51
7475,Morissette-Upton,2018-08-08,2019-08-07,Classic,Latin America,Alton Hunt,184,364,184.51
1075,Wuckert - Collier,2021-10-29,2022-10-28,Elite Plus,Europe,Angelo Payne,184,364,184.51
7217,Smitham and Sons,2019-03-21,2020-03-20,Classic,North America,Aloyna Gregory,183,365,183.0
7213,"Watsica, Frami and Kemmer",2019-08-04,2020-08-03,Classic,Europe,Lonnie May,183,365,183.0
7941,Albertson-Belfact,2019-10-20,2019-11-19,Classic,Asia,Grant Cortez,15,30,182.5
6147,"Dietrich, Larson and Murazik",2022-09-23,2023-04-17,Elite Plus,Europe,Christopher Little,103,206,182.5
3852,Douglas - Schaden,2020-06-29,2021-06-28,Elite Plus,North America,Cecelia Burgess,182,364,182.5
5816,"Hilll, Friesen and O'Connell",2022-03-05,2022-03-19,Elite Plus,North America,Marsha Aguilar,7,14,182.5
5041,"Reichert, Balistreri and Dicki",2021-02-12,2021-03-14,Classic,Latin America,Lonnie May,15,30,182.5
3607,Schimmel - Weber,2021-04-24,2021-05-24,Classic,Latin America,Tomas Glover,15,30,182.5
752,Sporer Group,2021-09-11,2022-09-10,Elite Plus,Europe,Christopher Little,182,364,182.5
5347,Stantner - Doyle,2021-04-19,2021-05-19,Classic,Latin America,Micheal Williams,15,30,182.5
1994,Wiza - Robel,2021-02-24,2021-03-26,Classic,North America,Frankie Fletcher,15,30,182.5
6773,Goldner-Morissette,2019-06-21,2020-06-20,Classic,Asia,Walter Sacha,182,365,182.0
7900,Sipes-Ryan,2019-10-22,2020-10-21,Elite Plus,Latin America,Phil Baker,182,365,182.0
3214,Vandervort - Upton,2019-11-17,2020-11-16,Elite Plus,North America,John Sacker,182,365,182.0
3845,Kerluke - Friesen,2020-12-21,2021-12-20,Elite Plus,North America,Christopher Little,181,364,181.5
8158,Bradtke-Waters,2019-11-23,2020-11-22,Classic,Europe,Judy Jacobs,181,365,181.0
7095,Hammes-Campbelll,2019-03-07,2020-03-06,Elite Plus,Latin America,Celia Clayton,181,365,181.0
4541,Schulist Group,2020-05-31,2021-05-31,Elite Plus,Europe,Ramon Garcia,181,365,181.0
7907,Sporer LLC,2019-08-29,2020-08-28,Classic,North America,Ross Hines,181,365,181.0
7110,Zieme-Hermann,2019-03-21,2020-03-20,Classic,Europe,Grant Cortez,181,365,181.0
4410,"Koss, Jaskolski and O'Connell",2020-03-26,2021-01-23,Classic,North America,Karl Long,150,303,180.69
7666,"Welch, Welch and Farrell",2019-06-26,2020-06-26,Elite Plus,Europe,Celia Clayton,181,366,180.51
5358,Blick - Harvey,2021-03-08,2022-03-07,Classic,Latin America,Sonja Griffin,180,364,180.49
7336,Gaylord LLC,2018-12-06,2019-12-05,Classic,North America,Walter Sacha,180,364,180.49
7426,"Langworth, Lueilwitz and Wuckert",2018-06-23,2019-06-22,Classic,North America,Alton Hunt,180,364,180.49
920,"Douglas, Rolfson and Gammendor",2021-02-03,2024-02-02,Elite Plus,Europe,Marsha Aguilar,540,1094,180.16
7068,Labadie Ltd,2019-08-28,2020-08-27,Elite Plus,North America,Marsha Aguilar,180,365,180.0
7338,"Ledner, Ebert and Gibson",2019-07-24,2020-07-23,Classic,North America,Grant Cortez,180,365,180.0
7817,Wehner Inc,2019-02-04,2020-02-03,Classic,North America,Cecelia Burgess,179,364,179.49
8234,Agarwalms and Sons,2019-02-21,2020-02-21,Classic,Europe,Ross Hines,179,365,179.0
7599,"Beier, Schmidt and Koepp",2018-01-25,2019-01-25,Classic,Europe,Angelo Payne,179,365,179.0
7182,Kunze-Greenholt,2019-06-22,2020-06-21,Classic,North America,Walter Sacha,179,365,179.0
5701,Farrell and Sons,2021-11-05,2023-09-03,Elite Plus,North America,Marsha Aguilar,327,667,178.94
623,Blanda - O'Hara,2021-11-24,2022-07-23,Elite Plus,Europe,Alice Cole,118,241,178.71
2880,"Bernier, Metz and Fay",2020-08-11,2021-08-10,Elite Plus,North America,Grant Cortez,178,364,178.49
5718,Feil - Breitenberg,2021-06-21,2022-07-07,Elite Plus,North America,Judy Jacobs,186,381,178.19
8218,Beahan Group,2019-06-22,2020-06-21,Elite Plus,Europe,John Sacker,178,365,178.0
6915,"Watsica, Boone and Kulas",2019-07-22,2020-07-21,Classic,North America,Tomas Glover,178,365,178.0
2240,D'Amore Group,2020-10-18,2021-10-17,Classic,North America,Karl Long,177,364,177.49
780,Ponting - Keeling,2020-10-30,2021-10-29,Classic,Latin America,Jerald James,177,364,177.49
7016,Prohaska-Hansen,2018-10-07,2019-10-06,Classic,Latin America,Angelo Payne,177,364,177.49
8195,Sipes Group,2018-02-21,2019-02-20,Classic,Europe,Alice Cole,177,364,177.49
7832,Kunze-Pagac,2019-05-20,2020-05-19,Elite Plus,Latin America,Marshall Lawson,177,365,177.0
6981,Raynor-Ruecker,2019-09-05,2020-09-04,Classic,Asia,Alice Cole,177,365,177.0
7844,"D'Amore, Douglas and Hintz",2019-01-17,2019-08-01,Elite Plus,Europe,Walter Sacha,95,196,176.91
7765,"Lowe, Kautzer and Ward",2018-11-18,2019-11-17,Classic,Asia,Frankie Fletcher,176,364,176.48
126,Benjamin Batterbond,2021-04-26,2021-05-25,Classic,North America,Ramon Garcia,14,29,176.21
4314,Bundel - Reichert,2021-04-08,2021-05-07,Classic,Asia,Christopher Little,14,29,176.21
2824,Grady LLC,2021-06-04,2021-07-03,Classic,Latin America,Walter Sacha,14,29,176.21
4260,Kshlerin Group,2021-05-01,2021-05-30,Classic,Latin America,Aloyna Gregory,14,29,176.21
781,Ponting - Keeling,2021-06-23,2021-07-22,Classic,Latin America,Jerald James,14,29,176.21
3892,Senger LLC,2021-06-23,2021-07-22,Classic,Latin America,Tomas Glover,14,29,176.21
1715,Erdman - Kozey,2021-10-21,2024-10-20,Elite Plus,North America,Christopher Little,528,1095,176.0
5848,Weissnat Group,2020-11-17,2021-05-25,Elite Plus,North America,Patty Ingram,91,189,175.74
1565,"Grimes, Kshlerin and Connelly",2021-01-31,2024-01-30,Elite Plus,Europe,Cecelia Burgess,526,1094,175.49
2573,"Auer, Rippin and Kris",2020-08-10,2021-08-09,Elite Plus,North America,Dana Henderson,175,364,175.48
2865,Bruen - Schinner,2021-04-13,2022-04-12,Classic,North America,Ramon Garcia,175,364,175.48
3015,Gammendor - Frost,2020-12-15,2021-12-14,Elite Plus,Europe,Frankie Fletcher,175,364,175.48
2169,Hudson - Feil,2020-05-11,2021-05-10,Elite Plus,North America,Micheal Williams,175,364,175.48
6250,"Schoen, Hudson and SchamBundelr",2021-12-16,2022-12-15,Elite Plus,North America,Tomas Glover,175,364,175.48
1091,Wuckert - Collier,2021-11-18,2022-11-17,Elite Plus,Europe,Angelo Payne,175,364,175.48
7198,"Bradtke, Ratke and Huels",2019-08-07,2020-08-06,Classic,Europe,Alton Hunt,175,365,175.0
8125,Campbelll-Donnelly,2019-11-14,2020-11-13,Elite Plus,North America,Patty Ingram,175,365,175.0
4726,Robel Group,2019-12-16,2020-12-15,Elite Plus,Latin America,Aloyna Gregory,175,365,175.0
3512,Larson - Heaney,2021-08-11,2023-12-10,Elite Plus,Asia,Marshall Lawson,408,851,174.99
4798,Graham Inc,2021-10-26,2022-10-25,Elite Plus,North America,Frankie Fletcher,174,364,174.48
5808,"Hilll, Friesen and O'Connell",2021-05-09,2022-05-08,Elite Plus,North America,Marsha Aguilar,174,364,174.48
2681,Lowe Inc,2023-04-02,2024-03-31,Elite Plus,North America,Marshall Lawson,174,364,174.48
6939,"Macejkovic, Zamber and Grady",2018-08-24,2019-08-23,Elite Plus,Latin America,Ramon Garcia,174,364,174.48
2185,Collins - Rosenbaum,2020-11-05,2022-11-04,Elite Plus,Europe,Ramon Garcia,348,729,174.24
3806,Ferry Inc,2021-01-13,2022-02-11,Elite Plus,Asia,Karl Long,188,394,174.16
7796,"Conroy, Pfannerstill and Sauer",2019-04-03,2020-04-02,Elite Plus,Latin America,Grant Cortez,174,365,174.0
8107,Hodkiewicz Group,2019-09-23,2020-09-22,Elite Plus,Europe,Ross Hines,174,365,174.0
5923,Johnston Group,2020-06-24,2021-06-23,Elite Plus,North America,Frankie Fletcher,173,364,173.48
4173,Smith - Rice,2021-12-28,2022-12-27,Elite Plus,Europe,Ross Hines,173,364,173.48
7195,"Effertz, Lind and Auer",2018-12-26,2019-12-25,Classic,North America,Micheal Williams,172,364,172.47
7655,Kling and Sons,2019-01-24,2020-01-23,Classic,Europe,Celia Clayton,172,364,172.47
2287,Weissnat - Dicki,2021-07-08,2024-07-07,Elite Plus,Europe,Phil Baker,517,1095,172.33
6712,Friesen Group,2022-04-18,2024-04-17,Elite Plus,Asia,Phil Baker,344,730,172.0
3837,Rowe - Kuphal,2019-11-16,2020-11-15,Classic,Latin America,Celia Clayton,172,365,172.0
7220,Schuppe-Hills,2019-03-23,2019-09-22,Classic,North America,Angelo Payne,86,183,171.53
1961,"Feil, Norman and Mayer",2021-07-28,2022-07-27,Elite Plus,Europe,Marshall Lawson,171,364,171.47
5134,"Leffler, Kertzmann and Heathcote",2020-10-14,2021-10-13,Elite Plus,North America,Grant Cortez,171,364,171.47
8156,Bradtke-Waters,2019-11-23,2020-11-22,Classic,Europe,Judy Jacobs,171,365,171.0
8132,Langworth Ltd,2019-12-17,2020-12-16,Classic,Europe,Angelo Payne,171,365,171.0
620,Blanda - O'Hara,2021-04-17,2022-04-16,Elite Plus,Europe,Alice Cole,170,364,170.47
5632,"Stiedemann, Labadie and Prosacco",2022-08-16,2023-08-15,Elite Plus,North America,Ramon Garcia,170,364,170.47
2302,Wiza and Sons,2021-04-06,2022-04-05,Elite Plus,Europe,Christopher Little,170,364,170.47
3659,Kuvalis LLC,2021-04-28,2021-05-28,Classic,Latin America,Sonja Griffin,14,30,170.33
6034,"Pollich, Dicki and Albertson",2021-02-23,2021-03-25,Classic,North America,Walter Sacha,14,30,170.33
3144,Prohaska and Sons,2021-09-16,2021-10-16,Classic,North America,Ross Hines,14,30,170.33
3423,Waelchi - Botsford,2021-07-28,2021-08-27,Classic,Latin America,Walter Sacha,14,30,170.33
7241,Bartoletti-Kreiger,2019-06-20,2020-06-19,Elite Plus,North America,Christopher Little,170,365,170.0
4023,"Bode, Bartoletti and Schultz",2021-01-26,2022-01-25,Elite Plus,North America,John Sacker,169,364,169.46
5460,Jacobi - Bogisich,2021-06-03,2022-06-02,Elite Plus,North America,Frankie Fletcher,169,364,169.46
2725,"Johns, Hand and Welch",2020-08-27,2021-08-26,Elite Plus,Asia,Karl Long,169,364,169.46
5571,Murray LLC,2020-05-28,2020-12-10,Classic,Europe,Celia Clayton,91,196,169.46
5985,Stehr and Sons,2020-05-18,2021-05-17,Elite Plus,North America,Phil Baker,169,364,169.46
8029,Rau Ltd,2019-09-23,2020-09-22,Classic,North America,Grant Cortez,169,365,169.0
1279,"Trantow, Dickens and Rogahn",2019-10-10,2020-10-09,Elite Plus,North America,Celia Clayton,169,365,169.0
7145,Murphy-Rosemont,2020-02-22,2020-06-22,Classic,North America,Lonnie May,56,121,168.93
7135,Kilback LLC,2018-10-24,2019-10-23,Classic,Latin America,Aloyna Gregory,168,364,168.46
7669,"Klein, Goyette and Stoltenberg",2018-12-30,2019-10-10,Elite Plus,Latin America,Patty Ingram,131,284,168.36
4012,"Bode, Bartoletti and Schultz",2019-11-25,2020-11-24,Elite Plus,North America,John Sacker,168,365,168.0
7154,Douglas-Legros,2019-08-14,2020-08-13,Elite Plus,North America,Marshall Lawson,168,365,168.0
6975,Ernser Inc,2019-06-13,2020-06-12,Elite Plus,Latin America,Alice Cole,168,365,168.0
6766,"Kautzer, Haag andTruman",2019-03-24,2020-03-23,Classic,North America,Ross Hines,168,365,168.0
6889,Mosciski Inc,2019-06-20,2020-06-19,Classic,North America,Dana Henderson,168,365,168.0
7851,Prohaska-DuBuque,2019-03-12,2020-03-11,Elite Plus,North America,Micheal Williams,168,365,168.0
7196,Quigley-O'Kon,2019-05-23,2020-05-22,Classic,North America,Angelo Payne,168,365,168.0
5478,Butler and Sons,2021-11-26,2022-11-25,Elite Plus,North America,Judy Jacobs,167,364,167.46
6343,Flatley - Tanner,2021-06-12,2022-06-11,Elite Plus,North America,Sonja Griffin,167,364,167.46
5831,"Hilll, Friesen and O'Connell",2022-10-17,2023-10-16,Elite Plus,North America,Marsha Aguilar,167,364,167.46
2219,"Keebler, Reichel and Butler",2020-10-18,2021-10-17,Classic,North America,Walter Sacha,167,364,167.46
101,Kemmer - Shields,2021-07-22,2022-07-21,Elite Plus,Latin America,Ramon Garcia,167,364,167.46
6404,"Quigley, Veum and Reilly",2020-06-13,2021-06-12,Elite Plus,North America,Angelo Payne,167,364,167.46
5690,Dietrich - Klocko,2021-02-05,2021-12-23,Elite Plus,Asia,Angelo Payne,147,321,167.15
6872,"Bechel, Ondricka and Abbott",2019-04-14,2020-04-13,Classic,Asia,Frankie Fletcher,167,365,167.0
6885,"D'Amore, Douglas and Hintz",2019-06-16,2020-06-15,Elite Plus,Europe,Walter Sacha,167,365,167.0
5581,"Keeling, Jakubowski and Crist",2019-11-25,2020-11-24,Elite Plus,North America,Aloyna Gregory,167,365,167.0
490,Lesch and Sons,2020-10-06,2021-10-05,Elite Plus,North America,Ross Hines,166,364,166.46
4704,Satterfield LLC,2020-06-02,2021-06-01,Elite Plus,Europe,Jerald James,166,364,166.46
3081,O'Kon - Weber,2021-03-29,2021-11-28,Elite Plus,North America,Grant Cortez,111,244,166.05
8064,Eichmann Ltd,2019-10-22,2020-10-21,Elite Plus,North America,Sonja Griffin,166,365,166.0
5114,Boehm - Romaguera,2020-12-12,2021-12-11,Elite Plus,Latin America,Celia Clayton,165,364,165.45
5622,"Stiedemann, Labadie and Prosacco",2020-04-01,2021-03-31,Elite Plus,North America,Ramon Garcia,165,364,165.45
788,"Hegmann, Corwin and Canten",2020-08-10,2022-05-09,Elite Plus,Europe,Phil Baker,288,637,165.02
7919,Hoppe Ltd,2019-08-21,2020-08-20,Elite Plus,Asia,Judy Jacobs,165,365,165.0
7247,Labadie Ltd,2019-08-28,2020-08-27,Elite Plus,North America,Marsha Aguilar,164,365,164.0
7380,Ruecker and Sons,2019-08-04,2020-08-03,Elite Plus,North America,Alton Hunt,164,365,164.0
8090,"Upton, Terry and Kunze",2019-10-31,2020-10-30,Classic,Latin America,Patty Ingram,164,365,164.0
6365,"Torp, Bosco and Agarwal",2021-06-16,2022-07-15,Elite Plus,North America,Christopher Little,177,394,163.97
6574,Homenick - Homenick,2021-07-25,2021-08-23,Classic,Latin America,Alton Hunt,13,29,163.62
531,Orn - Brown,2021-08-11,2021-09-09,Classic,Europe,Walter Sacha,13,29,163.62
6035,"Pollich, Dicki and Albertson",2021-02-12,2021-03-13,Classic,North America,Walter Sacha,13,29,163.62
1690,Roberts - Sipes,2021-06-18,2021-07-17,Classic,Latin America,Marshall Lawson,13,29,163.62
5234,Stark LLC,2020-04-11,2021-04-12,Classic,North America,Micheal Williams,164,366,163.55
2500,Agarwaliamson - Mayert,2022-07-03,2023-07-02,Elite Plus,Europe,Dana Henderson,163,364,163.45
3935,Bode - Morissette,2021-10-04,2022-10-03,Elite Plus,North America,Christopher Little,163,364,163.45
7479,Cremin-Stracke,2018-06-01,2019-05-31,Classic,North America,Ramon Garcia,163,364,163.45
2071,Gleason and Sons,2020-12-04,2021-12-03,Elite Plus,North America,John Sacker,163,364,163.45
4371,Gusikowski Inc,2020-07-09,2021-07-08,Elite Plus,Latin America,Aloyna Gregory,163,364,163.45
1807,Schuster - Torp,2020-10-26,2021-10-25,Elite Plus,North America,Ramon Garcia,163,364,163.45
1257,"Bashirian, MacGyver and Gleichner",2020-01-04,2021-01-03,Classic,Latin America,Frankie Fletcher,163,365,163.0
7137,Friesen and Sons,2019-04-22,2020-04-21,Classic,Europe,Ramon Garcia,163,365,163.0
1829,Schuster - Torp,2021-03-07,2024-03-06,Elite Plus,North America,Ramon Garcia,489,1095,163.0
4953,Lesch - Johnston,2021-07-28,2023-07-27,Elite Plus,North America,Tomas Glover,325,729,162.72
3010,Gammendor - Frost,2020-10-06,2021-10-05,Elite Plus,Europe,Frankie Fletcher,162,364,162.45
4387,Kilback - Kuphal,2020-11-23,2021-11-22,Classic,North America,Ramon Garcia,162,364,162.45
2400,"Tromp, Gillespie and Pimpernel",2020-05-08,2021-05-07,Elite Plus,North America,Judy Jacobs,162,364,162.45
773,Agarwaliamson - Wuckert,2020-03-10,2021-03-10,Elite Plus,Europe,Sonja Griffin,162,365,162.0
7877,Bergstrom Group,2018-08-07,2019-08-06,Elite Plus,Latin America,Dana Henderson,161,364,161.44
7281,Glover Group,2018-12-20,2019-12-19,Classic,Europe,Alice Cole,161,364,161.44
7151,Sporer LLC,2018-08-29,2019-08-28,Classic,North America,Ross Hines,161,364,161.44
4713,Padberg Inc,2020-10-05,2021-11-17,Elite Plus,North America,Phil Baker,180,408,161.03
8025,Quigley-Rolfson,2019-09-22,2020-09-21,Classic,Asia,Dana Henderson,161,365,161.0
924,"Douglas, Rolfson and Gammendor",2021-12-09,2022-02-22,Elite Plus,Europe,Marsha Aguilar,33,75,160.6
7726,"Bogisich, Welch and Beahan",2018-09-17,2019-09-16,Classic,Asia,Judy Jacobs,160,364,160.44
4235,"Cerner, Farrell and White",2023-03-02,2024-03-01,Elite Plus,Latin America,Walter Sacha,160,365,160.0
6749,"Hayes, Orn and Cassin",2019-12-08,2020-12-07,Classic,North America,Grant Cortez,160,365,160.0
8062,"Leannon, Kessler and Corkery",2019-10-27,2020-10-26,Classic,Asia,Celia Clayton,160,365,160.0
7419,Barton Inc,2018-01-24,2019-01-23,Classic,North America,Angelo Payne,159,364,159.44
5762,Hintz and Sons,2020-11-04,2021-11-03,Elite Plus,Europe,Cecelia Burgess,159,364,159.44
765,"Kunze, Jaskolski and Labadie",2020-03-27,2021-03-27,Elite Plus,Europe,Walter Sacha,159,365,159.0
6822,Lebsack-Price,2019-04-28,2020-04-27,Classic,Latin America,Aloyna Gregory,159,365,159.0
7090,"Runolfsson, Shanahan and Gammendor",2019-03-20,2020-03-19,Elite Plus,North America,Patty Ingram,159,365,159.0
6301,Kulas - Ryan,2022-04-23,2023-04-22,Elite Plus,North America,Christopher Little,158,364,158.43
8245,"Rath, Harris and Beatty",2020-03-24,2020-09-22,Classic,Europe,Ramon Garcia,79,182,158.43
4811,Bashirian - Mante,2021-08-07,2021-09-06,Classic,Europe,Micheal Williams,13,30,158.17
1662,"Bernier, West and Pimpernel",2020-11-07,2020-12-07,Classic,Latin America,Lonnie May,13,30,158.17
3455,Effertz Inc,2021-08-25,2021-09-24,Classic,Europe,Christopher Little,13,30,158.17
1594,"Fisher, Mann and Klocko",2021-06-16,2021-07-16,Classic,Latin America,Aloyna Gregory,13,30,158.17
5098,Hettinger - Reilly,2021-07-29,2021-08-28,Classic,Latin America,Cecelia Burgess,13,30,158.17
2835,Hilpert and Sons,2021-02-05,2021-03-07,Classic,North America,Marsha Aguilar,13,30,158.17
3138,Prohaska and Sons,2021-03-05,2021-04-04,Classic,North America,Ross Hines,13,30,158.17
1682,Roberts - Sipes,2021-01-25,2021-02-24,Classic,Latin America,Marshall Lawson,13,30,158.17
2747,"Volkman, Ponting and Stanton",2021-07-23,2021-08-22,Classic,Europe,Karl Long,13,30,158.17
7403,Bayer LLC,2019-03-19,2020-03-18,Classic,North America,Cecelia Burgess,158,365,158.0
6775,"Dibbert, Boyer and Jacobson",2019-03-18,2020-03-17,Elite Plus,North America,Judy Jacobs,158,365,158.0
5846,Weissnat Group,2020-07-04,2021-07-03,Elite Plus,North America,Patty Ingram,157,364,157.43
7535,"Aberly, Monahan and Mann",2019-08-20,2020-08-19,Elite Plus,North America,Patty Ingram,157,365,157.0
7122,Kiehn PLC,2019-05-08,2020-05-07,Classic,North America,Ramon Garcia,157,365,157.0
2591,O'Kon - Trantow,2020-02-16,2020-09-06,Classic,Asia,Tomas Glover,87,203,156.43
7738,"West, Hermiston and Hoeger",2018-07-23,2019-07-22,Classic,North America,Judy Jacobs,156,364,156.43
6788,Glover Group,2019-04-18,2020-04-17,Classic,Asia,Alice Cole,156,365,156.0
2614,Marquardt LLC,2022-06-12,2022-12-12,Elite Plus,Latin America,Karl Long,78,183,155.57
7316,"Greenfelder, Johns and Buckridge",2018-12-23,2019-12-22,Classic,North America,Micheal Williams,155,364,155.43
7620,"Mackerrel, Schuppe and Agarwal",2018-02-20,2019-02-19,Classic,North America,Tomas Glover,155,364,155.43
4974,Mann and Sons,2020-08-11,2021-08-10,Elite Plus,Latin America,John Sacker,155,364,155.43
5258,Schmeler - Ankunding,2020-04-15,2021-04-14,Elite Plus,North America,John Sacker,155,364,155.43
5601,"Smitham, Grimes and Bernier",2021-06-26,2022-06-25,Classic,Europe,Celia Clayton,155,364,155.43
5152,"Leffler, Kertzmann and Heathcote",2019-12-20,2020-12-19,Elite Plus,North America,Grant Cortez,155,365,155.0
4333,White Inc,2019-10-03,2020-10-02,Elite Plus,North America,Grant Cortez,155,365,155.0
5445,"Larkin, Dickens and Simonis",2021-08-25,2022-08-24,Elite Plus,Asia,Tomas Glover,154,364,154.42
7564,"Lemke, Nitzsche and Bergstrom",2018-06-03,2019-06-02,Classic,North America,Christopher Little,154,364,154.42
1320,Stiedemann Group,2021-01-06,2022-01-05,Elite Plus,North America,Alice Cole,154,364,154.42
876,"Barrows, Tromp and Bahringer",2020-01-18,2021-01-17,Classic,North America,Marsha Aguilar,154,365,154.0
7930,Hilpert-Borer,2019-09-12,2020-09-11,Classic,North America,Frankie Fletcher,154,365,154.0
8240,"Rath, Casper and Jerde",2019-06-02,2020-06-01,Classic,Europe,Lonnie May,154,365,154.0
4056,Christiansen and Sons,2020-08-13,2021-08-12,Elite Plus,North America,Lonnie May,153,364,153.42
323,"Hessel, Langworth and Abtel",2020-07-30,2021-07-29,Elite Plus,North America,Dana Henderson,153,364,153.42
2752,Jast - Balistreri,2020-05-28,2021-05-27,Elite Plus,North America,Lonnie May,153,364,153.42
4588,Renner - Schiller,2022-02-08,2023-02-07,Elite Plus,North America,Judy Jacobs,153,364,153.42
7300,West-Witting,2019-02-06,2020-02-05,Classic,North America,Celia Clayton,153,364,153.42
5650,"Block, Windler and Schmidt",2020-10-26,2023-10-25,Elite Plus,Europe,Walter Sacha,459,1094,153.14
1925,Aleyon Company,2021-02-10,2022-02-09,Elite Plus,North America,Ross Hines,152,364,152.42
4015,"Bode, Bartoletti and Schultz",2020-10-02,2021-01-01,Elite Plus,North America,John Sacker,38,91,152.42
2117,Bundel and Sons,2022-01-24,2023-01-23,Elite Plus,Europe,Alton Hunt,152,364,152.42
2345,Schmitt - Herman,2020-04-09,2021-04-08,Elite Plus,North America,Alton Hunt,152,364,152.42
7857,Buckridge Inc,2019-06-09,2020-06-08,Elite Plus,North America,Alton Hunt,152,365,152.0
968,"Lubowitz, Franecki and Schuster",2021-05-23,2021-11-22,Elite Plus,Latin America,John Sacker,76,183,151.58
4686,Wolf - Kemmer,2021-10-17,2022-10-16,Elite Plus,Asia,Micheal Williams,151,364,151.41
5620,Brekke - Wolff,2021-06-08,2021-07-07,Classic,Latin America,Marsha Aguilar,12,29,151.03
2961,"Greenholt, Bergstrom and Rolfson",2021-07-08,2021-08-06,Classic,Latin America,Jerald James,12,29,151.03
7162,Davis LLC,2019-03-21,2020-03-20,Classic,Latin America,Alton Hunt,151,365,151.0
7950,"Quitzon, Bon and Trantow",2019-09-22,2020-09-21,Classic,North America,Alton Hunt,151,365,151.0
6219,Crooks LLC,2021-04-28,2022-04-27,Elite Plus,North America,Aloyna Gregory,150,364,150.41
1415,Gaylord Group,2021-09-26,2022-09-25,Elite Plus,Asia,Marsha Aguilar,150,364,150.41
3228,Vandervort - Upton,2020-10-06,2021-10-05,Elite Plus,North America,John Sacker,150,364,150.41
8092,Beier-Stehr,2019-12-10,2020-12-09,Classic,Europe,Patty Ingram,150,365,150.0
6958,"Bogisich, Simonis and Heller",2019-08-19,2020-08-18,Elite Plus,Europe,Marsha Aguilar,150,365,150.0
7992,"Bundel, Bechtelar and Swift",2019-09-10,2020-09-09,Elite Plus,Latin America,Micheal Williams,150,365,150.0
3687,"Schmitt, Purdy and Reichel",2023-05-15,2024-05-14,Elite Plus,North America,Christopher Little,150,365,150.0
4936,Lesch - Johnston,2021-01-01,2021-07-03,Elite Plus,North America,Tomas Glover,75,183,149.59
3297,Rosemont - Lind,2021-04-25,2022-04-24,Elite Plus,Asia,Cecelia Burgess,149,364,149.41
3674,"Schmitt, Purdy and Reichel",2021-09-12,2022-09-11,Elite Plus,North America,Christopher Little,149,364,149.41
7819,Botsford-Olson,2019-05-26,2020-05-25,Elite Plus,North America,Alice Cole,149,365,149.0
7721,"Cole, Ortiz and O'Reilly",2019-01-24,2020-01-23,Elite Plus,Latin America,Dana Henderson,148,364,148.41
4590,Renner - Schiller,2022-06-14,2023-06-13,Elite Plus,North America,Judy Jacobs,148,364,148.41
8034,Canten Inc,2019-08-11,2020-08-10,Classic,North America,Marsha Aguilar,148,365,148.0
7500,Hermiston Group,2019-07-23,2020-07-22,Classic,North America,Angelo Payne,148,365,148.0
7811,Kuvalis-Stiedemann,2019-03-24,2020-03-23,Elite Plus,North America,Karl Long,148,365,148.0
8027,Huels-Strosin,2019-10-08,2020-10-17,Elite Plus,Latin America,Tomas Glover,152,375,147.95
1854,Hintz and Sons,2021-02-14,2021-08-16,Elite Plus,North America,Cecelia Burgess,74,183,147.6
7081,Lind-Nikolaus,2018-12-02,2019-12-01,Elite Plus,North America,Jerald James,147,364,147.4
6855,Feil Ltd,2019-07-10,2020-07-09,Elite Plus,Latin America,Micheal Williams,147,365,147.0
7913,Watsica PLC,2019-11-06,2020-11-05,Elite Plus,Latin America,Patty Ingram,147,365,147.0
7507,Hayes-SchoStantner,2018-11-22,2019-11-21,Elite Plus,Latin America,Ramon Garcia,146,364,146.4
3915,Lynch - Ritchie,2021-11-29,2024-11-28,Classic,North America,Marshall Lawson,439,1095,146.33
4010,"Cummerata, Legros and Kohler",2021-07-23,2021-08-22,Classic,Europe,Angelo Payne,12,30,146.0
4294,Lueilwitz - Harvey,2021-05-04,2021-06-03,Classic,Europe,Micheal Williams,12,30,146.0
7171,Powlowski-Cummings,2019-08-04,2019-09-03,Elite Plus,Latin America,Karl Long,12,30,146.0
6123,Romaguera - Ziemann,2021-05-20,2021-06-19,Classic,Europe,Ramon Garcia,12,30,146.0
3752,Runte Group,2021-04-10,2021-05-10,Classic,Latin America,Karl Long,12,30,146.0
3480,Runte LLC,2021-07-04,2021-08-03,Classic,North America,Sonja Griffin,12,30,146.0
2480,Schmidt - McClure,2021-03-19,2021-04-18,Classic,Latin America,Phil Baker,12,30,146.0
1709,Schuster and Sons,2021-09-23,2021-10-23,Classic,Latin America,John Sacker,12,30,146.0
6225,Crooks LLC,2020-09-24,2021-09-23,Elite Plus,North America,Aloyna Gregory,145,364,145.4
998,Larson - Bundel,2022-06-06,2023-06-05,Elite Plus,North America,Angelo Payne,145,364,145.4
7124,Weber LLC,2018-10-25,2019-10-24,Classic,Asia,Celia Clayton,145,364,145.4
4421,"Zemlak, Steuber and Rempel",2020-04-27,2021-04-26,Elite Plus,North America,Karl Long,145,364,145.4
5276,Schmeler - Ankunding,2021-08-03,2023-08-03,Elite Plus,North America,John Sacker,289,730,144.5
8018,Auer-Koch,2019-09-15,2020-03-20,Classic,North America,Grant Cortez,74,187,144.44
598,Gibson Group,2021-06-14,2022-06-13,Elite Plus,Europe,Sonja Griffin,144,364,144.4
7543,Jenkins PLC,2019-01-10,2020-01-09,Elite Plus,North America,Ramon Garcia,144,364,144.4
279,Koch LLC,2021-07-26,2022-07-25,Elite Plus,North America,Alton Hunt,144,364,144.4
7824,Wehner Inc,2019-02-04,2020-02-03,Classic,North America,Cecelia Burgess,144,364,144.4
5551,"Wyman, Harber and Jakubowski",2022-12-16,2023-12-15,Elite Plus,North America,Marshall Lawson,144,364,144.4
355,"Roob, Smith and Bechtelar",2021-03-07,2024-03-06,Elite Plus,North America,Alton Hunt,433,1095,144.33
448,Keebler Inc,2021-12-29,2023-02-27,Elite Plus,Latin America,Phil Baker,168,425,144.28
6733,"Schiller, Wunsch and Streich",2021-08-28,2022-08-28,Classic,Latin America,Marsha Aguilar,144,365,144.0
7456,"Schulist, Luettgen and Miller",2018-09-23,2019-02-20,Classic,North America,Jerald James,59,150,143.57
3965,"Gaylord, Fay and Frost",2021-07-28,2022-02-19,Elite Plus,Asia,Phil Baker,81,206,143.52
6169,"Dietrich, Larson and Murazik",2020-07-09,2021-07-08,Elite Plus,Europe,Christopher Little,143,364,143.39
3529,Graham Inc,2021-04-07,2022-04-06,Elite Plus,North America,Frankie Fletcher,143,364,143.39
892,Hahn - Shields,2021-01-05,2022-01-04,Elite Plus,North America,Christopher Little,143,364,143.39
482,"Klocko, Runolfsson and Langosh",2021-01-04,2022-01-03,Elite Plus,North America,Ross Hines,143,364,143.39
7690,Nitzsche-Kulas,2019-02-05,2020-02-04,Elite Plus,Latin America,Frankie Fletcher,143,364,143.39
6097,Sporer - Hills,2020-03-18,2021-03-02,Classic,Latin America,Christopher Little,137,349,143.28
7986,Heidenreich-Herman,2019-10-07,2020-10-06,Elite Plus,Europe,Frankie Fletcher,143,365,143.0
6781,Medhurst-White,2019-08-25,2020-08-24,Classic,Europe,Christopher Little,143,365,143.0
6832,Schaden PLC,2019-06-23,2020-06-22,Classic,North America,Karl Long,143,365,143.0
1113,Bradtke - Goyette,2020-07-09,2021-01-14,Classic,Europe,Christopher Little,74,189,142.91
7274,Green-Cassin,2018-10-24,2019-10-23,Classic,North America,Sonja Griffin,142,364,142.39
3834,Sauer and Sons,2021-04-05,2022-04-04,Classic,Latin America,Alice Cole,142,364,142.39
6874,"Bernier, Fisher and Waelchi",2019-04-28,2020-04-27,Classic,North America,Walter Sacha,142,365,142.0
6941,Dicki-Johns,2019-07-24,2020-07-23,Elite Plus,Latin America,Alton Hunt,142,365,142.0
7967,"Kerluke, Breitenberg and Romaguera",2019-09-02,2020-09-01,Classic,Asia,Patty Ingram,142,365,142.0
8196,"Rath, Casper and Jerde",2019-05-12,2020-05-11,Classic,Europe,Lonnie May,142,365,142.0
7114,"Runolfsson, Shanahan and Gammendor",2019-03-20,2020-03-19,Elite Plus,North America,Patty Ingram,142,365,142.0
7333,Kuvalis-Schroeder,2018-11-07,2019-11-06,Elite Plus,Europe,Karl Long,141,364,141.39
5252,Schmeler - Ankunding,2020-04-08,2021-04-07,Elite Plus,North America,John Sacker,141,364,141.39
817,Schimmel LLC,2021-05-07,2024-05-07,Elite Plus,North America,Ramon Garcia,424,1096,141.2
8104,Koch Inc,2019-11-17,2020-11-16,Elite Plus,North America,Micheal Williams,141,365,141.0
8179,Robel Inc,2019-11-05,2020-11-04,Elite Plus,Latin America,Walter Sacha,141,365,141.0
354,"Roob, Smith and Bechtelar",2021-06-06,2024-06-05,Elite Plus,North America,Alton Hunt,422,1095,140.67
3082,O'Kon - Weber,2020-11-15,2021-07-17,Elite Plus,North America,Grant Cortez,94,244,140.61
2571,"Auer, Rippin and Kris",2020-11-08,2021-11-07,Elite Plus,North America,Dana Henderson,140,364,140.38
6170,"Dietrich, Larson and Murazik",2021-07-28,2022-07-27,Elite Plus,Europe,Christopher Little,140,364,140.38
8083,Bruen-Oberbrunner,2019-10-03,2020-10-02,Classic,North America,Grant Cortez,140,365,140.0
8015,Murphy-Rosemont,2019-08-29,2020-08-28,Classic,North America,Lonnie May,140,365,140.0
3857,Douglas - Schaden,2020-05-13,2021-05-12,Elite Plus,North America,Cecelia Burgess,139,364,139.38
7754,Fadel Ltd,2018-07-01,2019-06-30,Classic,Latin America,Ramon Garcia,139,364,139.38
2066,Gleason and Sons,2020-12-12,2021-12-11,Elite Plus,North America,John Sacker,139,364,139.38
2818,Mosciski - Prosacco,2022-01-17,2023-01-16,Elite Plus,North America,Aloyna Gregory,139,364,139.38
6912,Luettgen-Beatty,2019-09-04,2020-09-03,Elite Plus,North America,Patty Ingram,139,365,139.0
3090,O'Kon - Weber,2021-05-03,2021-08-03,Elite Plus,North America,Grant Cortez,35,92,138.86
6112,"Romaguera, Hilll and Hayes",2021-08-30,2024-08-29,Elite Plus,North America,Ross Hines,416,1095,138.67
6696,"Volkman, Krajcik and Volkman",2021-02-07,2022-03-09,Elite Plus,Europe,Judy Jacobs,150,395,138.61
1340,O'Conner and Sons,2021-07-11,2022-07-20,Elite Plus,North America,Cecelia Burgess,142,374,138.58
2957,Brakus - Stantner,2021-10-05,2021-11-03,Classic,Latin America,Jerald James,11,29,138.45
2938,Homenick - Jacobi,2021-08-29,2021-09-27,Classic,North America,Celia Clayton,11,29,138.45
4266,Kshlerin Group,2021-10-25,2021-11-23,Classic,Latin America,Aloyna Gregory,11,29,138.45
3619,Schimmel - Weber,2021-06-28,2021-07-27,Classic,Latin America,Tomas Glover,11,29,138.45
3616,Schimmel - Weber,2021-06-18,2021-07-17,Classic,Latin America,Tomas Glover,11,29,138.45
5238,Stark LLC,2021-11-03,2021-12-02,Classic,North America,Micheal Williams,11,29,138.45
84,Cormier - Bergstrom,2021-02-01,2022-01-31,Elite Plus,Europe,Ramon Garcia,138,364,138.38
7052,Cremin-Wolff,2018-10-08,2019-10-07,Classic,North America,Sonja Griffin,138,364,138.38
5193,"Klein, Emmerich and Farrell",2021-10-02,2022-10-01,Classic,Europe,Lonnie May,138,364,138.38
2682,Lowe Inc,2022-12-14,2023-12-13,Elite Plus,North America,Marshall Lawson,138,364,138.38
560,Kihn - Gaverman,2021-09-07,2023-09-06,Elite Plus,Asia,Celia Clayton,276,729,138.19
6064,"Kub, Murphy and Pagac",2020-10-05,2021-05-07,Elite Plus,North America,Ross Hines,81,214,138.15
7894,Harvey PLC,2019-09-22,2020-09-21,Classic,North America,Christopher Little,138,365,138.0
6967,Hodkiewicz-Waelchi,2019-03-21,2020-03-20,Elite Plus,Asia,Lonnie May,138,365,138.0
3288,Murazik - Ankunding,2021-01-23,2022-01-23,Classic,Latin America,Celia Clayton,138,365,138.0
4118,Dickinson Inc,2021-03-27,2022-03-26,Elite Plus,North America,Patty Ingram,137,364,137.38
5146,"Leffler, Kertzmann and Heathcote",2021-12-04,2022-12-03,Classic,North America,Grant Cortez,137,364,137.38
6942,Dicki-Johns,2019-07-24,2020-07-23,Elite Plus,Latin America,Alton Hunt,137,365,137.0
7245,"Fahey, Simonis and Dickens",2019-04-01,2020-03-31,Elite Plus,Latin America,Alton Hunt,137,365,137.0
6945,Kautzer-Waters,2019-05-30,2020-05-29,Classic,Europe,Phil Baker,137,365,137.0
6991,Powlowski-Cummings,2019-08-04,2020-08-03,Elite Plus,Latin America,Karl Long,137,365,137.0
5231,Stark LLC,2019-11-08,2020-11-07,Classic,North America,Micheal Williams,137,365,137.0
3875,Douglas - Schaden,2020-12-26,2021-11-27,Elite Plus,North America,Cecelia Burgess,126,336,136.88
8259,"McDermott, Weimann and Medhurst",2018-12-06,2019-12-05,Classic,Europe,Sonja Griffin,136,364,136.37
7557,SchamBundelr-Hessel,2018-05-09,2019-05-08,Classic,Europe,Christopher Little,136,364,136.37
6878,Chechauski-Shields,2019-07-28,2020-07-27,Elite Plus,Europe,Tomas Glover,136,365,136.0
7210,Kassulke-Barton,2018-09-15,2019-09-15,Classic,Europe,Walter Sacha,136,365,136.0
249,Nader LLC,2022-05-02,2023-01-31,Elite Plus,Europe,Marshall Lawson,102,274,135.88
6648,SchoStantner - Miller,2021-07-12,2022-09-10,Elite Plus,North America,Tomas Glover,158,425,135.69
3206,Metz LLC,2021-09-02,2022-12-01,Elite Plus,North America,Marshall Lawson,169,455,135.57
6903,"Bogisich, Christiansen and Brakus",2019-12-24,2020-08-23,Elite Plus,Latin America,Micheal Williams,90,243,135.19
3833,Sauer and Sons,2020-12-09,2021-01-05,Classic,Latin America,Alice Cole,10,27,135.19
3842,Kerluke - Friesen,2020-11-12,2021-11-11,Elite Plus,North America,Christopher Little,134,364,134.37
5974,"Block, Kassulke and Murray",2020-12-21,2021-01-20,Classic,Asia,Aloyna Gregory,11,30,133.83
2955,Brakus - Stantner,2021-07-22,2021-08-21,Classic,Latin America,Jerald James,11,30,133.83
4005,"Cummerata, Legros and Kohler",2021-05-17,2021-06-16,Classic,Europe,Angelo Payne,11,30,133.83
4295,Lueilwitz - Harvey,2021-05-30,2021-06-29,Classic,Europe,Micheal Williams,11,30,133.83
3737,McClure LLC,2021-05-08,2021-06-07,Classic,Asia,Lonnie May,11,30,133.83
3427,Waelchi - Botsford,2021-05-18,2021-06-17,Classic,Latin America,Walter Sacha,11,30,133.83
497,"Witting, Rogahn and Jerde",2021-03-30,2021-04-29,Classic,Europe,Christopher Little,11,30,133.83
3399,Ziemann - Weber,2021-08-18,2021-09-17,Classic,Europe,Christopher Little,11,30,133.83
6168,"Dietrich, Larson and Murazik",2022-07-04,2023-07-02,Elite Plus,Europe,Christopher Little,133,363,133.73
1823,Schuster - Torp,2021-02-09,2024-02-09,Elite Plus,North America,Ramon Garcia,401,1095,133.67
5714,Heaney - Dickinson,2021-05-08,2021-12-07,Elite Plus,North America,Judy Jacobs,78,213,133.66
7667,Ebert-Mohr,2018-12-16,2019-12-15,Classic,North America,Frankie Fletcher,133,364,133.37
7556,"Ledner, Ebert and Gibson",2018-03-23,2019-03-22,Classic,North America,Grant Cortez,133,364,133.37
492,Lesch and Sons,2021-10-15,2022-10-14,Elite Plus,North America,Ross Hines,133,364,133.37
7822,Wehner Inc,2019-02-04,2020-02-03,Classic,North America,Cecelia Burgess,133,364,133.37
6002,O'Connell - Lehner,2021-11-05,2024-11-04,Elite Plus,North America,Karl Long,399,1095,133.0
7462,Bernier-Boyer,2019-08-11,2020-06-12,Elite Plus,North America,Micheal Williams,111,306,132.4
6416,"Quigley, Veum and Reilly",2021-02-10,2022-02-09,Elite Plus,North America,Angelo Payne,132,364,132.36
1577,Bins LLC,2021-08-11,2022-01-18,Elite Plus,Europe,Judy Jacobs,58,160,132.31
219,"Ernser, D'Amore and Gulgowski",2023-06-07,2024-06-06,Elite Plus,Europe,Marsha Aguilar,132,365,132.0
5749,Hyatt - Schmitt,2021-07-27,2022-07-27,Classic,Europe,Frankie Fletcher,132,365,132.0
7303,Lemke Inc,2019-06-02,2020-06-01,Classic,North America,Walter Sacha,132,365,132.0
1377,Zieme Group,2021-07-22,2022-11-06,Elite Plus,North America,Alton Hunt,170,472,131.46
4894,Muller - Spinka,2020-01-01,2020-12-30,Classic,North America,Marsha Aguilar,131,364,131.36
4037,Murazik - Heaney,2020-11-09,2021-11-08,Elite Plus,North America,John Sacker,131,364,131.36
5636,"Stiedemann, Labadie and Prosacco",2021-11-04,2022-11-03,Elite Plus,North America,Ramon Garcia,131,364,131.36
6831,Mayer LLC,2019-08-05,2020-08-04,Elite Plus,Europe,Alice Cole,131,365,131.0
5510,Halvorson Group,2021-05-16,2022-05-15,Classic,Latin America,Celia Clayton,130,364,130.36
3157,Krajcik - Bundel,2022-12-01,2023-11-30,Elite Plus,Europe,Marsha Aguilar,130,364,130.36
5316,"Erdman, Schaden and Bechel",2020-06-03,2021-06-15,Elite Plus,Europe,Celia Clayton,134,377,129.73
2618,Marquardt LLC,2022-07-02,2023-01-01,Elite Plus,Latin America,Karl Long,65,183,129.64
5009,Butler LLC,2020-08-25,2021-08-24,Classic,North America,Celia Clayton,129,364,129.35
7045,Chechauski-Bergstrom,2018-09-19,2019-09-18,Classic,North America,Angelo Payne,129,364,129.35
7703,Jerde-Hintz,2018-12-12,2019-12-11,Classic,North America,Judy Jacobs,129,364,129.35
7339,Kreiger-Okuneva,2018-10-24,2019-10-23,Classic,North America,Karl Long,129,364,129.35
7573,"Pouros, Schumm and Feil",2018-05-24,2019-05-23,Classic,North America,Marshall Lawson,129,364,129.35
7398,"Reichert, Kuvalis and Collins",2019-01-24,2020-01-23,Elite Plus,Latin America,Ross Hines,129,364,129.35
5979,Stehr and Sons,2020-07-08,2021-07-07,Elite Plus,North America,Phil Baker,129,364,129.35
7299,Treutel-Muller,2018-05-31,2019-05-30,Classic,North America,Phil Baker,129,364,129.35
3227,Vandervort - Upton,2021-03-13,2022-03-12,Elite Plus,North America,John Sacker,129,364,129.35
7168,Cassle-Heaney,2019-03-19,2020-03-18,Classic,Latin America,Christopher Little,129,365,129.0
8178,Robel Inc,2019-11-05,2020-11-04,Elite Plus,Latin America,Walter Sacha,129,365,129.0
1675,Johnston Group,2021-02-18,2022-02-17,Classic,Asia,Frankie Fletcher,128,364,128.35
980,"Lubowitz, Franecki and Schuster",2022-04-21,2026-04-20,Elite Plus,Latin America,John Sacker,510,1460,127.5
7065,Cremin-Wolff,2018-10-08,2019-10-07,Classic,North America,Sonja Griffin,127,364,127.35
2529,"Friesen, Schimmel and Stamm",2021-08-02,2022-08-02,Classic,Europe,Christopher Little,127,365,127.0
4301,Bundel - Reichert,2020-07-11,2021-07-10,Classic,Asia,Christopher Little,126,364,126.35
4058,Christiansen and Sons,2021-04-21,2022-04-20,Elite Plus,North America,Lonnie May,126,364,126.35
3983,Ortiz Inc,2022-02-09,2023-02-08,Elite Plus,North America,Angelo Payne,126,364,126.35
6423,"Quigley, Veum and Reilly",2021-03-30,2022-03-29,Elite Plus,North America,Angelo Payne,126,364,126.35
2436,"Tromp, Gillespie and Pimpernel",2021-11-11,2022-11-10,Elite Plus,North America,Judy Jacobs,126,364,126.35
4998,"Blick, O'Reilly and Pfannerstill",2021-08-09,2024-08-08,Elite Plus,North America,Judy Jacobs,378,1095,126.0
7931,Hilpert-Borer,2019-09-12,2020-09-11,Classic,North America,Frankie Fletcher,126,365,126.0
7571,Ruecker and Sons,2019-08-04,2020-08-03,Elite Plus,North America,Alton Hunt,126,365,126.0
6842,Schroeder-Leffler,2019-05-07,2020-05-06,Elite Plus,Latin America,Phil Baker,126,365,126.0
8119,Schumm and Sons,2019-10-25,2020-10-24,Classic,Latin America,Marsha Aguilar,126,365,126.0
7995,Shields-Keebler,2019-09-23,2020-09-22,Elite Plus,Latin America,Marsha Aguilar,126,365,126.0
8024,Shields-Keebler,2019-09-23,2020-09-22,Elite Plus,Latin America,Marsha Aguilar,126,365,126.0
2960,"Greenholt, Bergstrom and Rolfson",2021-08-15,2021-09-13,Classic,Latin America,Jerald James,10,29,125.86
6606,"Simonis, Boone and Swift",2021-07-17,2021-08-15,Classic,North America,Cecelia Burgess,10,29,125.86
7614,O'Keefe-Agarwaliamson,2018-08-09,2019-08-08,Classic,North America,Tomas Glover,125,364,125.34
6879,"Sanford, Feest and Dibbert",2018-08-26,2019-08-25,Elite Plus,Latin America,Dana Henderson,125,364,125.34
7767,Wyman-Bogan,2018-09-02,2019-09-01,Classic,North America,Aloyna Gregory,125,364,125.34
6818,Jakubowski-Schneider,2019-06-20,2020-06-19,Classic,North America,Judy Jacobs,125,365,125.0
7815,"Kassulke, Bernier and Kshlerin",2019-06-16,2020-06-15,Elite Plus,North America,Patty Ingram,125,365,125.0
6944,Kautzer-Waters,2019-05-30,2020-05-29,Classic,Europe,Phil Baker,125,365,125.0
6620,Hartmann Group,2020-12-12,2023-12-11,Elite Plus,Asia,Walter Sacha,374,1094,124.78
3856,Douglas - Schaden,2020-01-18,2021-01-16,Elite Plus,North America,Cecelia Burgess,124,364,124.34
7060,Ernser-Huel,2018-12-23,2019-12-22,Elite Plus,North America,Angelo Payne,124,364,124.34
5254,Schmeler - Ankunding,2020-07-19,2021-07-18,Elite Plus,North America,John Sacker,124,364,124.34
8142,Waters and Sons,2019-11-05,2020-05-05,Classic,Europe,Sonja Griffin,62,182,124.34
7239,West-Kihn,2018-10-23,2019-10-22,Elite Plus,North America,John Sacker,124,364,124.34
4511,Zemlak Group,2021-02-23,2022-02-22,Elite Plus,North America,Celia Clayton,124,364,124.34
6769,"Lueilwitz, Yost and McDermott",2019-03-20,2020-03-19,Classic,North America,Walter Sacha,124,365,124.0
7525,Torp Ltd,2019-02-21,2020-02-21,Classic,North America,Aloyna Gregory,124,365,124.0
3766,Mitchell LLC,2021-04-26,2023-04-25,Elite Plus,Europe,Marsha Aguilar,247,729,123.67
7055,Friesen and Sons,2018-12-24,2019-09-22,Classic,Europe,Ramon Garcia,92,272,123.46
7024,Shields-Batz,2018-11-20,2019-11-19,Elite Plus,Europe,Ramon Garcia,123,364,123.34
7141,Botsford-Olson,2019-05-26,2020-05-25,Elite Plus,North America,Alice Cole,123,365,123.0
7170,Cassle-Heaney,2019-03-19,2020-03-18,Classic,Latin America,Christopher Little,123,365,123.0
6995,Kling and Sons,2019-05-11,2020-05-10,Classic,Europe,Celia Clayton,123,365,123.0
7429,Dicki PLC,2018-11-07,2019-11-06,Elite Plus,Europe,Patty Ingram,122,364,122.34
8155,Bradtke-Waters,2019-11-23,2020-11-22,Classic,Europe,Judy Jacobs,122,365,122.0
7117,Kilback-Bednar,2019-06-18,2020-06-17,Classic,North America,Patty Ingram,122,365,122.0
8238,"Rath, Harris and Beatty",2019-09-23,2020-09-22,Classic,Europe,Ramon Garcia,122,365,122.0
127,Benjamin Batterbond,2021-06-15,2021-07-15,Classic,North America,Ramon Garcia,10,30,121.67
8001,"Hauck, Cronin and Kunde",2020-03-21,2020-08-27,Classic,North America,Patty Ingram,53,159,121.67
4262,Kshlerin Group,2021-09-22,2021-10-22,Classic,Latin America,Aloyna Gregory,10,30,121.67
4859,Muller - Reichert,2021-03-07,2021-04-06,Classic,North America,John Sacker,10,30,121.67
4280,"Nader, Gulgowski and Kshlerin",2020-12-17,2021-01-16,Classic,Latin America,Patty Ingram,10,30,121.67
3760,Runte Group,2021-05-12,2021-06-11,Classic,Latin America,Karl Long,10,30,121.67
6381,Satterfield and Sons,2021-04-19,2021-05-19,Classic,Latin America,Jerald James,10,30,121.67
3606,Schimmel - Weber,2021-05-08,2021-06-07,Classic,Latin America,Tomas Glover,10,30,121.67
3603,Schimmel - Weber,2021-03-19,2021-04-18,Classic,Latin America,Tomas Glover,10,30,121.67
867,"Stantner, Ponting and Rosenbaum",2021-10-10,2021-11-09,Classic,North America,Alice Cole,10,30,121.67
4322,Rodriguez LLC,2020-11-14,2021-11-13,Elite Plus,Asia,Dana Henderson,121,364,121.33
8140,"Bernhard, Schmidt and Pfannerstill",2020-01-12,2021-01-11,Elite Plus,Latin America,Walter Sacha,121,365,121.0
8144,D'Amore and Sons,2019-11-03,2020-11-02,Elite Plus,Europe,Judy Jacobs,121,365,121.0
7651,"Hauck, Cronin and Kunde",2019-04-20,2020-04-19,Classic,North America,Patty Ingram,121,365,121.0
7955,West and Sons,2019-10-01,2020-09-30,Classic,North America,Karl Long,121,365,121.0
1663,"Bernier, West and Pimpernel",2020-04-02,2021-04-02,Classic,Latin America,Lonnie May,120,365,120.0
7960,Hoppe Ltd,2019-08-21,2020-08-20,Elite Plus,Asia,Judy Jacobs,120,365,120.0
7179,"Quitzon, Bon and Trantow",2019-03-19,2020-03-18,Classic,North America,Alton Hunt,120,365,120.0
6689,Reichel - Leannon,2023-02-16,2024-02-16,Elite Plus,Latin America,Celia Clayton,120,365,120.0
7476,Fadel Ltd,2018-07-01,2019-06-30,Classic,Latin America,Ramon Garcia,119,364,119.33
1969,Nikolaus - Bernier,2021-09-05,2022-09-04,Elite Plus,Europe,Tomas Glover,119,364,119.33
7485,Rosenbaum-Ziemann,2018-07-20,2018-12-23,Classic,North America,Walter Sacha,51,156,119.33
8065,Ankunding LLC,2019-11-03,2020-11-02,Elite Plus,North America,Jerald James,119,365,119.0
3705,Blanda - Borer,2020-03-25,2021-03-25,Classic,Europe,Grant Cortez,119,365,119.0
7173,Torp Ltd,2019-03-23,2020-03-22,Classic,North America,Aloyna Gregory,119,365,119.0
8187,Dibbert-Ferry,2019-08-28,2020-02-25,Elite Plus,North America,Judy Jacobs,59,181,118.98
4198,Turcotte - Kling,2019-12-23,2020-12-23,Classic,North America,Christopher Little,119,366,118.67
7132,Kilback LLC,2018-10-24,2019-10-23,Classic,Latin America,Aloyna Gregory,118,364,118.32
8154,Mauston Inc,2019-11-12,2020-01-22,Elite Plus,North America,Micheal Williams,23,71,118.24
633,"Goodwin, O'Reilly and Buckridge",2019-12-15,2020-12-14,Elite Plus,North America,Judy Jacobs,118,365,118.0
2613,Marquardt LLC,2022-07-28,2023-01-27,Elite Plus,Latin America,Karl Long,59,183,117.68
7128,"D'Amore, Douglas and Hintz",2018-12-05,2019-07-29,Elite Plus,Europe,Walter Sacha,76,236,117.54
7355,Schumm-Satterfield,2018-12-07,2019-12-06,Classic,North America,Karl Long,117,364,117.32
1103,Wuckert - Collier,2021-07-10,2022-07-09,Elite Plus,Europe,Angelo Payne,117,364,117.32
6990,Hammes-Beier,2019-08-08,2020-08-07,Classic,North America,Lonnie May,117,365,117.0
6992,Labadie Ltd,2019-07-28,2020-07-27,Elite Plus,North America,Marsha Aguilar,117,365,117.0
7939,Moen and Sons,2019-08-15,2020-08-14,Classic,North America,Karl Long,117,365,117.0
7142,Schaden PLC,2019-07-06,2020-07-07,Classic,North America,Karl Long,117,367,116.36
7504,"Effertz, Lind and Auer",2018-08-20,2019-08-19,Classic,North America,Micheal Williams,116,364,116.32
5262,Schmeler - Ankunding,2021-08-24,2022-08-23,Elite Plus,North America,John Sacker,116,364,116.32
7751,Torp Ltd,2018-06-22,2019-06-21,Classic,North America,Aloyna Gregory,116,364,116.32
6830,"Watsica, Boone and Kulas",2019-09-23,2020-07-21,Classic,North America,Tomas Glover,96,302,116.03
799,Schimmel LLC,2020-02-10,2021-02-09,Elite Plus,North America,Ramon Garcia,116,365,116.0
2895,"Bernier, Metz and Fay",2021-06-25,2022-06-24,Elite Plus,North America,Grant Cortez,115,364,115.32
7457,"Braun, Nader and Hoeger",2018-03-20,2019-03-19,Classic,Europe,Grant Cortez,115,364,115.32
4099,Hartmann - Bergstrom,2020-06-02,2021-06-01,Classic,Europe,Sonja Griffin,115,364,115.32
2160,"Kautzer, Bartell and Schmeler",2022-03-25,2023-03-24,Elite Plus,Asia,Jerald James,115,364,115.32
7891,"Bradtke, Ratke and Huels",2019-08-07,2020-08-06,Classic,Europe,Alton Hunt,115,365,115.0
8099,Hessel and Sons,2019-11-27,2020-11-26,Classic,Asia,Christopher Little,115,365,115.0
6114,"Romaguera, Hilll and Hayes",2021-08-08,2024-08-07,Elite Plus,North America,Ross Hines,345,1095,115.0
6999,Wuckert Group,2019-07-24,2020-07-23,Classic,Latin America,Cecelia Burgess,115,365,115.0
1718,Erdman - Kozey,2021-11-16,2024-08-15,Elite Plus,North America,Christopher Little,315,1003,114.63
7221,Bayer LLC,2018-10-17,2019-10-16,Classic,North America,Cecelia Burgess,114,364,114.31
3650,"Skiles, Powlowski and Bartell",2021-05-07,2022-05-06,Elite Plus,North America,Patty Ingram,114,364,114.31
8145,Albertson-Belfact,2019-11-26,2020-11-25,Elite Plus,Asia,Grant Cortez,114,365,114.0
6917,Canten Inc,2019-07-24,2020-07-23,Classic,Europe,Marsha Aguilar,114,365,114.0
6713,Friesen Group,2022-02-07,2024-02-07,Elite Plus,Asia,Phil Baker,228,730,114.0
7801,Haley-Powlowski,2019-03-24,2020-03-23,Classic,Europe,Jerald James,114,365,114.0
7240,"Hamill, Rice and King",2019-07-09,2020-07-08,Elite Plus,Latin America,Sonja Griffin,114,365,114.0
7099,"Runolfsson, Shanahan and Gammendor",2019-03-20,2020-03-19,Elite Plus,North America,Patty Ingram,114,365,114.0
7910,"Rutherford, Gupta and Purdy",2019-10-02,2020-10-01,Classic,Europe,Celia Clayton,114,365,114.0
5275,Schmeler - Ankunding,2021-06-22,2023-06-22,Elite Plus,North America,John Sacker,228,730,114.0
6063,"Kub, Murphy and Pagac",2020-06-19,2021-04-20,Elite Plus,North America,Ross Hines,95,305,113.69
2061,Bosco - Adams,2021-10-06,2021-11-04,Classic,Europe,Christopher Little,9,29,113.28
5894,"Gleichner, Nikolaus and Raynor",2021-01-21,2021-02-19,Classic,North America,Frankie Fletcher,9,29,113.28
5081,Kuhlman - Schumm,2021-03-22,2021-04-20,Classic,Asia,Ross Hines,9,29,113.28
3569,"Lowe, Collier and Bartell",2021-11-14,2021-12-13,Classic,Latin America,Walter Sacha,9,29,113.28
2316,"Reynolds, Beier and Agarwalms",2021-06-09,2021-07-08,Classic,Europe,Ross Hines,9,29,113.28
1248,Waelchi Inc,2021-07-14,2021-08-12,Classic,Europe,Tomas Glover,9,29,113.28
2464,Wehner LLC,2021-08-12,2023-02-24,Classic,Latin America,Angelo Payne,173,561,112.56
5696,Corwin LLC,2021-01-25,2022-01-24,Elite Plus,Europe,Aloyna Gregory,112,364,112.31
6221,Crooks LLC,2022-08-05,2023-08-04,Elite Plus,North America,Aloyna Gregory,112,364,112.31
3997,"Cummerata, Legros and Kohler",2020-05-19,2021-05-18,Elite Plus,Europe,Angelo Payne,112,364,112.31
3991,Gammendor Inc,2021-06-28,2022-06-27,Elite Plus,Asia,Ross Hines,112,364,112.31
7663,"Gaverman, Kessler and Rolfson",2018-02-19,2019-02-18,Classic,North America,John Sacker,112,364,112.31
2065,Gleason and Sons,2020-12-26,2021-12-25,Elite Plus,North America,John Sacker,112,364,112.31
7761,O'Keefe-Agarwaliamson,2018-12-23,2019-12-22,Classic,North America,Tomas Glover,112,364,112.31
337,Pouros - Ward,2021-07-16,2022-07-15,Elite Plus,North America,Karl Long,112,364,112.31
3725,Stehr LLC,2020-06-01,2021-05-31,Elite Plus,Asia,Tomas Glover,112,364,112.31
7254,West-Kihn,2018-10-23,2019-10-22,Elite Plus,North America,John Sacker,112,364,112.31
1011,"Collier, Conn and Dooley",2020-05-28,2021-05-28,Elite Plus,North America,Grant Cortez,112,365,112.0
7146,Friesen and Sons,2019-04-22,2020-04-21,Classic,Europe,Ramon Garcia,112,365,112.0
7916,Hoppe Ltd,2019-08-21,2020-08-20,Elite Plus,Asia,Judy Jacobs,112,365,112.0
971,"Lubowitz, Franecki and Schuster",2021-02-18,2021-08-20,Elite Plus,Latin America,John Sacker,56,183,111.69
4794,"Daniel, Roberts and Weimann",2021-03-08,2022-03-07,Classic,Latin America,Christopher Little,111,364,111.3
2679,Lowe Inc,2022-05-06,2023-05-05,Elite Plus,North America,Marshall Lawson,111,364,111.3
3746,Raynor Group,2021-10-27,2022-10-26,Elite Plus,Europe,Marshall Lawson,111,364,111.3
6333,"Strosin, McGlynn and Emmerich",2020-08-13,2021-08-12,Elite Plus,North America,Ross Hines,111,364,111.3
7855,"DuBuque, Jakubowski and Buckridge",2019-09-03,2020-09-02,Elite Plus,North America,Celia Clayton,111,365,111.0
6765,Medhurst-White,2019-08-25,2020-08-24,Classic,Europe,Christopher Little,111,365,111.0
5507,Rippin Inc,2019-12-06,2020-12-05,Elite Plus,North America,Tomas Glover,111,365,111.0
7455,Bayer LLC,2018-09-27,2019-03-08,Classic,North America,Cecelia Burgess,49,162,110.4
4097,Hartmann - Bergstrom,2020-06-27,2021-06-26,Classic,Europe,Sonja Griffin,110,364,110.3
7943,Cremin-Wolff,2019-10-08,2020-10-07,Classic,North America,Sonja Griffin,110,365,110.0
7933,Grady-Kuphal,2019-09-08,2020-09-07,Classic,North America,Alice Cole,110,365,110.0
5603,"Donnelly, Crist and Deckow",2021-05-31,2022-04-02,Elite Plus,North America,Aloyna Gregory,92,306,109.74
6679,McKinnon - Jerde,2023-01-21,2026-01-20,Elite Plus,Latin America,Karl Long,329,1095,109.67
6957,"Beier, Boone and Schoen",2018-06-23,2018-07-23,Elite Plus,Latin America,Angelo Payne,9,30,109.5
3562,Dach Inc,2021-04-17,2021-05-17,Classic,Europe,Karl Long,9,30,109.5
288,Franecki Group,2021-03-24,2021-04-23,Classic,Europe,Aloyna Gregory,9,30,109.5
5966,Gaverman - Boyer,2021-06-06,2021-07-06,Classic,Asia,Judy Jacobs,9,30,109.5
2935,Homenick - Jacobi,2021-07-08,2021-08-07,Classic,North America,Celia Clayton,9,30,109.5
3567,"Lowe, Collier and Bartell",2021-06-08,2021-07-08,Classic,Latin America,Walter Sacha,9,30,109.5
6043,"Pollich, Dicki and Albertson",2021-08-12,2021-09-11,Classic,North America,Walter Sacha,9,30,109.5
3142,Prohaska and Sons,2021-04-25,2021-05-25,Classic,North America,Ross Hines,9,30,109.5
3762,Runte Group,2021-06-04,2021-07-04,Classic,Latin America,Karl Long,9,30,109.5
2054,Swift - Auer,2021-02-01,2021-03-03,Classic,Latin America,Christopher Little,9,30,109.5
1250,Waelchi Inc,2021-08-09,2021-09-08,Classic,Europe,Tomas Glover,9,30,109.5
5862,"Dicki, Bosco and Rempel",2020-08-15,2021-08-14,Elite Plus,North America,Grant Cortez,109,364,109.3
7661,Jakubowski-Schultz,2018-12-24,2019-12-23,Classic,Europe,Walter Sacha,109,364,109.3
6977,Lubowitz Ltd,2018-10-23,2019-10-22,Classic,Europe,Ramon Garcia,109,364,109.3
4898,Muller - Spinka,2020-06-21,2021-06-20,Classic,North America,Marsha Aguilar,109,364,109.3
4127,Bundel - Hagenes,2021-08-23,2026-08-22,Elite Plus,Asia,Dana Henderson,546,1825,109.2
7169,Cassle-Heaney,2019-03-19,2020-03-18,Classic,Latin America,Christopher Little,109,365,109.0
7093,Collins-Dickinson,2019-07-17,2020-07-16,Elite Plus,Europe,Tomas Glover,109,365,109.0
6920,"Donnelly, Keebler and Hettinger",2019-04-28,2020-04-27,Elite Plus,Latin America,Micheal Williams,109,365,109.0
8054,Lebsack PLC,2020-01-22,2021-01-21,Elite Plus,Europe,John Sacker,109,365,109.0
7058,Koch Ltd,2018-11-22,2019-11-21,Classic,North America,Lonnie May,108,364,108.3
1683,Roberts - Sipes,2020-12-11,2021-01-07,Classic,Latin America,Marshall Lawson,8,27,108.15
6914,Schuster-Lind,2019-06-23,2020-06-22,Classic,Europe,Walter Sacha,108,365,108.0
1741,"Auer, Jones and Agarwal",2020-12-03,2022-03-09,Elite Plus,Europe,Alice Cole,136,461,107.68
2918,Parker - Runolfsson,2020-06-07,2021-06-06,Elite Plus,Asia,Sonja Griffin,107,364,107.29
1090,Wuckert - Collier,2020-12-28,2021-12-27,Elite Plus,Europe,Angelo Payne,107,364,107.29
384,Yost - Marvin,2021-08-26,2022-08-25,Classic,Europe,Angelo Payne,107,364,107.29
8028,"Bundel, Bechtelar and Swift",2019-09-10,2020-09-09,Elite Plus,Latin America,Micheal Williams,107,365,107.0
7250,Bergstrom LLC,2019-06-22,2020-05-22,Elite Plus,North America,Cecelia Burgess,98,335,106.78
3110,"Breitenberg, Stroman and Heaney",2019-11-11,2019-12-29,Elite Plus,North America,Karl Long,14,48,106.46
506,Strosin and Sons,2020-06-04,2021-06-03,Classic,Latin America,Jerald James,106,364,106.29
8237,"Rath, Harris and Beatty",2019-10-24,2020-09-22,Classic,Europe,Ramon Garcia,97,334,106.0
8045,Aberly-Canten,2019-09-12,2020-09-11,Classic,Asia,Patty Ingram,106,365,106.0
6827,Jakubowski-Schneider,2019-06-20,2020-06-19,Classic,North America,Judy Jacobs,106,365,106.0
1349,Mohr - Streich,2021-08-10,2022-08-09,Elite Plus,North America,Dana Henderson,105,364,105.29
4334,White Inc,2020-09-03,2021-09-02,Elite Plus,North America,Grant Cortez,105,364,105.29
7968,Campbelll-Donnelly,2019-08-15,2020-08-14,Elite Plus,North America,Patty Ingram,105,365,105.0
7076,Farrell and Sons,2019-06-23,2020-06-22,Elite Plus,Latin America,Marsha Aguilar,105,365,105.0
6962,Hayes Inc,2018-11-30,2019-07-25,Classic,North America,Jerald James,68,237,104.73
3641,"Shields, Kassulke and Purdy",2021-07-21,2023-07-20,Elite Plus,Europe,Dana Henderson,209,729,104.64
1394,Cronin - Lehner,2020-05-12,2021-05-11,Elite Plus,North America,Karl Long,104,364,104.29
5181,Herzog LLC,2020-08-15,2021-08-14,Elite Plus,Europe,Phil Baker,104,364,104.29
5810,"Hilll, Friesen and O'Connell",2022-05-04,2022-05-18,Elite Plus,North America,Marsha Aguilar,4,14,104.29
8022,Mueller LLC,2019-10-17,2020-10-16,Elite Plus,North America,Alice Cole,104,365,104.0
8026,Quigley-Rolfson,2019-09-22,2020-09-21,Classic,Asia,Dana Henderson,104,365,104.0
7227,"Gaylord, Reilly and Watsica",2018-10-28,2019-10-27,Elite Plus,Latin America,Jerald James,103,364,103.28
7787,Jenkins PLC,2019-01-10,2020-01-09,Elite Plus,North America,Ramon Garcia,103,364,103.28
7538,O'Keefe-Agarwaliamson,2018-08-09,2019-08-08,Classic,North America,Tomas Glover,103,364,103.28
8170,Mauston Inc,2020-01-23,2021-01-22,Elite Plus,North America,Micheal Williams,103,365,103.0
7854,"Quigley, Hill and Green",2019-04-14,2020-04-13,Elite Plus,North America,Jerald James,103,365,103.0
8030,Rau Ltd,2019-09-23,2020-09-22,Classic,North America,Grant Cortez,102,365,102.0
1647,Weissnat - Kessler,2021-11-11,2023-11-10,Elite Plus,Europe,Lonnie May,203,729,101.64
459,"Blick, Nolan and Lebsack",2021-07-31,2022-07-30,Elite Plus,Europe,Dana Henderson,101,364,101.28
4996,"Blick, O'Reilly and Pfannerstill",2020-09-05,2021-09-04,Elite Plus,North America,Judy Jacobs,101,364,101.28
7375,"Frost, Strosin and Watsica",2018-12-06,2019-12-05,Elite Plus,North America,Cecelia Burgess,101,364,101.28
8120,Ankunding LLC,2019-11-03,2020-11-02,Elite Plus,North America,Jerald James,101,365,101.0
2011,"Altenwerth, Beahan and Buckridge",2021-01-22,2021-02-20,Classic,Latin America,Ross Hines,8,29,100.69
2951,Brakus - Stantner,2021-06-06,2021-07-05,Classic,Latin America,Jerald James,8,29,100.69
1595,"Fisher, Mann and Klocko",2021-10-02,2021-10-31,Classic,Latin America,Aloyna Gregory,8,29,100.69
296,Franecki Group,2021-06-29,2021-07-28,Classic,Europe,Aloyna Gregory,8,29,100.69
4257,Kshlerin Group,2021-03-25,2021-04-23,Classic,Latin America,Aloyna Gregory,8,29,100.69
5088,Kuhlman - Schumm,2021-07-11,2021-08-09,Classic,Asia,Ross Hines,8,29,100.69
3758,Runte Group,2021-03-18,2021-04-16,Classic,Latin America,Karl Long,8,29,100.69
3417,Waelchi - Botsford,2021-04-13,2021-05-12,Classic,Latin America,Walter Sacha,8,29,100.69
1755,Chechauski LLC,2021-01-26,2022-01-25,Elite Plus,North America,John Sacker,100,364,100.27
3812,Ferry Inc,2022-03-30,2023-03-29,Elite Plus,Asia,Karl Long,100,364,100.27
4688,"Lowe, Auer and Marks",2020-05-20,2021-05-19,Classic,Latin America,Jerald James,100,364,100.27
3697,Rippin and Sons,2020-07-27,2021-07-26,Classic,North America,Aloyna Gregory,100,364,100.27
4427,"Zemlak, Steuber and Rempel",2021-08-02,2022-08-01,Elite Plus,North America,Karl Long,100,364,100.27
7643,Hudson Group,2018-06-22,2018-12-22,Classic,North America,Patty Ingram,50,183,99.73
7370,"Hills, Grimes and Wuckert",2018-12-13,2019-12-12,Classic,North America,Lonnie May,99,364,99.27
7295,Prohaska-Hansen,2018-10-07,2019-10-06,Classic,Latin America,Angelo Payne,99,364,99.27
795,Schimmel LLC,2022-03-03,2023-03-02,Elite Plus,North America,Ramon Garcia,99,364,99.27
5999,Stehr and Sons,2021-07-04,2022-07-03,Elite Plus,North America,Phil Baker,99,364,99.27
3513,Larson - Heaney,2022-03-04,2024-03-02,Elite Plus,Asia,Marshall Lawson,198,729,99.14
7209,Cremin-Stracke,2019-06-01,2020-05-31,Classic,North America,Ramon Garcia,99,365,99.0
6804,Dicki-Johns,2019-07-24,2020-07-23,Elite Plus,Latin America,Alton Hunt,99,365,99.0
5644,"Stiedemann, Labadie and Prosacco",2023-10-10,2024-10-09,Elite Plus,North America,Ramon Garcia,99,365,99.0
3908,Kreiger - Russel,2021-03-30,2022-03-29,Elite Plus,North America,Phil Baker,98,364,98.27
1354,Mohr - Streich,2021-07-29,2022-07-28,Elite Plus,North America,Dana Henderson,98,364,98.27
242,Nader LLC,2021-03-23,2022-03-22,Elite Plus,Europe,Marshall Lawson,98,364,98.27
5995,Stehr and Sons,2021-03-21,2022-03-20,Elite Plus,North America,Phil Baker,98,364,98.27
6969,"Bogisich, Simonis and Heller",2019-08-19,2020-08-18,Elite Plus,Europe,Marsha Aguilar,98,365,98.0
7025,Luettgen-Beatty,2019-09-04,2020-09-03,Elite Plus,North America,Patty Ingram,98,365,98.0
7233,"Watsica, Boone and Kulas",2019-07-22,2020-07-21,Classic,North America,Tomas Glover,98,365,98.0
2954,Brakus - Stantner,2021-10-17,2021-11-16,Classic,Latin America,Jerald James,8,30,97.33
7779,Emard-Blick,2019-01-09,2019-02-08,Elite Plus,Latin America,Jerald James,8,30,97.33
4689,"Lowe, Auer and Marks",2021-05-12,2021-06-11,Classic,Latin America,Jerald James,8,30,97.33
5801,"Hilll, Friesen and O'Connell",2021-04-02,2022-04-01,Elite Plus,North America,Marsha Aguilar,97,364,97.27
3205,Metz LLC,2021-07-06,2022-07-05,Elite Plus,North America,Marshall Lawson,97,364,97.27
8194,Skiles and Sons,2018-04-22,2019-04-21,Classic,Europe,Tomas Glover,97,364,97.27
250,Nader LLC,2021-12-25,2022-09-25,Elite Plus,Europe,Marshall Lawson,73,274,97.24
7713,"Kerluke, Dach and Rogahn",2018-12-13,2019-11-24,Classic,North America,Phil Baker,92,346,97.05
7503,"O'Connell, Agarwalms and Windler",2019-07-25,2020-07-24,Classic,North America,Alton Hunt,97,365,97.0
578,Schinner LLC,2021-06-05,2022-03-26,Elite Plus,North America,Marshall Lawson,78,294,96.84
961,Wunsch LLC,2020-10-21,2023-10-20,Classic,Europe,Sonja Griffin,289,1094,96.42
7619,Auer-Koch,2018-03-21,2019-03-20,Classic,North America,Grant Cortez,96,364,96.26
5782,Erdman - Macejkovic,2021-07-31,2022-07-30,Classic,North America,Grant Cortez,96,364,96.26
7585,Treutel-Muller,2018-04-29,2019-04-28,Classic,North America,Phil Baker,96,364,96.26
7096,Dickens-McGlynn,2019-09-29,2020-09-28,Elite Plus,Latin America,Dana Henderson,96,365,96.0
635,"Goodwin, O'Reilly and Buckridge",2020-03-19,2021-03-19,Elite Plus,North America,Judy Jacobs,96,365,96.0
6976,Hayes Inc,2018-11-30,2019-08-25,Classic,North America,Jerald James,70,268,95.34
8085,Hodkiewicz Group,2019-09-23,2020-09-22,Elite Plus,Europe,Ross Hines,95,365,95.0
982,"Lubowitz, Franecki and Schuster",2022-04-30,2026-04-29,Elite Plus,Latin America,John Sacker,380,1460,95.0
8188,Dibbert-Ferry,2019-08-28,2020-02-25,Elite Plus,North America,Judy Jacobs,47,181,94.78
2067,Gleason and Sons,2020-08-05,2021-08-04,Elite Plus,North America,John Sacker,94,364,94.26
2380,"Hilll, Kohler and Brown",2021-01-31,2022-01-30,Elite Plus,Europe,Patty Ingram,94,364,94.26
233,Nader LLC,2020-01-19,2021-01-17,Elite Plus,Europe,Marshall Lawson,94,364,94.26
6413,"Quigley, Veum and Reilly",2020-12-31,2021-12-30,Elite Plus,North America,Angelo Payne,94,364,94.26
7394,"Rau, Wehner and Roberts",2018-06-17,2019-06-16,Elite Plus,North America,Christopher Little,94,364,94.26
8216,"Wilderman, Pollich and Kunze",2018-11-27,2019-11-26,Elite Plus,Europe,Celia Clayton,94,364,94.26
6972,"Bogisich, Simonis and Heller",2019-08-19,2020-08-18,Elite Plus,Europe,Marsha Aguilar,94,365,94.0
7896,Harvey PLC,2019-09-22,2020-09-21,Classic,North America,Christopher Little,94,365,94.0
7918,"Langworth, Lueilwitz and Wuckert",2019-08-24,2020-08-23,Classic,North America,Alton Hunt,94,365,94.0
6956,Reichert-Goyette,2019-06-23,2020-06-22,Elite Plus,Europe,Cecelia Burgess,94,365,94.0
5142,"Leffler, Kertzmann and Heathcote",2022-03-08,2023-03-07,Elite Plus,North America,Grant Cortez,93,364,93.26
2396,"Tromp, Gillespie and Pimpernel",2020-05-17,2021-05-16,Elite Plus,North America,Judy Jacobs,93,364,93.26
7889,Kassulke-Barton,2019-08-20,2020-08-19,Classic,Europe,Walter Sacha,93,365,93.0
7139,"Purdy, Deckow and Stoltenberg",2019-08-01,2020-07-31,Elite Plus,Europe,Sonja Griffin,93,365,93.0
7888,Sipes-Ryan,2019-10-22,2020-10-21,Elite Plus,Latin America,Phil Baker,93,365,93.0
836,Schimmel LLC,2021-08-25,2023-08-24,Elite Plus,North America,Ramon Garcia,185,729,92.63
4622,Erdman Group,2020-08-26,2021-04-04,Classic,Europe,Judy Jacobs,56,221,92.49
7465,Feil-Reilly,2018-03-28,2019-03-27,Classic,North America,Micheal Williams,92,364,92.25
7208,Cremin-Stracke,2019-06-01,2020-05-31,Classic,North America,Ramon Garcia,92,365,92.0
8193,Heller and Sons,2018-01-23,2019-01-23,Elite Plus,North America,Patty Ingram,92,365,92.0
7847,Jacobi-Tremblay,2018-10-14,2019-10-14,Classic,North America,Dana Henderson,92,365,92.0
2118,Bundel and Sons,2021-10-16,2022-10-15,Elite Plus,Europe,Alton Hunt,91,364,91.25
3007,Gammendor - Frost,2020-06-05,2021-06-04,Elite Plus,Europe,Frankie Fletcher,91,364,91.25
1467,Heathcote Inc,2021-07-13,2022-07-12,Elite Plus,North America,Patty Ingram,91,364,91.25
942,Miller and Sons,2020-07-22,2021-07-21,Elite Plus,North America,Micheal Williams,91,364,91.25
7521,"Welch, Welch and Farrell",2018-09-20,2019-09-19,Elite Plus,Europe,Celia Clayton,91,364,91.25
7978,"Kreiger, Zboncak and Stehr",2019-10-02,2020-10-01,Elite Plus,Latin America,Micheal Williams,91,365,91.0
6839,Kuhic-Swaniawski,2019-05-05,2020-05-04,Elite Plus,Latin America,Cecelia Burgess,91,365,91.0
7467,Rosenbaum Inc,2019-08-26,2020-08-25,Elite Plus,Latin America,Judy Jacobs,91,365,91.0
43,Belfact LLC,2020-10-04,2021-10-03,Classic,North America,John Sacker,90,364,90.25
7777,Parker Inc,2019-02-24,2020-02-24,Classic,North America,Jerald James,90,365,90.0
3838,Rowe - Kuphal,2019-12-28,2020-12-27,Classic,Latin America,Celia Clayton,90,365,90.0
3085,O'Kon - Weber,2020-11-14,2021-07-16,Elite Plus,North America,Grant Cortez,60,244,89.75
1457,Heathcote Inc,2020-06-04,2021-01-10,Elite Plus,North America,Patty Ingram,54,220,89.59
4929,Kirlin - Simonis,2021-02-24,2022-02-23,Elite Plus,North America,Frankie Fletcher,89,364,89.24
3698,Rippin and Sons,2020-06-03,2021-06-02,Classic,North America,Aloyna Gregory,89,364,89.24
872,"Avelona,, Fanbender and Trafton",2021-09-10,2023-09-09,Classic,Latin America,Angelo Payne,178,729,89.12
7451,O'Hara-Waelchi,2019-08-15,2020-08-14,Elite Plus,Asia,Ross Hines,89,365,89.0
7172,"SchoStantner, McKinnon and Nicolas",2019-05-26,2020-05-25,Classic,North America,Marsha Aguilar,89,365,89.0
8093,Zieme-Hermann,2019-11-23,2020-11-22,Classic,Europe,Grant Cortez,89,365,89.0
4624,Erdman Group,2021-04-20,2022-04-19,Classic,Europe,Judy Jacobs,88,364,88.24
662,"Goodwin, O'Reilly and Buckridge",2020-09-11,2021-09-10,Elite Plus,North America,Judy Jacobs,88,364,88.24
1606,Hessel Group,2020-06-18,2021-06-17,Classic,Latin America,Grant Cortez,88,364,88.24
5668,Mauston - Agarwal,2020-08-03,2021-08-02,Elite Plus,North America,Tomas Glover,88,364,88.24
1802,Schuster - Torp,2020-06-24,2021-06-23,Elite Plus,North America,Ramon Garcia,88,364,88.24
5222,Aufderhar and Sons,2021-08-03,2021-09-01,Classic,Latin America,Alton Hunt,7,29,88.1
7551,"Beier, Boone and Schoen",2018-03-24,2018-04-22,Elite Plus,Latin America,Angelo Payne,7,29,88.1
2869,Bruen - Schinner,2021-02-21,2021-03-22,Classic,North America,Ramon Garcia,7,29,88.1
2823,Grady LLC,2021-07-07,2021-08-05,Classic,Latin America,Walter Sacha,7,29,88.1
6241,Gutkowski - Hessel,2021-08-27,2021-09-25,Classic,Latin America,Tomas Glover,7,29,88.1
4405,"Gutmann, Fadel and Klein",2021-07-08,2021-08-06,Classic,North America,Grant Cortez,7,29,88.1
4108,Hartmann - Bergstrom,2021-03-08,2021-04-06,Classic,Europe,Sonja Griffin,7,29,88.1
1607,Hessel Group,2021-04-19,2021-05-18,Classic,Latin America,Grant Cortez,7,29,88.1
6575,Homenick - Homenick,2021-09-01,2021-09-30,Classic,Latin America,Alton Hunt,7,29,88.1
2017,Roob - Halvorson,2021-07-18,2021-08-16,Classic,North America,Marsha Aguilar,7,29,88.1
5532,Stantner LLC,2021-02-23,2021-03-24,Classic,North America,Jerald James,7,29,88.1
4628,Vandervort LLC,2021-10-21,2021-11-19,Classic,Europe,Christopher Little,7,29,88.1
3421,Waelchi - Botsford,2021-06-01,2021-06-30,Classic,Latin America,Walter Sacha,7,29,88.1
4200,Turcotte - Kling,2020-08-12,2022-02-10,Classic,North America,Christopher Little,132,547,88.08
7070,"Champlin, Kihn and Kreiger",2019-06-09,2020-06-08,Classic,North America,Marsha Aguilar,88,365,88.0
7104,D'Amore Ltd,2019-03-07,2020-03-06,Classic,Europe,Patty Ingram,88,365,88.0
8241,"Rath, Harris and Beatty",2019-11-23,2020-09-21,Classic,Europe,Ramon Garcia,73,303,87.94
5936,Johnston Group,2021-05-21,2022-05-20,Elite Plus,North America,Frankie Fletcher,87,364,87.24
7085,"Belfact, Thiel and Koepp",2019-06-06,2020-06-05,Elite Plus,Latin America,John Sacker,87,365,87.0
4130,Ebert - Sawayn,2020-05-18,2021-05-18,Classic,Latin America,Ross Hines,87,365,87.0
1001,Larson - Bundel,2023-04-06,2024-04-05,Elite Plus,North America,Angelo Payne,87,365,87.0
7841,Senger-Ondricka,2019-05-01,2020-04-30,Elite Plus,Latin America,Celia Clayton,87,365,87.0
5282,Hills LLC,2022-06-15,2023-06-14,Elite Plus,Europe,Angelo Payne,86,364,86.24
5597,"Keeling, Jakubowski and Crist",2022-10-11,2023-10-10,Elite Plus,North America,Aloyna Gregory,86,364,86.24
7440,SchamBundelr-Hessel,2018-05-09,2019-05-08,Classic,Europe,Christopher Little,86,364,86.24
2930,Harris Inc,2019-11-12,2020-11-11,Elite Plus,Latin America,Jerald James,86,365,86.0
3777,Stracke - Cassin,2021-05-03,2022-05-02,Elite Plus,North America,Lonnie May,85,364,85.23
3555,"Bode, Agarwal and Deckow",2021-08-26,2021-09-25,Classic,Europe,Celia Clayton,7,30,85.17
4310,Bundel - Reichert,2021-04-06,2021-05-06,Classic,Asia,Christopher Little,7,30,85.17
5199,Canten - Larson,2021-10-25,2021-11-24,Classic,Latin America,Alton Hunt,7,30,85.17
294,Franecki Group,2021-09-29,2021-10-29,Classic,Europe,Aloyna Gregory,7,30,85.17
1704,Schumm - Feil,2021-10-05,2021-11-04,Classic,Latin America,Patty Ingram,7,30,85.17
1844,Goodwin and Sons,2019-10-10,2020-10-09,Elite Plus,North America,Angelo Payne,85,365,85.0
6793,Koss-Towne,2019-06-23,2020-06-22,Classic,North America,Dana Henderson,85,365,85.0
7758,Kuhlman Inc,2018-06-21,2019-06-21,Elite Plus,North America,Sonja Griffin,85,365,85.0
7634,"Turcotte, Kuhic and Keeling",2018-04-23,2019-02-19,Classic,North America,John Sacker,70,302,84.6
4365,Belfact LLC,2021-04-19,2022-04-18,Elite Plus,North America,John Sacker,84,364,84.23
3177,"Goldner, White and Bundel",2020-04-28,2021-04-27,Elite Plus,North America,Ramon Garcia,84,364,84.23
266,Koch LLC,2021-03-06,2022-03-05,Elite Plus,North America,Alton Hunt,84,364,84.23
5269,Schmeler - Ankunding,2022-06-17,2023-06-16,Elite Plus,North America,John Sacker,84,364,84.23
1448,"Schneider, Champlin and O'Connell",2020-09-26,2021-09-25,Elite Plus,North America,Micheal Williams,84,364,84.23
6997,Bartoletti-Kreiger,2019-06-20,2020-06-19,Elite Plus,North America,Christopher Little,84,365,84.0
7869,Konopelski Ltd,2018-09-20,2019-09-19,Classic,Europe,Lonnie May,83,364,83.23
8079,Morissette Group,2019-10-24,2020-10-23,Classic,North America,Ross Hines,83,365,83.0
7970,Kunze-Pagac,2019-10-07,2020-05-19,Elite Plus,Latin America,Marshall Lawson,51,225,82.73
7471,"Effertz, Lind and Auer",2018-08-20,2019-08-19,Classic,North America,Micheal Williams,82,364,82.23
7582,King-Runte,2018-05-28,2019-05-27,Classic,Latin America,Walter Sacha,82,364,82.23
7229,Lubowitz Ltd,2018-10-23,2019-10-22,Classic,Europe,Ramon Garcia,82,364,82.23
7012,Moen and Sons,2018-03-20,2019-03-19,Classic,North America,Karl Long,82,364,82.23
8080,Bruen-Oberbrunner,2019-10-03,2020-10-02,Classic,North America,Grant Cortez,82,365,82.0
7235,Feil Ltd,2019-07-10,2020-07-09,Elite Plus,Latin America,Micheal Williams,82,365,82.0
5466,Jacobi - Bogisich,2022-04-13,2023-04-12,Elite Plus,North America,Frankie Fletcher,81,364,81.22
7286,Torp Ltd,2018-03-23,2019-03-22,Classic,North America,Aloyna Gregory,81,364,81.22
5165,Fahey and Sons,2020-11-25,2020-12-22,Classic,Asia,Judy Jacobs,6,27,81.11
3413,Waelchi - Botsford,2021-05-02,2021-05-29,Classic,Latin America,Walter Sacha,6,27,81.11
8101,Bechel-Feest,2019-11-20,2020-11-19,Elite Plus,Latin America,Celia Clayton,81,365,81.0
4464,Zemlak Group,2020-01-21,2020-10-09,Elite Plus,North America,Celia Clayton,58,262,80.8
6477,Greenholt LLC,2020-04-16,2021-04-15,Elite Plus,Europe,Alton Hunt,80,364,80.22
2382,"Hilll, Kohler and Brown",2021-05-06,2022-05-05,Elite Plus,Europe,Patty Ingram,80,364,80.22
1010,Larson - Bundel,2022-09-18,2023-09-17,Elite Plus,North America,Angelo Payne,80,364,80.22
179,Schinner - Rumsfeld,2020-08-06,2021-08-05,Elite Plus,Europe,Phil Baker,80,364,80.22
5990,Stehr and Sons,2021-01-05,2021-04-06,Elite Plus,North America,Phil Baker,20,91,80.22
3822,"SchamBundelr, Kirlin and Schuppe",2019-12-11,2021-01-10,Classic,Latin America,Ross Hines,87,396,80.19
3185,"Goldner, White and Bundel",2020-10-18,2023-10-17,Elite Plus,North America,Ramon Garcia,239,1094,79.74
7611,"Bernhard, DuBuque and Green",2018-05-25,2019-05-24,Classic,North America,Frankie Fletcher,79,364,79.22
213,"Ernser, D'Amore and Gulgowski",2021-06-30,2022-06-29,Elite Plus,Europe,Marsha Aguilar,79,364,79.22
5928,Johnston Group,2020-03-29,2021-03-28,Elite Plus,North America,Frankie Fletcher,79,364,79.22
8110,McDermott Group,2019-12-12,2020-12-11,Classic,North America,Walter Sacha,79,365,79.0
625,Blanda - O'Hara,2021-08-31,2022-04-29,Elite Plus,Europe,Alice Cole,52,241,78.76
2733,"Morissette, Purdy and Mraz",2020-11-22,2023-11-21,Elite Plus,Europe,Christopher Little,236,1094,78.74
3949,"Graham, Rempel and Boyer",2020-09-26,2021-09-25,Elite Plus,North America,Walter Sacha,78,364,78.21
5817,"Hilll, Friesen and O'Connell",2022-06-27,2022-07-11,Elite Plus,North America,Marsha Aguilar,3,14,78.21
7743,"Rumsfeld, Batz and Heaney",2018-06-07,2019-06-06,Elite Plus,North America,Celia Clayton,78,364,78.21
7921,Hoppe Ltd,2019-08-21,2020-08-20,Elite Plus,Asia,Judy Jacobs,78,365,78.0
7825,Pacocha Inc,2019-04-28,2020-04-27,Elite Plus,Europe,John Sacker,78,365,78.0
4514,Zemlak Group,2021-06-26,2022-11-25,Elite Plus,North America,Celia Clayton,110,517,77.66
2303,Wiza and Sons,2021-05-20,2022-05-19,Elite Plus,Europe,Christopher Little,77,364,77.21
7140,Douglas-Legros,2019-08-14,2020-08-13,Elite Plus,North America,Marshall Lawson,77,365,77.0
8063,"Leannon, Kessler and Corkery",2019-10-27,2020-10-26,Classic,Asia,Celia Clayton,77,365,77.0
745,Sporer Group,2020-06-19,2021-06-18,Elite Plus,Europe,Christopher Little,76,364,76.21
5987,Stehr and Sons,2020-03-17,2021-03-16,Elite Plus,North America,Phil Baker,76,364,76.21
6332,"Strosin, McGlynn and Emmerich",2020-06-25,2021-06-24,Elite Plus,North America,Ross Hines,76,364,76.21
7781,Wehner Inc,2019-02-04,2020-02-03,Classic,North America,Cecelia Burgess,76,364,76.21
7975,Dickens LLC,2019-10-07,2020-10-06,Elite Plus,Latin America,Sonja Griffin,76,365,76.0
7526,Kshlerin-Marks,2019-02-24,2020-02-24,Classic,North America,Dana Henderson,76,365,76.0
6552,"Brekke, Goodwin and Purdy",2021-07-03,2024-07-02,Elite Plus,North America,Celia Clayton,227,1095,75.67
4960,Dare Inc,2021-11-19,2021-12-18,Classic,Asia,Micheal Williams,6,29,75.52
287,Franecki Group,2021-06-04,2021-07-03,Classic,Europe,Aloyna Gregory,6,29,75.52
2837,Hilpert and Sons,2021-08-01,2021-08-30,Classic,North America,Marsha Aguilar,6,29,75.52
436,King and Sons,2021-08-01,2021-08-30,Classic,Latin America,Judy Jacobs,6,29,75.52
3754,Runte Group,2021-04-12,2021-05-11,Classic,Latin America,Karl Long,6,29,75.52
3471,Runte LLC,2021-04-02,2021-05-01,Classic,North America,Sonja Griffin,6,29,75.52
498,"Witting, Rogahn and Jerde",2021-05-23,2021-06-21,Classic,Europe,Christopher Little,6,29,75.52
6791,Bernier Group,2018-02-21,2019-02-20,Elite Plus,Latin America,Aloyna Gregory,75,364,75.21
7409,Goyette-Rosenbaum,2018-12-24,2019-12-23,Classic,Europe,Judy Jacobs,75,364,75.21
8182,Jacobs-Emard,2018-12-23,2019-12-22,Elite Plus,North America,Tomas Glover,75,364,75.21
1803,Schuster - Torp,2020-07-26,2021-07-25,Elite Plus,North America,Ramon Garcia,75,364,75.21
7795,Bernier-Boyer,2019-08-11,2020-06-12,Elite Plus,North America,Micheal Williams,63,306,75.15
8007,Hettinger PLC,2019-10-07,2020-10-06,Elite Plus,Latin America,Lonnie May,75,365,75.0
958,Wunsch LLC,2020-02-21,2021-02-20,Classic,Europe,Sonja Griffin,75,365,75.0
6006,O'Connell - Lehner,2021-10-14,2024-10-13,Elite Plus,North America,Karl Long,224,1095,74.67
6928,"Dibbert, Herzog and Welch",2018-03-21,2018-12-20,Classic,Latin America,Walter Sacha,56,274,74.6
1119,"Hahn, Nienow and Baumbach",2020-11-01,2021-10-31,Classic,Asia,Christopher Little,74,364,74.2
488,Lesch and Sons,2020-07-09,2021-07-08,Elite Plus,North America,Ross Hines,74,364,74.2
3276,Rutherford Inc,2021-06-02,2022-06-01,Elite Plus,North America,Judy Jacobs,74,364,74.2
2665,Daniel - Dietrich,2021-02-28,2022-03-09,Elite Plus,Europe,John Sacker,76,374,74.17
6993,"Aberly, Monahan and Mann",2019-08-20,2020-08-19,Elite Plus,North America,Patty Ingram,74,365,74.0
7035,Satterfield Group,2019-06-20,2020-06-19,Elite Plus,Latin America,Patty Ingram,74,365,74.0
7925,West-Witting,2020-01-19,2021-01-18,Classic,North America,Celia Clayton,74,365,74.0
1331,Stiedemann Group,2021-02-08,2023-10-06,Elite Plus,North America,Alice Cole,195,970,73.38
1405,Cronin - Lehner,2021-02-06,2022-02-05,Elite Plus,North America,Karl Long,73,364,73.2
826,Schimmel LLC,2021-05-05,2022-05-04,Elite Plus,North America,Ramon Garcia,73,364,73.2
2867,Bruen - Schinner,2021-02-17,2021-03-19,Classic,North America,Ramon Garcia,6,30,73.0
8006,Cassle Inc,2019-09-22,2020-09-21,Elite Plus,North America,John Sacker,73,365,73.0
7897,"D'Amore, Douglas and Hintz",2019-08-02,2020-08-01,Elite Plus,Europe,Walter Sacha,73,365,73.0
7262,"Ebert, Raynor and Mackerrel",2019-06-23,2020-06-22,Classic,North America,Angelo Payne,73,365,73.0
6239,Gutkowski - Hessel,2021-08-19,2021-09-18,Classic,Latin America,Tomas Glover,6,30,73.0
5083,Kuhlman - Schumm,2021-07-17,2021-08-16,Classic,Asia,Ross Hines,6,30,73.0
5080,Kuhlman - Schumm,2021-04-26,2021-05-26,Classic,Asia,Ross Hines,6,30,73.0
4866,Muller - Reichert,2021-09-15,2021-10-15,Classic,North America,John Sacker,6,30,73.0
3475,Runte LLC,2021-05-14,2021-06-13,Classic,North America,Sonja Griffin,6,30,73.0
1442,"Schneider, Champlin and O'Connell",2020-01-31,2021-01-30,Elite Plus,North America,Micheal Williams,73,365,73.0
6913,Schuster-Lind,2019-06-23,2020-06-22,Classic,Europe,Walter Sacha,73,365,73.0
1793,"Sipes, O'Hara and Okuneva",2021-08-10,2021-09-09,Classic,Latin America,Grant Cortez,6,30,73.0
1993,Wiza - Robel,2020-10-27,2020-11-26,Classic,North America,Frankie Fletcher,6,30,73.0
7005,Bayer LLC,2018-03-09,2018-09-26,Classic,North America,Cecelia Burgess,40,201,72.64
3559,Tanner - Gaverman,2021-01-05,2022-01-04,Elite Plus,Europe,Grant Cortez,72,364,72.2
398,Zboncak LLC,2021-02-23,2022-02-22,Elite Plus,North America,Marshall Lawson,72,364,72.2
6857,Krajcik Inc,2019-05-13,2020-05-12,Elite Plus,Latin America,Jerald James,72,365,72.0
7906,Sporer LLC,2019-08-29,2020-08-28,Classic,North America,Ross Hines,72,365,72.0
6823,Torphy-Nienow,2019-06-20,2020-06-19,Elite Plus,Latin America,Marshall Lawson,72,365,72.0
7592,Bernier-Boyer,2018-06-12,2019-06-11,Elite Plus,North America,Micheal Williams,71,364,71.2
6677,McKinnon - Jerde,2021-10-19,2022-10-18,Elite Plus,Latin America,Karl Long,71,364,71.2
7292,Olson-Gaverman,2018-11-07,2019-11-06,Classic,North America,Sonja Griffin,71,364,71.2
1329,Stiedemann Group,2021-04-07,2023-12-03,Elite Plus,North America,Alice Cole,189,970,71.12
8232,Agarwalms and Sons,2019-02-21,2020-02-21,Classic,Europe,Ross Hines,71,365,71.0
7948,Lehner-Conroy,2019-09-08,2020-09-07,Elite Plus,Latin America,Grant Cortez,71,365,71.0
7443,"Schulist, Luettgen and Miller",2018-09-23,2019-02-20,Classic,North America,Jerald James,29,150,70.57
5265,Schmeler - Ankunding,2021-07-11,2022-07-10,Elite Plus,North America,John Sacker,70,364,70.19
7330,Zieme-Hermann,2018-11-29,2019-11-28,Classic,Europe,Grant Cortez,70,364,70.19
7993,Gleason-Douglas,2019-09-23,2020-09-22,Classic,North America,Sonja Griffin,70,365,70.0
5583,"Keeling, Jakubowski and Crist",2019-11-15,2020-11-14,Elite Plus,North America,Aloyna Gregory,70,365,70.0
7159,"Sporer, Huel and Cremin",2019-07-23,2020-07-22,Classic,North America,Grant Cortez,70,365,70.0
1071,Wuckert - Collier,2020-12-24,2021-12-23,Elite Plus,Europe,Angelo Payne,69,364,69.19
7549,"Bechel, Ondricka and Abbott",2019-03-18,2020-03-17,Classic,Asia,Frankie Fletcher,69,365,69.0
7601,"Beier, Schmidt and Koepp",2018-01-25,2019-01-25,Classic,Europe,Angelo Payne,69,365,69.0
6814,"Bogisich, Christiansen and Brakus",2019-08-24,2020-08-23,Elite Plus,Latin America,Micheal Williams,69,365,69.0
3404,"Kautzer, Lemke and Hyatt",2021-04-06,2022-04-05,Classic,North America,Tomas Glover,68,364,68.19
7109,Rau Ltd,2019-03-21,2020-03-20,Classic,North America,Grant Cortez,68,365,68.0
6863,Romaguera-Spinka,2019-06-22,2020-06-21,Classic,North America,Phil Baker,68,365,68.0
7222,Ruecker and Sons,2019-08-04,2020-08-03,Elite Plus,North America,Alton Hunt,68,365,68.0
7053,Bergstrom LLC,2019-06-22,2020-05-22,Elite Plus,North America,Cecelia Burgess,62,335,67.55
1581,Conroy Inc,2021-04-21,2022-04-20,Classic,North America,Lonnie May,67,364,67.18
1321,Stiedemann Group,2020-12-16,2021-12-15,Elite Plus,North America,Alice Cole,67,364,67.18
3191,Wolf - Weber,2020-01-05,2021-01-03,Elite Plus,North America,Alton Hunt,67,364,67.18
431,"Hermann, Bernier and Watsica",2020-06-29,2021-06-29,Classic,Europe,Cecelia Burgess,67,365,67.0
2218,"Keebler, Reichel and Butler",2019-11-11,2020-11-10,Classic,North America,Walter Sacha,67,365,67.0
6828,"Watsica, Boone and Kulas",2019-09-23,2020-07-21,Classic,North America,Tomas Glover,55,302,66.47
6151,"Dietrich, Larson and Murazik",2021-02-12,2022-02-11,Elite Plus,Europe,Christopher Little,66,364,66.18
7645,"Eichmann, Batz and Canten",2018-08-24,2019-08-23,Classic,Europe,Ramon Garcia,66,364,66.18
1459,Heathcote Inc,2021-03-04,2022-03-03,Elite Plus,North America,Patty Ingram,66,364,66.18
7542,Jenkins PLC,2019-01-10,2020-01-09,Elite Plus,North America,Ramon Garcia,66,364,66.18
8127,"Gerlach, Reynolds and Cormier",2019-10-18,2020-10-17,Classic,Asia,Sonja Griffin,66,365,66.0
8096,"McClure, Howe and Pfeffer",2019-10-24,2020-10-23,Elite Plus,Europe,Walter Sacha,66,365,66.0
6171,"Dietrich, Larson and Murazik",2022-06-25,2023-06-23,Elite Plus,Europe,Christopher Little,65,363,65.36
990,Mayert - Wintheiser,2020-11-05,2021-10-18,Elite Plus,Europe,Christopher Little,62,347,65.22
5932,Johnston Group,2020-03-27,2021-03-26,Elite Plus,North America,Frankie Fletcher,65,364,65.18
4757,Kemmer Group,2021-01-24,2022-01-23,Elite Plus,Asia,Judy Jacobs,65,364,65.18
7296,Welch and Sons,2018-12-10,2019-12-09,Classic,Latin America,Tomas Glover,65,364,65.18
6965,Labadie Ltd,2019-07-28,2020-07-27,Elite Plus,North America,Marsha Aguilar,65,365,65.0
7922,"Prohaska, Jaskolski and Yost",2019-09-19,2020-09-18,Elite Plus,Latin America,Alice Cole,65,365,65.0
6204,"Dietrich, Larson and Murazik",2020-11-08,2023-05-08,Elite Plus,Europe,Christopher Little,162,911,64.91
8189,Dibbert-Ferry,2019-08-28,2020-02-25,Elite Plus,North America,Judy Jacobs,32,181,64.53
4247,Erdman LLC,2020-05-21,2021-05-20,Classic,Latin America,Marsha Aguilar,64,364,64.18
7460,"Kessler, Agarwal and Grady",2018-03-23,2019-03-22,Classic,Europe,Alton Hunt,64,364,64.18
178,Schinner - Rumsfeld,2020-08-12,2021-08-11,Elite Plus,Europe,Phil Baker,64,364,64.18
8048,Aberly-Canten,2019-09-12,2020-09-11,Classic,Asia,Patty Ingram,64,365,64.0
7920,Kassulke-Barton,2019-08-20,2020-08-19,Classic,Europe,Walter Sacha,64,365,64.0
7269,Mayer-Parisian,2019-09-20,2020-09-19,Classic,North America,Marshall Lawson,64,365,64.0
6094,Sporer - Hills,2020-03-03,2021-03-03,Classic,Latin America,Christopher Little,64,365,64.0
1926,Aleyon Company,2021-06-02,2022-06-01,Elite Plus,North America,Ross Hines,63,364,63.17
3030,"Belfact, O'Connell and Bogan",2021-06-19,2022-06-18,Elite Plus,Europe,Ross Hines,63,364,63.17
4157,Mackerrel LLC,2021-10-28,2022-10-27,Elite Plus,Asia,Aloyna Gregory,63,364,63.17
4582,Renner - Schiller,2022-06-17,2023-06-16,Elite Plus,North America,Judy Jacobs,63,364,63.17
1678,Roberts - Sipes,2020-05-31,2021-05-30,Classic,Latin America,Marshall Lawson,63,364,63.17
7714,"Sporer, Huel and Cremin",2018-12-09,2019-12-08,Classic,North America,Grant Cortez,63,364,63.17
8173,"Lowe, Kautzer and Ward",2019-11-26,2020-11-25,Classic,Asia,Frankie Fletcher,63,365,63.0
7890,"Schulist, Luettgen and Miller",2019-09-23,2020-09-22,Classic,North America,Jerald James,63,365,63.0
6979,Zamber-Cassle,2019-06-23,2020-06-22,Classic,North America,Tomas Glover,63,365,63.0
2868,Bruen - Schinner,2021-04-30,2021-05-29,Classic,North America,Ramon Garcia,5,29,62.93
4353,Ebert - Lowe,2021-07-31,2021-08-29,Classic,Latin America,Patty Ingram,5,29,62.93
297,Franecki Group,2021-08-04,2021-09-02,Classic,Europe,Aloyna Gregory,5,29,62.93
152,Jacobi Group,2021-07-11,2021-08-09,Classic,Latin America,Alice Cole,5,29,62.93
572,Mann - Mauston,2021-11-13,2021-12-12,Classic,Latin America,Walter Sacha,5,29,62.93
786,Ponting - Keeling,2021-09-25,2021-10-24,Classic,Latin America,Jerald James,5,29,62.93
782,Ponting - Keeling,2021-06-17,2021-07-16,Classic,Latin America,Jerald James,5,29,62.93
881,"Schuppe, Schumm and Littel",2021-10-10,2021-11-08,Classic,Latin America,Micheal Williams,5,29,62.93
5345,Stantner - Doyle,2021-07-04,2021-08-02,Classic,Latin America,Micheal Williams,5,29,62.93
2744,"Volkman, Ponting and Stanton",2021-06-06,2021-07-05,Classic,Europe,Karl Long,5,29,62.93
8117,"Bogisich, Simonis and Heller",2019-10-30,2020-08-18,Elite Plus,Europe,Marsha Aguilar,50,293,62.29
7658,Barton Inc,2018-01-24,2019-01-23,Classic,North America,Angelo Payne,62,364,62.17
7327,Koelpin-Nitzsche,2018-12-27,2019-12-26,Elite Plus,Latin America,Tomas Glover,62,364,62.17
7511,"Sporer, Huel and Cremin",2018-12-09,2019-12-08,Classic,North America,Grant Cortez,62,364,62.17
1322,Stiedemann Group,2021-01-11,2022-01-10,Elite Plus,North America,Alice Cole,62,364,62.17
7038,Cole-Towne,2019-03-21,2020-03-20,Classic,North America,Marshall Lawson,62,365,62.0
5582,"Keeling, Jakubowski and Crist",2019-10-25,2020-10-24,Elite Plus,North America,Aloyna Gregory,62,365,62.0
7838,Mante Inc,2019-06-13,2020-06-12,Classic,Europe,John Sacker,62,365,62.0
2270,"Kutch, Gerhold and Quitzon",2021-06-06,2024-06-05,Elite Plus,Europe,Karl Long,185,1095,61.67
3445,Konopelski - Mayer,2020-07-05,2021-07-04,Elite Plus,Europe,Karl Long,61,364,61.17
7880,Ponting and Sons,2018-09-27,2019-09-26,Elite Plus,Latin America,Aloyna Gregory,61,364,61.17
6898,Kozey Group,2019-06-12,2020-06-11,Classic,North America,Phil Baker,61,365,61.0
7949,Mills and Sons,2019-10-25,2020-10-24,Classic,North America,Alice Cole,61,365,61.0
6394,"Quigley, Veum and Reilly",2020-02-03,2021-02-02,Elite Plus,North America,Angelo Payne,61,365,61.0
3670,Beer - Belfact,2021-01-29,2021-02-28,Classic,Europe,Cecelia Burgess,5,30,60.83
6971,Brakus Ltd,2018-06-23,2018-07-23,Elite Plus,Latin America,Alton Hunt,5,30,60.83
5409,"Cronin, Canten and Langosh",2021-03-22,2021-04-21,Classic,Asia,John Sacker,5,30,60.83
5891,"Gleichner, Nikolaus and Raynor",2021-01-19,2021-02-18,Classic,North America,Frankie Fletcher,5,30,60.83
1023,Koss - Streich,2021-10-08,2021-11-07,Classic,North America,Karl Long,5,30,60.83
5085,Kuhlman - Schumm,2021-09-09,2021-10-09,Classic,Asia,Ross Hines,5,30,60.83
879,"Schuppe, Schumm and Littel",2021-05-28,2021-06-27,Classic,Latin America,Micheal Williams,5,30,60.83
2693,Torphy - Ledner,2021-04-14,2021-05-14,Classic,North America,Tomas Glover,5,30,60.83
4635,"Watsica, Leannon and McCullough",2021-04-14,2021-05-14,Classic,North America,Phil Baker,5,30,60.83
7639,"Nitzsche, Prohaska and Lind",2018-11-27,2019-11-26,Classic,North America,Grant Cortez,60,364,60.16
7486,"Runte, Lueilwitz and Doyle",2018-07-03,2019-07-02,Elite Plus,Asia,Aloyna Gregory,60,364,60.16
3681,"Schmitt, Purdy and Reichel",2022-04-24,2023-04-23,Elite Plus,North America,Christopher Little,60,364,60.16
7782,Wehner Inc,2019-02-04,2020-02-03,Classic,North America,Cecelia Burgess,60,364,60.16
6994,"Johnson, Keebler and Harber",2019-08-22,2020-08-21,Elite Plus,Latin America,Ramon Garcia,60,365,60.0
7063,"Muller, Durgan and Schumm",2019-06-23,2020-06-22,Elite Plus,Latin America,Marsha Aguilar,60,365,60.0
8239,"Rath, Casper and Jerde",2019-06-02,2020-06-01,Classic,Europe,Lonnie May,60,365,60.0
7914,Stamm PLC,2019-09-09,2020-09-08,Elite Plus,North America,Lonnie May,60,365,60.0
6313,Baumbach - Zamber,2021-11-16,2022-11-15,Elite Plus,Europe,Lonnie May,59,364,59.16
7147,"Braun, Leffler and Hessel",2018-09-13,2019-09-12,Elite Plus,Latin America,Christopher Little,59,364,59.16
8221,"D'Amore, Douglas and Hintz",2018-08-02,2019-08-01,Elite Plus,Europe,Walter Sacha,59,364,59.16
5559,Gislason LLC,2020-11-19,2021-11-18,Elite Plus,Asia,Marshall Lawson,59,364,59.16
480,"Klocko, Runolfsson and Langosh",2020-05-13,2021-05-12,Elite Plus,North America,Ross Hines,59,364,59.16
7416,"Lowe, Kautzer and Ward",2019-01-24,2020-01-23,Classic,Asia,Frankie Fletcher,59,364,59.16
796,Schimmel LLC,2020-12-09,2021-12-08,Elite Plus,North America,Ramon Garcia,59,364,59.16
5429,Schmitt - Zieme,2021-02-11,2022-02-10,Elite Plus,Asia,Walter Sacha,59,364,59.16
2686,Hegmann - Mayert,2021-07-07,2022-05-06,Elite Plus,North America,Alton Hunt,49,303,59.03
6880,"Block, Jacobi and Mueller",2019-06-07,2020-06-06,Elite Plus,North America,Dana Henderson,59,365,59.0
2278,"Hintz, Bogan and Breitenberg",2022-08-20,2024-08-19,Elite Plus,Europe,Marsha Aguilar,118,730,59.0
1957,"Feil, Norman and Mayer",2020-03-17,2021-03-16,Elite Plus,Europe,Marshall Lawson,58,364,58.16
5424,"King, Crooks and Ankunding",2020-05-23,2021-05-22,Classic,Europe,Phil Baker,58,364,58.16
7518,"Sporer, Huel and Cremin",2018-12-09,2019-12-08,Classic,North America,Grant Cortez,58,364,58.16
7964,Mayer LLC,2019-09-05,2020-09-04,Elite Plus,Europe,Alice Cole,58,365,58.0
1110,Bradtke - Goyette,2020-05-16,2020-11-21,Classic,Europe,Christopher Little,30,189,57.94
2227,D'Amore Group,2019-09-30,2020-06-29,Classic,North America,Karl Long,43,273,57.49
1634,Greenholt - Farrell,2021-10-30,2022-10-29,Elite Plus,Asia,Grant Cortez,57,364,57.16
7391,Welch and Sons,2018-12-10,2019-12-09,Classic,Latin America,Tomas Glover,57,364,57.16
6776,"Conroy, Pfannerstill and Sauer",2019-04-03,2020-04-02,Elite Plus,Latin America,Grant Cortez,57,365,57.0
5828,"Hilll, Friesen and O'Connell",2021-10-31,2022-10-30,Elite Plus,North America,Marsha Aguilar,56,364,56.15
8180,Jacobs-Emard,2018-12-23,2019-12-22,Elite Plus,North America,Tomas Glover,56,364,56.15
7756,"Schulist, Luettgen and Miller",2018-09-23,2019-09-22,Classic,North America,Jerald James,56,364,56.15
7037,"DuBuque, Jakubowski and Buckridge",2019-09-03,2020-09-02,Elite Plus,North America,Celia Clayton,56,365,56.0
5587,"Keeling, Jakubowski and Crist",2023-10-26,2024-10-25,Elite Plus,North America,Aloyna Gregory,56,365,56.0
7517,"Quitzon, Bon and Trantow",2018-06-13,2019-06-13,Classic,North America,Alton Hunt,56,365,56.0
3031,"Belfact, O'Connell and Bogan",2021-04-10,2022-04-09,Elite Plus,Europe,Ross Hines,55,364,55.15
7739,"Rumsfeld, Batz and Heaney",2018-06-07,2019-06-06,Elite Plus,North America,Celia Clayton,55,364,55.15
897,"Schuppe, Kuhic and Kerluke",2021-07-17,2022-07-16,Elite Plus,North America,Walter Sacha,55,364,55.15
3099,Shields Inc,2021-05-20,2023-05-19,Classic,Europe,Ramon Garcia,110,729,55.08
7687,Chechauski-Bergstrom,2019-09-20,2020-09-19,Classic,North America,Angelo Payne,55,365,55.0
7649,"Schulist, Luettgen and Miller",2018-02-21,2018-09-22,Classic,North America,Jerald James,32,213,54.84
68,Marks and Sons,2021-06-28,2022-01-28,Elite Plus,Europe,Karl Long,32,214,54.58
4412,"Koss, Jaskolski and O'Connell",2020-03-04,2021-01-01,Classic,North America,Karl Long,45,303,54.21
7745,Douglas-Muller,2018-09-20,2019-09-19,Classic,Europe,Christopher Little,54,364,54.15
5191,"Klein, Emmerich and Farrell",2020-07-31,2021-07-30,Elite Plus,Europe,Lonnie May,54,364,54.15
728,Morissette Group,2020-05-29,2021-05-28,Elite Plus,Asia,Ross Hines,54,364,54.15
5120,"Thiel, Klocko and Hilpert",2021-11-13,2022-11-12,Elite Plus,Europe,Grant Cortez,54,364,54.15
4201,Turcotte - Kling,2020-08-07,2022-02-05,Classic,North America,Christopher Little,81,547,54.05
6895,Glover and Sons,2019-06-18,2020-06-17,Classic,North America,Cecelia Burgess,54,365,54.0
7118,Kassulke-Barton,2019-06-13,2020-06-12,Classic,Europe,Walter Sacha,54,365,54.0
6815,Raynor-Crooks,2019-08-24,2020-08-23,Elite Plus,Asia,Ramon Garcia,54,365,54.0
4599,Renner - Schiller,2023-03-08,2024-03-07,Elite Plus,North America,Judy Jacobs,54,365,54.0
1294,"Barrows, Raynor and Funk",2020-03-19,2021-03-20,Classic,Latin America,Lonnie May,54,366,53.85
5143,"Leffler, Kertzmann and Heathcote",2022-02-01,2023-01-31,Elite Plus,North America,Grant Cortez,53,364,53.15
7766,"Rumsfeld, Batz and Heaney",2018-06-07,2019-06-06,Elite Plus,North America,Celia Clayton,53,364,53.15
7345,Spinka-McClure,2018-12-21,2019-12-20,Classic,North America,Marsha Aguilar,53,364,53.15
8069,Eichmann Ltd,2019-10-22,2020-10-21,Elite Plus,North America,Sonja Griffin,53,365,53.0
7882,Albertson-Belfact,2018-10-20,2019-10-19,Classic,Asia,Grant Cortez,52,364,52.14
1416,Gaylord Group,2021-06-23,2022-06-22,Elite Plus,Asia,Marsha Aguilar,52,364,52.14
7319,"Greenfelder, Johns and Buckridge",2018-12-23,2019-12-22,Classic,North America,Micheal Williams,52,364,52.14
7214,"Fahey, Simonis and Dickens",2019-04-01,2020-03-31,Elite Plus,Latin America,Alton Hunt,52,365,52.0
7818,Murphy-Rosemont,2019-06-23,2020-06-22,Classic,North America,Lonnie May,52,365,52.0
6809,Murphy-Rosemont,2020-02-22,2020-06-22,Classic,North America,Lonnie May,17,121,51.28
4272,Hamill - Kuphal,2021-04-21,2022-04-20,Elite Plus,Europe,Tomas Glover,51,364,51.14
1766,Hane - Oberbrunner,2020-06-23,2021-06-22,Elite Plus,Asia,Judy Jacobs,51,364,51.14
7800,Haley-Powlowski,2019-03-24,2020-03-23,Classic,Europe,Jerald James,51,365,51.0
5176,"Abtel, Rumsfeld andTruman",2021-10-04,2021-11-02,Classic,Latin America,Micheal Williams,4,29,50.34
290,Franecki Group,2021-06-07,2021-07-06,Classic,Europe,Aloyna Gregory,4,29,50.34
3133,Frost - Rumsfeld,2021-10-03,2021-11-01,Classic,North America,Frankie Fletcher,4,29,50.34
5969,Gaverman - Boyer,2021-11-01,2021-11-30,Classic,Asia,Judy Jacobs,4,29,50.34
6571,"Gutmann, Brakus and Rutherford",2021-04-20,2021-05-19,Classic,North America,Christopher Little,4,29,50.34
4406,"Gutmann, Fadel and Klein",2021-10-15,2021-11-13,Classic,North America,Grant Cortez,4,29,50.34
4114,Hartmann - Bergstrom,2021-06-07,2021-07-06,Classic,Europe,Sonja Griffin,4,29,50.34
2833,Hilpert and Sons,2021-04-12,2021-05-11,Classic,North America,Marsha Aguilar,4,29,50.34
6437,Huel - Harber,2021-02-25,2021-03-26,Classic,Latin America,Judy Jacobs,4,29,50.34
4256,Kshlerin Group,2021-05-13,2021-06-11,Classic,Latin America,Aloyna Gregory,4,29,50.34
4861,Muller - Reichert,2021-06-08,2021-07-07,Classic,North America,John Sacker,4,29,50.34
2022,Roob - Halvorson,2021-11-02,2021-12-01,Classic,North America,Marsha Aguilar,4,29,50.34
3764,Runte Group,2021-08-02,2021-08-31,Classic,Latin America,Karl Long,4,29,50.34
3763,Runte Group,2021-07-05,2021-08-03,Classic,Latin America,Karl Long,4,29,50.34
1699,Schumm - Feil,2021-08-04,2021-09-02,Classic,Latin America,Patty Ingram,4,29,50.34
2994,Yost - Kemmer,2021-09-12,2021-10-11,Classic,Latin America,Celia Clayton,4,29,50.34
7483,"Beier, Boone and Schoen",2018-03-20,2019-03-19,Elite Plus,Latin America,Angelo Payne,50,364,50.14
6012,"Deckow, Rempel and Orn",2021-11-14,2022-11-13,Elite Plus,Latin America,Christopher Little,50,364,50.14
8190,"Nolan, Gupta and Wisozk",2018-05-25,2019-05-24,Classic,Latin America,Ross Hines,50,364,50.14
1589,Renner - Kozey,2021-11-02,2022-11-01,Elite Plus,North America,Dana Henderson,50,364,50.14
5336,Schmeler - Little,2021-05-10,2022-05-09,Elite Plus,Europe,Frankie Fletcher,50,364,50.14
1804,Schuster - Torp,2020-09-03,2021-09-02,Elite Plus,North America,Ramon Garcia,50,364,50.14
5983,Stehr and Sons,2020-09-10,2021-09-09,Elite Plus,North America,Phil Baker,50,364,50.14
1438,"Schneider, Champlin and O'Connell",2020-02-24,2021-02-23,Elite Plus,North America,Micheal Williams,50,365,50.0
255,Nader LLC,2021-06-07,2022-12-14,Elite Plus,Europe,Marshall Lawson,76,555,49.98
7878,Hudson Group,2018-06-22,2018-12-23,Classic,North America,Patty Ingram,25,184,49.59
2676,Lowe Inc,2021-04-10,2022-04-09,Elite Plus,North America,Marshall Lawson,49,364,49.13
2581,"Marks, Russel and Hudson",2020-06-16,2021-06-15,Elite Plus,North America,Alice Cole,49,364,49.13
1912,Osinski - Kilback,2021-03-28,2022-03-27,Elite Plus,Europe,Angelo Payne,49,364,49.13
1731,Smitham Group,2020-12-24,2021-12-23,Elite Plus,North America,Jerald James,49,364,49.13
6871,"Bechel, Ondricka and Abbott",2019-04-14,2020-04-13,Classic,Asia,Frankie Fletcher,49,365,49.0
1260,"Bashirian, MacGyver and Gleichner",2021-10-03,2021-11-02,Classic,Latin America,Frankie Fletcher,4,30,48.67
6557,"Bogan, Bogisich and Ernser",2021-02-08,2021-03-10,Classic,Asia,Ramon Garcia,4,30,48.67
2953,Brakus - Stantner,2021-08-17,2021-09-16,Classic,Latin America,Jerald James,4,30,48.67
295,Franecki Group,2021-09-15,2021-10-15,Classic,Europe,Aloyna Gregory,4,30,48.67
293,Franecki Group,2021-07-24,2021-08-23,Classic,Europe,Aloyna Gregory,4,30,48.67
4654,Raynor - Howell,2021-06-16,2021-07-16,Classic,Latin America,Cecelia Burgess,4,30,48.67
360,Yost - Hettinger,2021-02-18,2021-03-20,Classic,Latin America,Frankie Fletcher,4,30,48.67
7864,"D'Amore, Douglas and Hintz",2019-01-17,2019-08-01,Elite Plus,Europe,Walter Sacha,26,196,48.42
2815,Mosciski - Prosacco,2022-05-29,2022-12-11,Elite Plus,North America,Aloyna Gregory,26,196,48.42
7810,Nitzsche-Kulas,2019-02-05,2020-02-04,Elite Plus,Latin America,Frankie Fletcher,48,364,48.13
4524,Reynolds LLC,2020-07-29,2021-07-28,Elite Plus,North America,Marsha Aguilar,48,364,48.13
4315,Wolff - Harvey,2022-01-06,2023-01-05,Elite Plus,Asia,Marsha Aguilar,48,364,48.13
7536,"Aberly, Monahan and Mann",2019-08-20,2020-08-19,Elite Plus,North America,Patty Ingram,48,365,48.0
8032,Blick-Ondricka,2019-09-23,2020-09-22,Classic,North America,Sonja Griffin,48,365,48.0
2713,Mertz - Boone,2021-02-05,2022-05-21,Elite Plus,Europe,Alton Hunt,61,470,47.37
7354,Barton Group,2018-02-19,2019-02-18,Classic,North America,Aloyna Gregory,47,364,47.13
8199,Bruen LLC,2018-12-06,2019-12-05,Elite Plus,Europe,Patty Ingram,47,364,47.13
646,"Goodwin, O'Reilly and Buckridge",2020-03-14,2021-03-13,Elite Plus,North America,Judy Jacobs,47,364,47.13
6886,"Ledner, Ebert and Gibson",2019-05-08,2020-05-07,Classic,North America,Grant Cortez,47,365,47.0
5572,Murray LLC,2020-01-08,2021-01-08,Classic,Europe,Celia Clayton,47,366,46.87
7057,Goyette-Kassulke,2018-11-23,2019-11-22,Classic,Europe,John Sacker,46,364,46.13
7560,"Rowe, Wyman and Rau",2018-06-03,2019-06-02,Elite Plus,Latin America,Dana Henderson,46,364,46.13
573,Schinner LLC,2020-04-23,2021-04-22,Elite Plus,North America,Marshall Lawson,46,364,46.13
7027,Kuhic-Swaniawski,2019-05-05,2020-05-04,Elite Plus,Latin America,Cecelia Burgess,46,365,46.0
7934,Schuppe-Hills,2019-08-23,2020-08-22,Classic,North America,Angelo Payne,46,365,46.0
4731,"Gutkowski, Windler and Kunze",2020-01-18,2020-11-10,Classic,Latin America,Celia Clayton,37,297,45.47
7276,Green-Cassin,2018-10-24,2019-10-23,Classic,North America,Sonja Griffin,45,364,45.12
6031,McDermott LLC,2021-08-20,2022-08-19,Classic,Latin America,Cecelia Burgess,45,364,45.12
6414,"Quigley, Veum and Reilly",2021-03-11,2022-03-10,Elite Plus,North America,Angelo Payne,45,364,45.12
1425,"West, Toy and Cummings",2021-02-13,2022-02-12,Elite Plus,North America,Grant Cortez,45,364,45.12
1085,Wuckert - Collier,2022-01-02,2023-01-01,Elite Plus,Europe,Angelo Payne,45,364,45.12
7523,Campbelll LLC,2019-09-23,2020-09-22,Classic,North America,Christopher Little,45,365,45.0
8191,Heller and Sons,2018-01-23,2019-01-23,Elite Plus,North America,Patty Ingram,44,365,44.0
7011,"Dibbert, Herzog and Welch",2018-03-21,2018-12-20,Classic,Latin America,Walter Sacha,33,274,43.96
7463,"Ledner, Ebert and Gibson",2018-05-24,2019-03-22,Classic,North America,Grant Cortez,36,302,43.51
7911,Hill Group,2019-10-15,2020-02-27,Classic,North America,Aloyna Gregory,16,135,43.26
7665,"Frost, Agarwaliamson and Hane",2018-12-12,2019-12-11,Classic,North America,Frankie Fletcher,43,364,43.12
3362,"Hermann, Hilll and Klein",2021-02-17,2022-02-16,Elite Plus,North America,Cecelia Burgess,43,364,43.12
4578,Renner - Schiller,2021-05-01,2022-04-30,Elite Plus,North America,Judy Jacobs,43,364,43.12
1679,Roberts - Sipes,2020-04-24,2021-04-23,Classic,Latin America,Marshall Lawson,43,364,43.12
7496,Romaguera-Durgan,2018-11-13,2019-11-12,Elite Plus,North America,Alton Hunt,43,364,43.12
7780,Wehner Inc,2019-02-04,2020-02-03,Classic,North America,Cecelia Burgess,43,364,43.12
6812,Barton Inc,2019-06-22,2020-06-21,Classic,North America,Angelo Payne,43,365,43.0
7545,"Johns, Keebler and Erdman",2019-09-04,2020-09-03,Elite Plus,Latin America,Karl Long,43,365,43.0
2521,"Leffler, Lesch and Halvorson",2023-06-26,2024-06-25,Elite Plus,North America,Ross Hines,43,365,43.0
5574,Murray LLC,2020-02-16,2021-02-16,Classic,Europe,Celia Clayton,43,366,42.88
6700,Bogisich and Sons,2020-09-06,2021-09-05,Elite Plus,North America,Grant Cortez,42,364,42.12
1048,"Johnson, Farrell and Zieme",2020-08-26,2021-08-25,Elite Plus,North America,Aloyna Gregory,42,364,42.12
5925,Johnston Group,2020-06-27,2021-06-26,Elite Plus,North America,Frankie Fletcher,42,364,42.12
7105,Konopelski Ltd,2018-09-20,2019-09-19,Classic,Europe,Lonnie May,42,364,42.12
1990,"Mills, Ziemann and Pfeffer",2021-01-15,2022-01-14,Elite Plus,North America,Celia Clayton,42,364,42.12
528,Orn - Brown,2020-10-11,2021-10-10,Classic,Europe,Walter Sacha,42,364,42.12
1531,Tillman LLC,2020-05-16,2021-05-15,Elite Plus,Europe,Alton Hunt,42,364,42.12
7119,Kassulke-Barton,2019-06-13,2020-06-12,Classic,Europe,Walter Sacha,42,365,42.0
1003,Larson - Bundel,2023-05-06,2024-05-05,Elite Plus,North America,Angelo Payne,42,365,42.0
2073,Gleason and Sons,2021-06-11,2022-06-10,Elite Plus,North America,John Sacker,41,364,41.11
992,Larson - Bundel,2021-09-21,2022-09-20,Elite Plus,North America,Angelo Payne,41,364,41.11
486,Lesch and Sons,2020-10-28,2021-10-27,Elite Plus,North America,Ross Hines,41,364,41.11
1986,"Mills, Ziemann and Pfeffer",2021-03-29,2022-03-28,Elite Plus,North America,Celia Clayton,41,364,41.11
7952,Jacobi-Butler,2019-09-19,2020-09-18,Classic,Europe,Micheal Williams,41,365,41.0
7609,Mann-Baumbach,2019-05-13,2020-01-12,Classic,Latin America,Karl Long,27,244,40.39
5709,"Heidenreich, Hauck and Koelpin",2020-10-24,2021-10-23,Elite Plus,Asia,Marsha Aguilar,40,364,40.11
2554,Murray - Dicki,2021-08-22,2022-08-21,Elite Plus,North America,Christopher Little,40,364,40.11
7953,Jacobi-Butler,2019-09-19,2020-09-18,Classic,Europe,Micheal Williams,40,365,40.0
7833,Medhurst-White,2019-08-25,2020-08-24,Classic,Europe,Christopher Little,40,365,40.0
5141,"Leffler, Kertzmann and Heathcote",2021-12-12,2022-12-11,Elite Plus,North America,Grant Cortez,39,364,39.11
194,Schoen LLC,2020-12-22,2021-12-21,Elite Plus,Asia,Karl Long,39,364,39.11
8233,Agarwalms and Sons,2019-02-21,2020-02-21,Classic,Europe,Ross Hines,39,365,39.0
6925,"Keeling, Jacobson and Boyer",2019-07-19,2020-07-18,Classic,North America,Jerald James,39,365,39.0
5150,"Leffler, Kertzmann and Heathcote",2020-03-11,2021-03-11,Elite Plus,North America,Grant Cortez,39,365,39.0
7842,"Macejkovic, Zamber and Grady",2019-08-24,2020-08-23,Elite Plus,Latin America,Ramon Garcia,39,365,39.0
8056,Sauer Ltd,2019-12-24,2020-12-23,Classic,Europe,Phil Baker,39,365,39.0
5546,Oberbrunner Inc,2021-11-20,2024-08-10,Elite Plus,North America,Karl Long,104,994,38.19
6474,Greenholt LLC,2020-04-15,2021-04-14,Elite Plus,Europe,Alton Hunt,38,364,38.1
6869,"Stanton, Homenick and Donnelly",2018-06-21,2019-06-20,Classic,North America,Cecelia Burgess,38,364,38.1
3190,Wolf - Weber,2020-03-13,2021-03-12,Elite Plus,North America,Alton Hunt,38,364,38.1
8047,Aberly-Canten,2019-09-12,2020-09-11,Classic,Asia,Patty Ingram,38,365,38.0
7516,"Quitzon, Bon and Trantow",2018-06-13,2019-06-13,Classic,North America,Alton Hunt,38,365,38.0
4815,Bashirian - Mante,2021-11-15,2021-12-14,Classic,Europe,Micheal Williams,3,29,37.76
1672,"Bernier, West and Pimpernel",2021-01-21,2021-02-19,Classic,Latin America,Lonnie May,3,29,37.76
5202,Canten - Larson,2021-11-14,2021-12-13,Classic,Latin America,Alton Hunt,3,29,37.76
4388,Kilback - Kuphal,2021-06-30,2021-07-29,Classic,North America,Ramon Garcia,3,29,37.76
3735,McClure LLC,2021-06-26,2021-07-25,Classic,Asia,Lonnie May,3,29,37.76
4840,Murphy LLC,2021-10-13,2021-11-11,Classic,Europe,Marsha Aguilar,3,29,37.76
530,Orn - Brown,2021-06-30,2021-07-29,Classic,Europe,Walter Sacha,3,29,37.76
6046,"Pollich, Dicki and Albertson",2021-06-14,2021-07-13,Classic,North America,Walter Sacha,3,29,37.76
4631,"Watsica, Leannon and McCullough",2021-04-22,2021-05-21,Classic,North America,Phil Baker,3,29,37.76
4700,Mayer - Kling,2020-11-26,2023-11-25,Elite Plus,Asia,Frankie Fletcher,113,1094,37.7
5743,Jaskolski LLC,2021-11-03,2024-11-02,Classic,Latin America,Angelo Payne,113,1095,37.67
819,Schimmel LLC,2021-04-29,2024-04-29,Elite Plus,North America,Ramon Garcia,113,1096,37.63
7401,Cassle Inc,2018-12-04,2019-12-03,Elite Plus,North America,John Sacker,37,364,37.1
2243,D'Amore Group,2020-06-22,2021-06-21,Classic,North America,Karl Long,37,364,37.1
6206,"Dietrich, Larson and Murazik",2020-12-29,2021-12-28,Elite Plus,Europe,Christopher Little,37,364,37.1
6405,"Quigley, Veum and Reilly",2020-11-07,2021-11-06,Elite Plus,North America,Angelo Payne,37,364,37.1
2388,"Hilll, Kohler and Brown",2023-05-31,2024-05-30,Elite Plus,Europe,Patty Ingram,37,365,37.0
7087,Reichel-Heidenreich,2019-06-20,2020-06-19,Classic,Europe,Patty Ingram,37,365,37.0
7366,"Brekke, Hayes and Ankunding",2018-12-24,2019-03-23,Elite Plus,Latin America,Jerald James,9,89,36.91
847,Bechtelar - Connelly,2021-09-08,2021-10-08,Classic,North America,Sonja Griffin,3,30,36.5
5973,"Block, Kassulke and Murray",2020-10-28,2020-11-27,Classic,Asia,Aloyna Gregory,3,30,36.5
5410,"Cronin, Canten and Langosh",2021-05-12,2021-06-11,Classic,Asia,John Sacker,3,30,36.5
4011,"Cummerata, Legros and Kohler",2021-07-10,2021-08-09,Classic,Europe,Angelo Payne,3,30,36.5
2838,Hilpert and Sons,2021-09-15,2021-10-15,Classic,North America,Marsha Aguilar,3,30,36.5
2840,Hilpert and Sons,2021-07-22,2021-08-21,Classic,North America,Marsha Aguilar,3,30,36.5
2836,Hilpert and Sons,2021-07-03,2021-08-02,Classic,North America,Marsha Aguilar,3,30,36.5
722,Huels - Mante,2021-02-18,2021-03-20,Classic,Latin America,Christopher Little,3,30,36.5
2377,Nader Group,2020-12-21,2021-01-20,Classic,Asia,Lonnie May,3,30,36.5
784,Ponting - Keeling,2021-09-07,2021-10-07,Classic,Latin America,Jerald James,3,30,36.5
3761,Runte Group,2021-10-04,2021-11-03,Classic,Latin America,Karl Long,3,30,36.5
5529,Stantner LLC,2021-05-08,2021-06-07,Classic,North America,Jerald James,3,30,36.5
2692,Torphy - Ledner,2021-07-18,2021-08-17,Classic,North America,Tomas Glover,3,30,36.5
5629,"Stiedemann, Labadie and Prosacco",2021-08-01,2021-11-30,Elite Plus,North America,Ramon Garcia,12,121,36.2
3962,"Gaylord, Fay and Frost",2020-07-08,2021-07-07,Elite Plus,Asia,Phil Baker,36,364,36.1
7094,Grant-Lemke,2018-08-20,2019-08-19,Elite Plus,Latin America,Angelo Payne,36,364,36.1
6415,"Quigley, Veum and Reilly",2021-03-31,2022-03-30,Elite Plus,North America,Angelo Payne,36,364,36.1
6714,Friesen Group,2022-01-22,2024-01-22,Elite Plus,Asia,Phil Baker,72,730,36.0
2896,"Bernier, Metz and Fay",2021-06-14,2022-06-13,Elite Plus,North America,Grant Cortez,35,364,35.1
7883,Cremin-Stracke,2018-06-01,2019-05-31,Classic,North America,Ramon Garcia,35,364,35.1
3540,"O'Connell, Stehr and Schuppe",2022-08-14,2023-08-13,Elite Plus,Asia,Grant Cortez,35,364,35.1
5364,"O'Kon, Langosh and Kihn",2021-05-04,2022-05-03,Classic,Latin America,Jerald James,35,364,35.1
7580,Olson-Gaverman,2018-06-04,2019-06-03,Classic,North America,Sonja Griffin,34,364,34.09
336,Pouros - Ward,2021-04-03,2022-04-02,Elite Plus,North America,Karl Long,34,364,34.09
3778,Stracke - Cassin,2021-05-23,2022-05-22,Elite Plus,North America,Lonnie May,34,364,34.09
4684,Wolf - Kemmer,2021-08-02,2022-08-01,Elite Plus,Asia,Micheal Williams,34,364,34.09
8131,Langworth Ltd,2019-12-17,2020-12-16,Classic,Europe,Angelo Payne,34,365,34.0
6927,"Lemke, Nitzsche and Bergstrom",2019-06-03,2020-06-02,Classic,North America,Christopher Little,34,365,34.0
2000,Wiza - Robel,2021-11-19,2022-11-19,Classic,North America,Frankie Fletcher,34,365,34.0
957,Wunsch LLC,2019-12-19,2020-12-18,Classic,Europe,Sonja Griffin,34,365,34.0
7862,"D'Amore, Douglas and Hintz",2019-01-17,2019-08-01,Elite Plus,Europe,Walter Sacha,18,196,33.52
2259,Beier Inc,2021-07-09,2022-07-08,Elite Plus,Europe,Walter Sacha,33,364,33.09
2678,Lowe Inc,2021-12-27,2022-12-26,Elite Plus,North America,Marshall Lawson,33,364,33.09
73,Beier Group,2021-08-24,2024-08-23,Elite Plus,Europe,Frankie Fletcher,99,1095,33.0
7164,Friesen and Sons,2019-04-22,2020-04-21,Classic,Europe,Ramon Garcia,33,365,33.0
7431,"Turcotte, Kuhic and Keeling",2018-04-23,2019-02-19,Classic,North America,John Sacker,27,302,32.63
1636,Greenholt - Farrell,2021-07-27,2022-07-26,Elite Plus,Asia,Grant Cortez,32,364,32.09
7417,"Lowe, Kautzer and Ward",2019-01-24,2020-01-23,Classic,Asia,Frankie Fletcher,32,364,32.09
5249,Schmeler - Ankunding,2020-04-25,2021-04-24,Elite Plus,North America,John Sacker,32,364,32.09
7775,"Effertz, Lebsack and Mosciski",2018-07-24,2018-09-19,Classic,North America,Ramon Garcia,5,57,32.02
6565,"Gutmann, Brakus and Rutherford",2020-05-17,2021-05-17,Classic,North America,Christopher Little,32,365,32.0
3685,"Schmitt, Purdy and Reichel",2023-04-16,2024-04-15,Elite Plus,North America,Christopher Little,32,365,32.0
3750,Runte Group,2020-12-24,2022-01-20,Classic,Latin America,Karl Long,34,392,31.66
1574,Bins LLC,2020-06-19,2021-06-18,Elite Plus,Europe,Judy Jacobs,31,364,31.09
996,Larson - Bundel,2021-06-01,2022-05-31,Elite Plus,North America,Angelo Payne,31,364,31.09
7392,Mills and Sons,2018-10-25,2019-10-24,Classic,North America,Alice Cole,31,364,31.09
7088,Buckridge-SchamBundelr,2019-05-19,2020-05-18,Elite Plus,Asia,Celia Clayton,31,365,31.0
5514,Gammendor - O'Reilly,2020-05-27,2021-05-27,Classic,North America,Angelo Payne,31,365,31.0
7994,Gleason-Douglas,2019-09-23,2020-09-22,Classic,North America,Sonja Griffin,31,365,31.0
7259,"Hamill, Rice and King",2019-07-09,2020-07-08,Elite Plus,Latin America,Sonja Griffin,31,365,31.0
37,"Kessler, Steuber and Abbott",2020-06-19,2021-06-19,Classic,North America,Grant Cortez,31,365,31.0
7807,"Treutel, Kihn and Kutch",2019-04-19,2020-04-18,Elite Plus,Latin America,Celia Clayton,31,365,31.0
2230,D'Amore Group,2019-10-31,2020-07-30,Classic,North America,Karl Long,23,273,30.75
7161,Bergstrom Group,2018-08-07,2019-08-06,Elite Plus,Latin America,Dana Henderson,30,364,30.08
6792,Green-Cassin,2018-08-19,2019-08-18,Classic,North America,Sonja Griffin,30,364,30.08
7696,"Smitham, Bins and Bins",2018-12-24,2019-12-23,Classic,Europe,Marshall Lawson,30,364,30.08
4203,Turcotte - Kling,2021-04-07,2021-10-06,Classic,North America,Christopher Little,15,182,30.08
3515,Larson - Heaney,2021-11-06,2024-03-06,Elite Plus,Asia,Marshall Lawson,70,851,30.02
4843,"Dibbert, Flatley and Mitchell",2019-11-29,2020-11-28,Elite Plus,Europe,Phil Baker,30,365,30.0
6876,Huels-Parker,2019-04-16,2020-04-15,Classic,North America,Marshall Lawson,30,365,30.0
7909,West-Kihn,2019-10-23,2020-10-22,Elite Plus,North America,John Sacker,30,365,30.0
4621,Erdman Group,2020-06-14,2021-02-13,Classic,Europe,Judy Jacobs,20,244,29.92
7610,Mann-Baumbach,2019-05-13,2020-01-12,Classic,Latin America,Karl Long,20,244,29.92
4026,"Bode, Bartoletti and Schultz",2021-03-14,2022-03-13,Elite Plus,North America,John Sacker,29,364,29.08
8222,"D'Amore, Douglas and Hintz",2018-08-02,2019-08-01,Elite Plus,Europe,Walter Sacha,29,364,29.08
3305,"Norman, Beer and Kassulke",2020-08-16,2021-08-15,Classic,Latin America,Angelo Payne,29,364,29.08
1680,Roberts - Sipes,2020-08-03,2021-08-02,Classic,Latin America,Marshall Lawson,29,364,29.08
2346,Schmitt - Herman,2020-07-18,2021-07-17,Elite Plus,North America,Alton Hunt,29,364,29.08
3678,"Schmitt, Purdy and Reichel",2022-04-02,2023-04-01,Elite Plus,North America,Christopher Little,29,364,29.08
7165,Harvey PLC,2019-03-08,2020-03-07,Classic,North America,Christopher Little,29,365,29.0
8175,Olson-Gaverman,2019-11-07,2020-11-06,Classic,North America,Sonja Griffin,29,365,29.0
6777,Olson-Gaverman,2019-08-30,2020-08-29,Classic,North America,Sonja Griffin,29,365,29.0
7866,Jenkins PLC,2019-01-10,2020-01-09,Elite Plus,North America,Ramon Garcia,28,364,28.08
3153,Leannon Inc,2020-08-09,2021-08-08,Classic,Latin America,Walter Sacha,28,364,28.08
8130,Dicki PLC,2019-11-07,2020-11-06,Elite Plus,Europe,Patty Ingram,28,365,28.0
6566,"Gutmann, Brakus and Rutherford",2020-09-02,2021-09-02,Classic,North America,Christopher Little,28,365,28.0
7977,"Hauck, Cronin and Kunde",2019-08-28,2020-08-27,Classic,North America,Patty Ingram,28,365,28.0
3862,Douglas - Schaden,2021-03-24,2022-02-04,Elite Plus,North America,Cecelia Burgess,24,317,27.63
7271,Herzog-Bode,2018-09-13,2019-09-12,Classic,North America,Sonja Griffin,27,364,27.07
3796,"Leannon, Mills and Cronin",2022-06-22,2023-06-21,Elite Plus,North America,Aloyna Gregory,27,364,27.07
3070,"Stroman, McGlynn and Luettgen",2021-06-20,2022-06-19,Classic,North America,Alice Cole,27,364,27.07
6569,"Gutmann, Brakus and Rutherford",2020-12-01,2020-12-28,Classic,North America,Christopher Little,2,27,27.04
8243,"Cummings, Bednar and Gerlach",2018-03-08,2019-03-08,Classic,Europe,Cecelia Burgess,27,365,27.0
7966,"Kerluke, Breitenberg and Romaguera",2019-09-02,2020-09-01,Classic,Asia,Patty Ingram,27,365,27.0
6904,Robel Inc,2019-04-17,2020-04-16,Classic,North America,Walter Sacha,27,365,27.0
5702,Farrell and Sons,2021-10-07,2023-08-05,Elite Plus,North America,Marsha Aguilar,49,667,26.81
975,"Lubowitz, Franecki and Schuster",2021-12-26,2022-06-24,Elite Plus,Latin America,John Sacker,13,180,26.36
6166,"Dietrich, Larson and Murazik",2020-07-26,2021-06-25,Elite Plus,Europe,Christopher Little,24,334,26.23
8113,"Smitham, Collier and Kozey",2019-10-30,2020-10-29,Elite Plus,Europe,Alice Cole,26,365,26.0
2873,Bruen - Schinner,2021-09-26,2021-10-25,Classic,North America,Ramon Garcia,2,29,25.17
4008,"Cummerata, Legros and Kohler",2021-06-13,2021-07-12,Classic,Europe,Angelo Payne,2,29,25.17
286,Franecki Group,2021-05-13,2021-06-11,Classic,Europe,Aloyna Gregory,2,29,25.17
1608,Hessel Group,2021-06-12,2021-07-11,Classic,Latin America,Grant Cortez,2,29,25.17
5099,Hettinger - Reilly,2021-09-16,2021-10-15,Classic,Latin America,Cecelia Burgess,2,29,25.17
2937,Homenick - Jacobi,2021-06-27,2021-07-26,Classic,North America,Celia Clayton,2,29,25.17
3420,Waelchi - Botsford,2021-08-27,2021-09-25,Classic,Latin America,Walter Sacha,2,29,25.17
7174,Bayer LLC,2018-09-27,2019-09-26,Classic,North America,Cecelia Burgess,25,364,25.07
4027,"Bode, Bartoletti and Schultz",2020-12-26,2021-12-25,Elite Plus,North America,John Sacker,25,364,25.07
2072,Gleason and Sons,2021-03-19,2022-03-18,Elite Plus,North America,John Sacker,25,364,25.07
7293,Olson-Gaverman,2018-11-07,2019-11-06,Classic,North America,Sonja Griffin,25,364,25.07
6359,"Torp, Bosco and Agarwal",2020-12-07,2021-12-06,Elite Plus,North America,Christopher Little,25,364,25.07
6875,"Bernier, Fisher and Waelchi",2019-04-28,2020-04-27,Classic,North America,Walter Sacha,25,365,25.0
6751,"Hayes, Orn and Cassin",2020-10-02,2023-10-01,Classic,North America,Grant Cortez,74,1094,24.69
2009,"Altenwerth, Beahan and Buckridge",2021-05-25,2021-06-24,Classic,Latin America,Ross Hines,2,30,24.33
289,Franecki Group,2021-06-26,2021-07-26,Classic,Europe,Aloyna Gregory,2,30,24.33
292,Franecki Group,2021-05-04,2021-06-03,Classic,Europe,Aloyna Gregory,2,30,24.33
4764,Hagenes - Effertz,2021-02-05,2021-03-07,Classic,Europe,Dana Henderson,2,30,24.33
6079,Hudson Group,2021-08-30,2021-09-29,Classic,Europe,Patty Ingram,2,30,24.33
6075,Hudson Group,2021-05-30,2021-06-29,Classic,Europe,Patty Ingram,2,30,24.33
727,Huels - Mante,2021-06-28,2021-07-28,Classic,Latin America,Christopher Little,2,30,24.33
4259,Kshlerin Group,2021-03-16,2021-04-15,Classic,Latin America,Aloyna Gregory,2,30,24.33
6984,"Macejkovic, Zamber and Grady",2018-06-23,2018-07-23,Elite Plus,Latin America,Ramon Garcia,2,30,24.33
4279,"Nader, Gulgowski and Kshlerin",2021-01-02,2021-02-01,Classic,Latin America,Patty Ingram,2,30,24.33
2191,Pagac - Hermiston,2021-02-05,2021-03-07,Classic,Latin America,Lonnie May,2,30,24.33
2019,Roob - Halvorson,2021-08-02,2021-09-01,Classic,North America,Marsha Aguilar,2,30,24.33
3755,Runte Group,2021-02-07,2021-03-09,Classic,Latin America,Karl Long,2,30,24.33
3467,Runte LLC,2021-07-03,2021-08-02,Classic,North America,Sonja Griffin,2,30,24.33
3604,Schimmel - Weber,2021-07-22,2021-08-21,Classic,Latin America,Tomas Glover,2,30,24.33
6609,"Simonis, Boone and Swift",2021-08-13,2021-09-12,Classic,North America,Cecelia Burgess,2,30,24.33
1790,"Sipes, O'Hara and Okuneva",2021-07-12,2021-08-11,Classic,Latin America,Grant Cortez,2,30,24.33
2746,"Volkman, Ponting and Stanton",2021-02-15,2021-03-17,Classic,Europe,Karl Long,2,30,24.33
496,"Witting, Rogahn and Jerde",2021-07-09,2021-08-08,Classic,Europe,Christopher Little,2,30,24.33
2412,"Tromp, Gillespie and Pimpernel",2020-08-06,2021-07-05,Elite Plus,North America,Judy Jacobs,22,333,24.11
1631,Greenholt - Farrell,2020-08-17,2021-08-16,Elite Plus,Asia,Grant Cortez,24,364,24.07
5824,"Hilll, Friesen and O'Connell",2022-03-06,2023-03-05,Elite Plus,North America,Marsha Aguilar,24,364,24.07
7082,"Koss, Bayer and Bartell",2019-07-23,2020-07-22,Elite Plus,Asia,Grant Cortez,24,365,24.0
7641,Schulist Inc,2018-06-23,2019-01-23,Classic,North America,Patty Ingram,14,214,23.88
6325,"Pfannerstill, Kuphal and Kohler",2020-11-20,2021-11-19,Elite Plus,North America,Celia Clayton,23,364,23.06
7697,"Smitham, Bins and Bins",2018-12-24,2019-12-23,Classic,Europe,Marshall Lawson,23,364,23.06
6165,"Dietrich, Larson and Murazik",2023-02-25,2023-09-19,Elite Plus,Europe,Christopher Little,13,206,23.03
6852,Gutmann-Rice,2019-06-16,2020-06-15,Elite Plus,Latin America,Aloyna Gregory,23,365,23.0
2263,Jenkins - Kertzmann,2020-06-19,2021-06-18,Elite Plus,North America,Judy Jacobs,22,364,22.06
5922,Johnston Group,2020-04-28,2021-04-27,Elite Plus,North America,Frankie Fletcher,22,364,22.06
5930,Johnston Group,2020-03-31,2021-03-30,Elite Plus,North America,Frankie Fletcher,22,364,22.06
4761,Orn - Hamill,2020-06-14,2021-06-13,Classic,North America,Alice Cole,22,364,22.06
3727,Stehr LLC,2020-01-04,2021-01-02,Elite Plus,Asia,Tomas Glover,22,364,22.06
4967,Langosh Inc,2021-11-30,2023-11-29,Elite Plus,Europe,Cecelia Burgess,44,729,22.03
1846,Goodwin and Sons,2019-12-03,2020-12-02,Elite Plus,North America,Angelo Payne,22,365,22.0
7915,Kassulke-Barton,2019-08-20,2020-08-19,Classic,Europe,Walter Sacha,22,365,22.0
4613,Renner - Schiller,2023-03-09,2024-03-08,Elite Plus,North America,Judy Jacobs,22,365,22.0
4605,Renner - Schiller,2023-02-02,2024-02-02,Elite Plus,North America,Judy Jacobs,22,365,22.0
7539,Treutel-Muller,2018-05-08,2019-05-08,Classic,North America,Phil Baker,22,365,22.0
7219,Schuppe-Hills,2019-03-23,2019-09-22,Classic,North America,Angelo Payne,11,183,21.94
2283,"Hintz, Bogan and Breitenberg",2022-09-30,2024-09-29,Elite Plus,Europe,Marsha Aguilar,43,730,21.5
2408,"Tromp, Gillespie and Pimpernel",2021-08-28,2021-10-01,Elite Plus,North America,Judy Jacobs,2,34,21.47
6009,O'Connell - Lehner,2021-08-26,2024-08-25,Elite Plus,North America,Karl Long,64,1095,21.33
3829,Davis - Frami,2021-02-27,2022-02-26,Elite Plus,Europe,Dana Henderson,21,364,21.06
5566,Gislason LLC,2021-12-13,2022-12-12,Elite Plus,Asia,Marshall Lawson,21,364,21.06
1805,Schuster - Torp,2020-09-22,2021-09-21,Elite Plus,North America,Ramon Garcia,21,364,21.06
7997,"Jerde, Orn and Larson",2019-09-23,2020-09-22,Classic,North America,Alice Cole,21,365,21.0
8146,Jaskolski PLC,2019-11-22,2020-09-21,Elite Plus,North America,Patty Ingram,17,304,20.41
3367,"Blick, Bernier and Flatley",2020-03-09,2021-03-08,Classic,Latin America,Celia Clayton,20,364,20.05
2024,Kohler and Sons,2020-02-17,2021-02-15,Elite Plus,Europe,Ramon Garcia,20,364,20.05
6287,Kulas - Ryan,2020-03-21,2021-03-20,Elite Plus,North America,Christopher Little,20,364,20.05
30,Rippin - Rippin,2020-09-26,2021-09-25,Elite Plus,Europe,Phil Baker,20,364,20.05
7102,Schuster-D'Amore,2018-09-14,2019-09-13,Classic,North America,Alton Hunt,20,364,20.05
1427,"West, Toy and Cummings",2020-12-29,2021-12-28,Elite Plus,North America,Grant Cortez,20,364,20.05
969,"Lubowitz, Franecki and Schuster",2021-07-03,2022-01-02,Elite Plus,Latin America,John Sacker,10,183,19.95
7715,Wuckert-Hane,2019-05-02,2020-05-01,Classic,North America,Sonja Griffin,19,365,19.0
7054,Friesen and Sons,2018-12-24,2019-09-22,Classic,Europe,Ramon Garcia,14,272,18.79
2629,"Mayert, Murazik and Ernser",2020-12-05,2021-06-04,Elite Plus,North America,Jerald James,9,181,18.15
4416,"Koss, Jaskolski and O'Connell",2021-04-18,2022-04-17,Classic,North America,Karl Long,18,364,18.05
7969,Shields-Keebler,2019-09-23,2020-09-22,Elite Plus,Latin America,Marsha Aguilar,18,365,18.0
7157,"Sporer, Huel and Cremin",2019-07-23,2020-07-22,Classic,North America,Grant Cortez,18,365,18.0
6348,"Considine, Kuphal and Johnson",2020-04-18,2021-04-17,Elite Plus,North America,Frankie Fletcher,17,364,17.05
5938,Johnston Group,2021-03-04,2022-03-03,Elite Plus,North America,Frankie Fletcher,17,364,17.05
3930,Waugh - Hamill,2021-02-03,2022-02-02,Classic,Latin America,Christopher Little,17,364,17.05
4330,Jones - Kuhlman,2021-08-03,2023-08-02,Elite Plus,Latin America,Aloyna Gregory,34,729,17.02
5168,"Cronin, Frost and Ratke",2020-02-25,2021-02-24,Elite Plus,North America,Judy Jacobs,17,365,17.0
7976,Jaskolski PLC,2019-09-22,2020-09-21,Elite Plus,North America,Patty Ingram,17,365,17.0
4712,Padberg Inc,2020-05-16,2021-06-28,Elite Plus,North America,Phil Baker,19,408,17.0
2892,"Bernier, Metz and Fay",2021-04-01,2022-03-31,Elite Plus,North America,Grant Cortez,16,364,16.04
5008,Butler LLC,2020-07-14,2021-07-13,Classic,North America,Celia Clayton,16,364,16.04
2205,"Purdy, Howe and Cassin",2021-07-13,2022-07-12,Elite Plus,Europe,Marshall Lawson,16,364,16.04
7814,Wehner Inc,2019-02-04,2020-02-03,Classic,North America,Cecelia Burgess,16,364,16.04
4685,Wolf - Kemmer,2021-09-17,2022-09-16,Elite Plus,Asia,Micheal Williams,16,364,16.04
8133,Eichmann Ltd,2019-10-22,2020-10-21,Elite Plus,North America,Sonja Griffin,16,365,16.0
3326,Feil - Dickens,2021-05-02,2022-05-02,Classic,Asia,Christopher Little,16,365,16.0
2615,Marquardt LLC,2022-07-04,2023-01-03,Elite Plus,Latin America,Karl Long,8,183,15.96
4738,Jaskolski - Auer,2020-10-03,2021-10-02,Elite Plus,Europe,Aloyna Gregory,15,364,15.04
7616,Olson-Gaverman,2018-06-04,2019-06-03,Classic,North America,Sonja Griffin,15,364,15.04
3215,Vandervort - Upton,2019-12-04,2020-12-03,Elite Plus,North America,John Sacker,15,365,15.0
8041,West-Witting,2019-09-23,2020-09-22,Classic,North America,Celia Clayton,15,365,15.0
2886,"Bernier, Metz and Fay",2020-09-12,2021-09-11,Elite Plus,North America,Grant Cortez,14,364,14.04
3126,Brakus - Schimmel,2021-01-28,2022-01-27,Elite Plus,Europe,Judy Jacobs,14,364,14.04
6433,Purdy - Russel,2021-01-13,2022-01-12,Elite Plus,Latin America,Ross Hines,14,364,14.04
7522,Campbelll LLC,2019-09-23,2020-09-22,Classic,North America,Christopher Little,14,365,14.0
7277,Green-Cassin,2018-10-24,2019-10-23,Classic,North America,Sonja Griffin,13,364,13.04
7555,Heller and Sons,2018-01-23,2019-01-22,Elite Plus,North America,Patty Ingram,13,364,13.04
7820,Hilpert and Sons,2019-02-20,2020-02-19,Elite Plus,North America,Marsha Aguilar,13,364,13.04
5926,Johnston Group,2020-06-08,2021-06-07,Elite Plus,North America,Frankie Fletcher,13,364,13.04
3446,Konopelski - Mayer,2020-11-19,2021-11-18,Elite Plus,Europe,Karl Long,13,364,13.04
3431,"Lebsack, Dicki and Bosco",2020-04-03,2021-04-02,Elite Plus,Latin America,Frankie Fletcher,13,364,13.04
2389,"Hilll, Kohler and Brown",2023-02-24,2024-02-24,Elite Plus,Europe,Patty Ingram,13,365,13.0
7000,Olson-Gaverman,2019-06-04,2020-06-03,Classic,North America,Sonja Griffin,13,365,13.0
1263,"Bashirian, MacGyver and Gleichner",2021-11-09,2021-12-08,Classic,Latin America,Frankie Fletcher,1,29,12.59
2872,Bruen - Schinner,2021-07-06,2021-08-04,Classic,North America,Ramon Garcia,1,29,12.59
2842,Hilpert and Sons,2021-10-11,2021-11-09,Classic,North America,Marsha Aguilar,1,29,12.59
2843,Hilpert and Sons,2021-08-09,2021-09-07,Classic,North America,Marsha Aguilar,1,29,12.59
2834,Hilpert and Sons,2021-03-07,2021-04-05,Classic,North America,Marsha Aguilar,1,29,12.59
153,Jacobi Group,2021-08-20,2021-09-18,Classic,Latin America,Alice Cole,1,29,12.59
5048,"Reichert, Balistreri and Dicki",2021-08-16,2021-09-14,Classic,Latin America,Lonnie May,1,29,12.59
5038,"Reichert, Balistreri and Dicki",2021-03-26,2021-04-24,Classic,Latin America,Lonnie May,1,29,12.59
6124,Romaguera - Ziemann,2021-08-11,2021-09-09,Classic,Europe,Ramon Garcia,1,29,12.59
6318,Schumm - Bergstrom,2021-07-06,2021-08-04,Classic,North America,Tomas Glover,1,29,12.59
1697,Schumm - Feil,2021-04-23,2021-05-22,Classic,Latin America,Patty Ingram,1,29,12.59
916,"Lesch, Bernhard and Hills",2021-08-12,2023-02-25,Elite Plus,Europe,Jerald James,19,562,12.34
5174,"Abtel, Rumsfeld andTruman",2021-06-03,2021-07-03,Classic,Latin America,Micheal Williams,1,30,12.17
2369,Beahan Inc,2021-03-16,2021-04-15,Classic,North America,Ross Hines,1,30,12.17
1661,"Bernier, West and Pimpernel",2021-02-28,2021-03-30,Classic,Latin America,Lonnie May,1,30,12.17
4304,Bundel - Reichert,2021-02-08,2021-03-10,Classic,Asia,Christopher Little,1,30,12.17
4006,"Cummerata, Legros and Kohler",2021-05-23,2021-06-22,Classic,Europe,Angelo Payne,1,30,12.17
5780,Erdman - Macejkovic,2021-08-13,2021-09-12,Classic,North America,Grant Cortez,1,30,12.17
5784,Erdman - Macejkovic,2021-07-17,2021-08-16,Classic,North America,Grant Cortez,1,30,12.17
5781,Erdman - Macejkovic,2021-05-04,2021-06-03,Classic,North America,Grant Cortez,1,30,12.17
6568,"Gutmann, Brakus and Rutherford",2021-03-04,2021-04-03,Classic,North America,Christopher Little,1,30,12.17
4102,Hartmann - Bergstrom,2021-01-24,2021-02-23,Classic,Europe,Sonja Griffin,1,30,12.17
721,Huels - Mante,2021-04-12,2021-05-12,Classic,Latin America,Christopher Little,1,30,12.17
433,King and Sons,2021-09-06,2021-10-06,Classic,Latin America,Judy Jacobs,1,30,12.17
3662,Kuvalis LLC,2021-07-13,2021-08-12,Classic,Latin America,Sonja Griffin,1,30,12.17
569,Mann - Mauston,2021-05-20,2021-06-19,Classic,Latin America,Walter Sacha,1,30,12.17
3072,"Stroman, McGlynn and Luettgen",2021-05-21,2021-06-20,Classic,North America,Alice Cole,1,30,12.17
2055,Swift - Auer,2021-02-26,2021-03-28,Classic,Latin America,Christopher Little,1,30,12.17
7040,Goldner Ltd,2018-09-18,2019-09-17,Classic,North America,Tomas Glover,12,364,12.03
87,Haag LLC,2021-03-22,2022-03-21,Classic,Latin America,Celia Clayton,12,364,12.03
5826,"Hilll, Friesen and O'Connell",2022-03-01,2023-02-28,Elite Plus,North America,Marsha Aguilar,12,364,12.03
241,Nader LLC,2021-01-17,2022-01-16,Elite Plus,Europe,Marshall Lawson,12,364,12.03
2908,Sanford LLC,2020-08-06,2021-08-05,Elite Plus,North America,Alice Cole,12,364,12.03
5849,Weissnat Group,2020-10-12,2021-04-19,Elite Plus,North America,Patty Ingram,6,189,11.59
6342,Flatley - Tanner,2021-07-25,2022-07-24,Elite Plus,North America,Sonja Griffin,11,364,11.03
6475,Greenholt LLC,2020-08-13,2021-08-12,Elite Plus,Europe,Alton Hunt,11,364,11.03
2810,Mosciski - Prosacco,2021-03-08,2022-03-07,Elite Plus,North America,Aloyna Gregory,11,364,11.03
5259,Schmeler - Ankunding,2020-05-09,2021-05-08,Elite Plus,North America,John Sacker,11,364,11.03
5625,"Stiedemann, Labadie and Prosacco",2020-12-30,2021-12-29,Elite Plus,North America,Ramon Garcia,11,364,11.03
6080,Roob LLC,2020-07-08,2022-07-07,Elite Plus,Latin America,Tomas Glover,22,729,11.02
6834,Huels-Parker,2019-06-13,2020-06-12,Classic,North America,Marshall Lawson,11,365,11.0
7987,Jaskolski PLC,2019-09-22,2020-09-21,Elite Plus,North America,Patty Ingram,11,365,11.0
7875,Rosenbaum-Ziemann,2018-07-01,2018-12-23,Classic,North America,Walter Sacha,5,175,10.43
4533,Reynolds LLC,2021-08-20,2022-03-21,Elite Plus,North America,Marsha Aguilar,6,213,10.28
3014,Gammendor - Frost,2021-03-23,2022-03-22,Elite Plus,Europe,Frankie Fletcher,10,364,10.03
6419,"Quigley, Veum and Reilly",2021-04-25,2022-04-24,Elite Plus,North America,Angelo Payne,10,364,10.03
3271,Rutherford Inc,2020-08-20,2021-08-19,Elite Plus,North America,Judy Jacobs,10,364,10.03
7160,Friesen and Sons,2019-04-22,2020-04-21,Classic,Europe,Ramon Garcia,10,365,10.0
3785,Erdman and Sons,2020-06-03,2022-10-24,Elite Plus,Europe,Cecelia Burgess,22,873,9.2
2384,"Hilll, Kohler and Brown",2022-01-13,2023-01-12,Elite Plus,Europe,Patty Ingram,9,364,9.02
7449,Kris Group,2018-06-23,2019-06-22,Classic,North America,Ramon Garcia,9,364,9.02
5253,Schmeler - Ankunding,2020-08-11,2021-08-10,Elite Plus,North America,John Sacker,9,364,9.02
7079,Shanahan-McKinnon,2018-09-06,2019-09-05,Classic,North America,Frankie Fletcher,9,364,9.02
2140,"Swaniawski, Orn and Smitham",2021-11-17,2022-11-16,Elite Plus,Europe,Celia Clayton,9,364,9.02
7806,Wehner Inc,2019-02-04,2020-02-03,Classic,North America,Cecelia Burgess,9,364,9.02
8150,Albertson-Belfact,2019-11-26,2020-11-25,Elite Plus,Asia,Grant Cortez,9,365,9.0
7133,Ziemann PLC,2019-03-09,2020-03-08,Classic,Europe,Phil Baker,9,365,9.0
7508,Mills and Sons,2018-11-23,2019-02-20,Classic,North America,Alice Cole,2,89,8.2
2401,"Tromp, Gillespie and Pimpernel",2021-05-01,2021-07-30,Elite Plus,North America,Judy Jacobs,2,90,8.11
7126,"Barton, Hammes and Deckow",2018-11-22,2019-11-21,Classic,Latin America,Frankie Fletcher,8,364,8.02
1412,Cronin - Lehner,2020-09-26,2021-09-25,Elite Plus,North America,Karl Long,8,364,8.02
2030,Kohler and Sons,2021-01-16,2022-01-15,Elite Plus,Europe,Ramon Garcia,8,364,8.02
3062,Marks LLC,2021-09-06,2022-09-05,Elite Plus,Asia,Lonnie May,8,364,8.02
8147,Goyette-Kassulke,2019-11-23,2020-11-22,Classic,Europe,John Sacker,8,365,8.0
7121,Roob-Hoppe,2019-04-05,2020-03-04,Elite Plus,Latin America,Phil Baker,7,334,7.65
7136,Bruen-Oberbrunner,2018-12-11,2019-12-10,Classic,North America,Grant Cortez,7,364,7.02
3533,Crist Group,2020-04-22,2021-04-21,Elite Plus,Asia,Walter Sacha,7,364,7.02
654,"Goodwin, O'Reilly and Buckridge",2020-10-24,2021-10-23,Elite Plus,North America,Judy Jacobs,7,364,7.02
5924,Johnston Group,2020-07-30,2021-07-29,Elite Plus,North America,Frankie Fletcher,7,364,7.02
7809,"Steuber, Doyle and Bode",2019-02-21,2020-02-21,Classic,North America,Lonnie May,7,365,7.0
1413,Cronin - Lehner,2020-12-17,2021-12-16,Elite Plus,North America,Karl Long,6,364,6.02
1006,Larson - Bundel,2024-07-04,2025-01-02,Elite Plus,North America,Angelo Payne,3,182,6.02
574,Schinner LLC,2020-04-10,2021-04-09,Elite Plus,North America,Marshall Lawson,6,364,6.02
8076,"Bogisich, Welch and Beahan",2019-10-30,2020-10-29,Classic,Asia,Judy Jacobs,6,365,6.0
2931,Harris Inc,2019-12-21,2020-12-20,Elite Plus,Latin America,Jerald James,6,365,6.0
6930,Kuhlman Inc,2019-06-21,2020-06-20,Elite Plus,North America,Sonja Griffin,6,365,6.0
8010,Mayer LLC,2019-09-05,2020-09-04,Elite Plus,Europe,Alice Cole,6,365,6.0
7089,Reichel-Heidenreich,2019-06-20,2020-06-19,Classic,Europe,Patty Ingram,6,365,6.0
6906,"Rowe, Wyman and Rau",2019-06-03,2020-06-02,Elite Plus,Latin America,Dana Henderson,6,365,6.0
5304,Nikolaus - Daniel,2020-10-10,2023-05-09,Elite Plus,Europe,John Sacker,15,941,5.82
4469,Zemlak Group,2020-04-04,2022-11-03,Elite Plus,North America,Celia Clayton,14,943,5.42
6650,SchoStantner - Miller,2021-06-06,2022-08-05,Elite Plus,North America,Tomas Glover,6,425,5.15
4022,"Bode, Bartoletti and Schultz",2021-04-04,2022-04-03,Elite Plus,North America,John Sacker,5,364,5.01
5863,"Dicki, Bosco and Rempel",2020-09-29,2021-09-28,Elite Plus,North America,Grant Cortez,5,364,5.01
5711,Heaney - Dickinson,2020-08-17,2021-08-16,Elite Plus,North America,Judy Jacobs,5,364,5.01
7562,Jakubowski-Schneider,2018-06-20,2019-06-19,Classic,North America,Judy Jacobs,5,364,5.01
234,Nader LLC,2020-04-07,2021-04-06,Elite Plus,Europe,Marshall Lawson,5,364,5.01
5251,Schmeler - Ankunding,2020-06-10,2021-06-09,Elite Plus,North America,John Sacker,5,364,5.01
2659,"D'Amore, Bechel and Bechel",2019-12-19,2020-12-18,Classic,North America,Patty Ingram,5,365,5.0
7917,"Gaverman, Kessler and Rolfson",2019-12-22,2020-12-21,Classic,North America,John Sacker,5,365,5.0
7702,"Gaylord, Reilly and Watsica",2018-12-28,2019-10-27,Elite Plus,Latin America,Jerald James,4,303,4.82
7347,Hudson Group,2018-12-23,2019-06-22,Classic,North America,Patty Ingram,2,181,4.03
1259,"Bashirian, MacGyver and Gleichner",2020-03-11,2021-03-11,Classic,Latin America,Frankie Fletcher,4,365,4.0
7654,"Schulist, Luettgen and Miller",2018-02-21,2018-09-22,Classic,North America,Jerald James,2,213,3.43
7924,"Muller, Durgan and Schumm",2019-08-28,2020-07-30,Elite Plus,Latin America,Marsha Aguilar,3,337,3.25
4096,Hartmann - Bergstrom,2020-09-08,2021-09-07,Classic,Europe,Sonja Griffin,3,364,3.01
7730,King-Runte,2018-05-28,2019-05-27,Classic,Latin America,Walter Sacha,3,364,3.01
2580,"Marks, Russel and Hudson",2020-04-11,2021-04-10,Elite Plus,North America,Alice Cole,3,364,3.01
7790,"Norman, Lakin and Lesch",2019-02-07,2020-02-06,Classic,Europe,Alice Cole,3,364,3.01
7698,"Smitham, Bins and Bins",2018-12-24,2019-12-23,Classic,Europe,Marshall Lawson,3,364,3.01
7871,"Stanton, Homenick and Donnelly",2018-06-21,2019-06-20,Classic,North America,Cecelia Burgess,3,364,3.01
7064,Feil-Reilly,2019-03-28,2020-03-27,Classic,North America,Micheal Williams,3,365,3.0
7167,Friesen and Sons,2019-04-22,2020-04-21,Classic,Europe,Ramon Garcia,3,365,3.0
8020,Mayer LLC,2019-09-05,2020-09-04,Elite Plus,Europe,Alice Cole,3,365,3.0
7428,"Rumsfeld, Senger and Murazik",2018-01-02,2019-01-02,Elite Plus,Latin America,Jerald James,3,365,3.0
7156,"Sporer, Huel and Cremin",2019-07-23,2020-07-22,Classic,North America,Grant Cortez,3,365,3.0
2279,"Hintz, Bogan and Breitenberg",2022-09-03,2024-09-02,Elite Plus,Europe,Marsha Aguilar,5,730,2.5
1918,Gupta - Hessel,2021-06-22,2022-09-20,Elite Plus,Europe,Angelo Payne,3,455,2.41
7400,Cassle Inc,2018-07-20,2019-07-19,Classic,North America,John Sacker,2,364,2.01
4043,Erdman Group,2021-10-11,2022-10-10,Elite Plus,North America,Judy Jacobs,2,364,2.01
3336,"Gupta,Agarwal and Nolan",2020-04-03,2021-04-02,Classic,Asia,Tomas Glover,2,364,2.01
6432,Purdy - Russel,2021-02-10,2022-02-09,Elite Plus,Latin America,Ross Hines,2,364,2.01
116,"Gerhold, Moen and D'Amore",2020-09-18,2021-09-18,Classic,Latin America,Judy Jacobs,2,365,2.0
4140,Reichert - Hirthe,2020-02-05,2021-02-04,Elite Plus,North America,Alice Cole,2,365,2.0
5012,Butler LLC,2020-10-18,2021-11-17,Classic,North America,Celia Clayton,2,395,1.85
2242,D'Amore Group,2020-09-07,2021-04-03,Classic,North America,Karl Long,1,208,1.75
6275,"Lubowitz, Schultz and Hilpert",2020-10-27,2023-10-26,Elite Plus,Europe,Frankie Fletcher,5,1094,1.67
8198,Jacobi-Butler,2018-09-19,2019-09-18,Classic,Europe,Micheal Williams,1,364,1.0
5921,Johnston Group,2020-07-07,2021-07-06,Elite Plus,North America,Frankie Fletcher,1,364,1.0
6417,"Quigley, Veum and Reilly",2021-02-04,2022-02-03,Elite Plus,North America,Angelo Payne,1,364,1.0
1677,Roberts - Sipes,2020-04-06,2021-04-05,Classic,Latin America,Marshall Lawson,1,364,1.0
1323,Stiedemann Group,2020-11-19,2021-11-18,Elite Plus,North America,Alice Cole,1,364,1.0
6826,Jakubowski-Schneider,2019-06-20,2020-06-19,Classic,North America,Judy Jacobs,1,365,1.0
7937,"Schulist, Luettgen and Miller",2019-09-23,2020-09-22,Classic,North America,Jerald James,1,365,1.0
8129,Sipes PLC,2019-11-18,2020-11-17,Classic,North America,Celia Clayton,1,365,1.0
820,Schimmel LLC,2021-01-29,2024-01-30,Elite Plus,North America,Ramon Garcia,2,1096,0.67
6279,Blanda - Kerluke,2021-05-22,2021-06-21,Classic,Latin America,Celia Clayton,0,30,0.0
7944,Cremin-Wolff,2019-10-08,2020-10-07,Classic,North America,Sonja Griffin,0,365,0.0
4003,"Cummerata, Legros and Kohler",2021-06-02,2021-07-01,Classic,Europe,Angelo Payne,0,29,0.0
291,Franecki Group,2021-03-13,2021-04-11,Classic,Europe,Aloyna Gregory,0,29,0.0
4101,Hartmann - Bergstrom,2021-05-26,2021-06-25,Classic,Europe,Sonja Griffin,0,30,0.0
2839,Hilpert and Sons,2021-07-17,2021-08-16,Classic,North America,Marsha Aguilar,0,30,0.0
5076,Kuhlman - Schumm,2020-11-19,2020-12-16,Classic,Asia,Ross Hines,0,27,0.0
3748,Runte Group,2020-11-05,2020-12-05,Classic,Latin America,Karl Long,0,30,0.0
7049,Schuppe-Hills,2018-08-23,2019-08-22,Classic,North America,Angelo Payne,0,364,0.0
3931,Waugh - Hamill,2021-02-26,2021-03-28,Classic,Latin America,Christopher Little,0,30,0.0
